retailer_product_id,category
114779,baby
135804,baby
166353,baby
310507,baby
395973,baby
1007071,baby
1007107,baby
1023260,baby
1023271,baby
1023282,baby
1055460,baby
1055471,baby
1055482,baby
1055493,baby
1055507,baby
1055518,baby
1077532,baby
1092274,baby
1092296,baby
1108909,baby
1114923,baby
1114934,baby
1115198,baby
1115303,baby
1115325,baby
1115336,baby
1115358,baby
1115369,baby
1143965,baby
1143976,baby
1143987,baby
1143998,baby
1144006,baby
1144028,baby
1144039,baby
1144040,baby
1144050,baby
1144061,baby
1144083,baby
1144094,baby
1144120,baby
1144130,baby
1144152,baby
1144174,baby
1144312,baby
1144345,baby
1144356,baby
1144390,baby
1144458,baby
1144470,baby
1144560,baby
1144618,baby
1144640,baby
1145166,baby
1188464,baby
1189398,baby
1204560,baby
1223419,baby
1256826,baby
1282371,baby
1282382,baby
1282393,baby
1282418,baby
1282429,baby
1282430,baby
1282440,baby
1282451,baby
1282462,baby
1282473,baby
1282509,baby
1282520,baby
1282564,baby
1282575,baby
1282586,baby
1301862,baby
1301873,baby
1301884,baby
1301895,baby
1301909,baby
1315878,baby
1329952,baby
1331353,baby
1363644,baby
1363677,baby
1363688,baby
1383062,baby
1383437,baby
1384994,baby
1385239,baby
1402688,baby
1408855,baby
1408866,baby
1408877,baby
1408924,baby
1408935,baby
1408946,baby
1408957,baby
1422233,baby
1422674,baby
1442911,baby
1444633,baby
1474260,baby
1474270,baby
1474281,baby
1481141,baby
1499307,baby
1510840,baby
1514499,baby
1516188,baby
1516199,baby
1601254,baby
1601276,baby
1601731,baby
1601742,baby
1601775,baby
1601800,baby
1601811,baby
1601822,baby
1601833,baby
1601855,baby
1608468,baby
1620747,baby
1622549,baby
1622800,baby
1707743,baby
1707776,baby
1707798,baby
1707801,baby
1710034,baby
1719006,baby
1719017,baby
1719028,baby
1719039,baby
1719040,baby
1719050,baby
1719061,baby
1719072,baby
1719163,baby
1719174,baby
1719844,baby
1719855,baby
1719866,baby
1719877,baby
1721471,baby
1734225,baby
1746031,baby
1747384,baby
1747409,baby
1750899,baby
1757560,baby
1783559,baby
1815076,baby
1819204,baby
1819328,baby
1819394,baby
1819703,baby
1819725,baby
1819747,baby
1819769,baby
1819770,baby
1819780,baby
1819791,baby
1819838,baby
1819849,baby
1819850,baby
1819860,baby
1828941,baby
1828974,baby
1838617,baby
1838774,baby
1838832,baby
1838854,baby
1838865,baby
1839063,baby
1846706,baby
1848155,baby
1848938,baby
1848950,baby
1848971,baby
1849001,baby
1854351,baby
1854409,baby
1854442,baby
1854533,baby
1854555,baby
2011100,baby
2011121,baby
2065867,baby
2065878,baby
2123227,baby
2131553,baby
2134256,baby
2134289,baby
2134303,baby
2134325,baby
2134336,baby
2134347,baby
2134358,baby
2134369,baby
2153308,baby
2153352,baby
2270630,baby
2364948,baby
2365099,baby
2365146,baby
2365157,baby
2366681,baby
2366740,baby
2367367,baby
2391601,baby
2459261,baby
2622464,baby
2622497,baby
2666867,baby
2737386,baby
2737568,baby
2738505,baby
2738516,baby
2738527,baby
2800347,baby
2800711,baby
2800799,baby
2800846,baby
2803200,baby
2847373,baby
2848230,baby
2848241,baby
2848252,baby
2848263,baby
2848274,baby
2848300,baby
2916669,baby
2917005,baby
2918846,baby
2920655,baby
2930932,baby
3018374,baby
3018556,baby
3018807,baby
3018830,baby
3018862,baby
3018884,baby
3018909,baby
3018910,baby
3025063,baby
3025609,baby
3025722,baby
3025766,baby
3025813,baby
3025824,baby
3025835,baby
3025846,baby
3029600,baby
3035930,baby
3114709,baby
3114855,baby
3155863,baby
3157596,baby
3176604,baby
3185263,baby
3271445,baby
3273407,baby
3288787,baby
3288812,baby
3288834,baby
3288845,baby
3292649,baby
3292718,baby
3292795,baby
3292809,baby
3293110,baby
3301116,baby
3301127,baby
3301138,baby
3301149,baby
3301150,baby
3315019,baby
3414768,baby
3417325,baby
3419105,baby
3445932,baby
3445943,baby
3445954,baby
3454933,baby
3469340,baby
3469373,baby
3469384,baby
3478942,baby
3479038,baby
3499454,baby
3499670,baby
3499771,baby
3499782,baby
3501691,baby
3505772,baby
3505932,baby
3506833,baby
3506855,baby
3506899,baby
3506902,baby
3508850,baby
3510207,baby
3511968,baby
3511980,baby
3512100,baby
3512155,baby
3534180,baby
3534216,baby
3535026,baby
3567099,baby
3594160,baby
3597362,baby
3597384,baby
3597395,baby
3609789,baby
3609803,baby
3613877,baby
3613899,baby
3613902,baby
3620191,baby
3620227,baby
3620238,baby
3620249,baby
3620330,baby
3625082,baby
3671895,baby
3671920,baby
3672945,baby
3704815,baby
3704892,baby
3710691,baby
3710705,baby
3710727,baby
3720753,baby
3720764,baby
3720775,baby
3720786,baby
3720797,baby
3720800,baby
3720866,baby
3720877,baby
3720899,baby
3720913,baby
3720935,baby
3720946,baby
3732639,baby
3732650,baby
3732672,baby
3734452,baby
3745109,baby
3746917,baby
3746961,baby
3746983,baby
3747013,baby
3752159,baby
3752170,baby
3752206,baby
3752239,baby
3754187,baby
3754198,baby
3757640,baby
3757651,baby
3760408,baby
3766357,baby
3766448,baby
3766459,baby
3766460,baby
3767451,baby
3767473,baby
3769479,baby
3772473,baby
3773261,baby
3773272,baby
3773498,baby
3774140,baby
3774151,baby
3778006,baby
3778017,baby
3779224,baby
3779235,baby
3784213,baby
3784224,baby
3785930,baby
3817980,baby
3826812,baby
3833851,baby
3839530,baby
3839745,baby
3840562,baby
3840573,baby
3841565,baby
3849239,baby
3961931,baby
3962016,baby
3962038,baby
3962049,baby
3998013,baby
3998024,baby
4145708,baby
4145934,baby
4150071,baby
4150093,baby
4150129,baby
4151992,baby
4154990,baby
4155406,baby
4158890,baby
4158936,baby
4159145,baby
4159611,baby
4161668,baby
4161690,baby
4161840,baby
4161883,baby
4161974,baby
4161996,baby
4162398,baby
4162536,baby
4162616,baby
4162922,baby
4162944,baby
4162999,baby
4163051,baby
4163346,baby
4163390,baby
4163437,baby
4163470,baby
4165137,baby
4165148,baby
4165159,baby
4165160,baby
4165170,baby
4186104,baby
4205424,baby
4205901,baby
4209516,baby
4253788,baby
4253799,baby
4253824,baby
4253846,baby
4277367,baby
4277389,baby
4277390,baby
4277607,baby
4277630,baby
4277640,baby
4279963,baby
4281310,baby
4289628,baby
4289640,baby
4317778,baby
4317789,baby
4586011,baby
4590697,baby
4590733,baby
4991905,baby
4992078,baby
4992090,baby
4992307,baby
4992330,baby
4992511,baby
4992599,baby
5015843,baby
5020763,baby
5023546,baby
5023580,baby
5025370,baby
5025552,baby
5033583,baby
5033663,baby
5033685,baby
5033845,baby
5044069,baby
5044091,baby
5044670,baby
5044692,baby
5045924,baby
5045979,baby
5046600,baby
5046632,baby
5046643,baby
5047090,baby
5047103,baby
5052850,baby
5052861,baby
5055860,baby
5055940,baby
5062934,baby
5063074,baby
5063813,baby
5063835,baby
5064033,baby
5064146,baby
5112373,baby
5112395,baby
5112409,baby
5118008,baby
5118030,baby
5118074,baby
5236897,baby
5236911,baby
5239658,baby
5239669,baby
5239680,baby
5239691,baby
5241412,baby
5241842,baby
5242685,baby
5243145,baby
5245016,baby
5245049,baby
5245107,baby
5245130,baby
5245151,baby
5253637,baby
5254629,baby
5331082,baby
5331402,baby
5335505,baby
5349791,baby
5356629,baby
5356913,baby
5356935,baby
5356957,baby
5356979,baby
5379690,baby
5381262,baby
5420524,baby
5420535,baby
5487693,baby
5488186,baby
5488244,baby
5488266,baby
5488299,baby
5527903,baby
5527936,baby
5578664,baby
5725485,baby
5742804,baby
5823892,baby
5974264,baby
6026834,baby
6026856,baby
6027076,baby
6027087,baby
6027112,baby
6027167,baby
6027178,baby
6027189,baby
6038006,baby
6060130,baby
6065950,baby
6066023,baby
6082992,baby
6124480,baby
6134804,baby
6179551,baby
6184391,baby
6187265,baby
6187301,baby
6199606,baby
6248053,baby
6251717,baby
6252469,baby
6293579,baby
6293648,baby
6293659,baby
6293660,baby
6295290,baby
6295304,baby
6295326,baby
6295440,baby
6295450,baby
6295520,baby
6295541,baby
6295552,baby
6295563,baby
6295574,baby
6295585,baby
6295676,baby
6295687,baby
6295698,baby
6320558,baby
6336296,baby
6383150,baby
6396844,baby
6396866,baby
6396980,baby
6398737,baby
6399707,baby
6438172,baby
6448799,baby
6448824,baby
6487735,baby
6579550,baby
6579607,baby
6579629,baby
6579630,baby
6579640,baby
6607600,baby
6613239,baby
6763800,baby
6802559,baby
6803008,baby
6803100,baby
6803110,baby
6803890,baby
6803904,baby
6846973,baby
6861070,baby
6894579,baby
6928499,baby
6928659,baby
6957420,baby
6988515,baby
7036458,baby
7060656,baby
7060725,baby
7060769,baby
7060940,baby
7060995,baby
7061047,baby
7061116,baby
7061615,baby
7062673,baby
7062822,baby
7062866,baby
7062946,baby
7069956,baby
7069990,baby
7073046,baby
7085362,baby
7087765,baby
7105404,baby
7105459,baby
7105506,baby
7127156,baby
7210351,baby
7210373,baby
7259907,baby
7268680,baby
7269092,baby
7436514,baby
7572126,baby
7572228,baby
7572239,baby
7684640,baby
7684662,baby
7684684,baby
7711277,baby
7713829,baby
7713997,baby
7714016,baby
7714049,baby
7730624,baby
7730840,baby
7733189,baby
7749881,baby
7760476,baby
7761060,baby
7761129,baby
7916098,baby
8016853,baby
8017506,baby
8017620,baby
8017641,baby
8017732,baby
8017776,baby
8017787,baby
8017798,baby
8017812,baby
8017823,baby
8017845,baby
8017856,baby
8017878,baby
8017889,baby
8017890,baby
8017903,baby
8017914,baby
8017925,baby
8017936,baby
8017958,baby
8017969,baby
8017970,baby
8131680,baby
8146189,baby
8146269,baby
8146371,baby
8146393,baby
8146418,baby
8146542,baby
8146677,baby
8146699,baby
8147669,baby
8147986,baby
8148548,baby
8148617,baby
8148628,baby
8148661,baby
8148708,baby
8148832,baby
8148854,baby
8148887,baby
8148901,baby
8148945,baby
8151688,baby
8152024,baby
8152035,baby
8152046,baby
8160612,baby
8160645,baby
8160714,baby
8160805,baby
8160940,baby
8161455,baby
8161524,baby
8161590,baby
8161615,baby
8161660,baby
8166492,baby
8166539,baby
8167123,baby
8167327,baby
8167371,baby
8169956,baby
8174130,baby
8174286,baby
8174333,baby
8174504,baby
8174741,baby
8174876,baby
8175212,baby
8175223,baby
8347577,baby
8359485,baby
8383300,baby
8383333,baby
8383413,baby
8387720,baby
8387731,baby
8387742,baby
8387753,baby
8389850,baby
8389872,baby
8390623,baby
8390634,baby
8390725,baby
8390770,baby
8390827,baby
8390860,baby
8391433,baby
8401344,baby
8402405,baby
8402427,baby
8402438,baby
8402595,baby
8402697,baby
8402824,baby
8403441,baby
8403623,baby
8403634,baby
8403656,baby
8403689,baby
8403769,baby
8403940,baby
8404604,baby
8404852,baby
8404921,baby
8405640,baby
8405651,baby
8407067,baby
8407544,baby
8407577,baby
8407588,baby
8407657,baby
8407668,baby
8407679,baby
8408150,baby
8408718,baby
8408820,baby
8409110,baby
8409120,baby
8409131,baby
8409142,baby
8409164,baby
8409991,baby
8410083,baby
8410287,baby
8410403,baby
8419350,baby
8419372,baby
8419598,baby
8419656,baby
8420407,baby
8420509,baby
8421170,baby
8421206,baby
8423019,baby
8423085,baby
8423165,baby
8423198,baby
8423223,baby
8423245,baby
8423256,baby
8423369,baby
8476445,baby
8476467,baby
8476503,baby
8476536,baby
8477710,baby
8478010,baby
8481321,baby
8481387,baby
8481398,baby
8481467,baby
8481490,baby
8481514,baby
8481525,baby
8481547,baby
8481570,baby
8481580,baby
8481605,baby
8481616,baby
8481627,baby
8481638,baby
8481660,baby
8481730,baby
8505124,baby
8505135,baby
8505146,baby
8505157,baby
8505179,baby
8537131,baby
8578671,baby
8582500,baby
8584153,baby
8593176,baby
8760904,baby
8771988,baby
8837317,baby
8842248,baby
8900989,baby
8913346,baby
8953850,baby
8953861,baby
8971885,baby
8971896,baby
8971943,baby
8988935,baby
8989086,baby
8996875,baby
8997018,baby
9009795,baby
9009810,baby
9088598,baby
9152595,baby
9153780,baby
9192749,baby
9193082,baby
9194981,baby
9208099,baby
9223434,baby
9223445,baby
9223638,baby
9224084,baby
9224095,baby
9224109,baby
9224142,baby
9224153,baby
9224211,baby
9226680,baby
9240808,baby
9263290,baby
9263304,baby
9263315,baby
9263326,baby
9263348,baby
9263392,baby
9263428,baby
9263440,baby
9263461,baby
9263472,baby
9263483,baby
9263494,baby
9263508,baby
9263519,baby
9277149,baby
9322527,baby
9522049,baby
9563320,baby
9563352,baby
9636070,baby
9636106,baby
9708670,baby
9767080,baby
9859814,baby
9860416,baby
9860427,baby
9860438,baby
9936187,baby
9960410,baby
9960476,baby
9960487,baby
9960501,baby
1047,bakery
54000,bakery
116989,bakery
128183,bakery
138074,bakery
197732,bakery
212790,bakery
224267,bakery
292223,bakery
293099,bakery
332383,bakery
332394,bakery
459125,bakery
1032421,bakery
1032830,bakery
1033209,bakery
1038483,bakery
1048137,bakery
1048148,bakery
1048159,bakery
1048181,bakery
1050503,bakery
1050730,bakery
1050762,bakery
1068190,bakery
1089305,bakery
1089349,bakery
1089429,bakery
1089553,bakery
1089848,bakery
1089859,bakery
1089892,bakery
1089906,bakery
1089917,bakery
1089928,bakery
1089939,bakery
1089940,bakery
1089950,bakery
1139480,bakery
1142033,bakery
1159003,bakery
1296445,bakery
1308216,bakery
1309241,bakery
1309274,bakery
1311414,bakery
1325871,bakery
1330805,bakery
1334410,bakery
1349461,bakery
1386537,bakery
1386606,bakery
1387132,bakery
1387154,bakery
1387165,bakery
1390873,bakery
1402655,bakery
1422244,bakery
1422288,bakery
1445421,bakery
1445884,bakery
1445895,bakery
1445909,bakery
1445920,bakery
1460389,bakery
1488934,bakery
1500304,bakery
1504757,bakery
1504779,bakery
1504815,bakery
1504837,bakery
1504860,bakery
1506719,bakery
1508270,bakery
1515458,bakery
1515469,bakery
1518220,bakery
1518693,bakery
1518707,bakery
1518795,bakery
1534306,bakery
1545980,bakery
1565150,bakery
1565172,bakery
1565208,bakery
1565241,bakery
1565263,bakery
1589396,bakery
1589410,bakery
1593236,bakery
1593305,bakery
1594840,bakery
1594862,bakery
1597124,bakery
1597180,bakery
1600466,bakery
1600488,bakery
1600499,bakery
1600524,bakery
1600535,bakery
1600546,bakery
1600557,bakery
1600568,bakery
1609325,bakery
1633738,bakery
1638152,bakery
1639676,bakery
1639756,bakery
1639847,bakery
1647164,bakery
1649545,bakery
1649556,bakery
1673969,bakery
1674010,bakery
1674021,bakery
1682879,bakery
1690050,bakery
1700030,bakery
1705271,bakery
1711321,bakery
1711660,bakery
1711922,bakery
1725064,bakery
1727773,bakery
1734666,bakery
1734768,bakery
1743962,bakery
1751916,bakery
1758198,bakery
1777410,bakery
1789952,bakery
1800931,bakery
1800942,bakery
1800953,bakery
1823074,bakery
1824882,bakery
1824893,bakery
1826720,bakery
1826731,bakery
1841804,bakery
1841826,bakery
1845747,bakery
1845769,bakery
1845930,bakery
1845940,bakery
1845951,bakery
1855456,bakery
1856492,bakery
1856517,bakery
1858320,bakery
1858330,bakery
1858341,bakery
1858352,bakery
1858363,bakery
1858374,bakery
1858385,bakery
1875679,bakery
1875715,bakery
1875792,bakery
1875872,bakery
1875952,bakery
1897682,bakery
1898903,bakery
1917917,bakery
1917928,bakery
1967369,bakery
1987162,bakery
1997166,bakery
1997177,bakery
2003338,bakery
2003349,bakery
2004818,bakery
2006234,bakery
2061196,bakery
2067341,bakery
2107606,bakery
2108960,bakery
2108981,bakery
2108992,bakery
2120207,bakery
2120218,bakery
2132192,bakery
2151324,bakery
2151970,bakery
2270436,bakery
2298297,bakery
2358333,bakery
2360380,bakery
2360890,bakery
2361189,bakery
2363300,bakery
2390697,bakery
2390744,bakery
2409274,bakery
2409285,bakery
2409296,bakery
2409300,bakery
2409310,bakery
2471234,bakery
2492391,bakery
2563489,bakery
2563740,bakery
2563762,bakery
2591940,bakery
2592079,bakery
2603798,bakery
2607380,bakery
2649471,bakery
2649482,bakery
2649493,bakery
2678797,bakery
2679042,bakery
2715816,bakery
2724920,bakery
2728964,bakery
2748032,bakery
2759913,bakery
2762237,bakery
2792704,bakery
2796396,bakery
2834225,bakery
2834247,bakery
2847726,bakery
2862016,bakery
2864190,bakery
2872643,bakery
2877727,bakery
2901978,bakery
2901989,bakery
2902427,bakery
2915724,bakery
2917050,bakery
2917060,bakery
2917720,bakery
2917752,bakery
2917785,bakery
2917821,bakery
2918165,bakery
2918868,bakery
2941203,bakery
2941214,bakery
2995982,bakery
2995993,bakery
3002170,bakery
3003661,bakery
3018013,bakery
3018024,bakery
3018057,bakery
3022247,bakery
3081315,bakery
3110650,bakery
3163409,bakery
3163410,bakery
3163431,bakery
3179657,bakery
3179680,bakery
3207581,bakery
3207592,bakery
3216913,bakery
3217654,bakery
3226746,bakery
3237185,bakery
3237196,bakery
3237899,bakery
3237913,bakery
3237957,bakery
3237968,bakery
3245037,bakery
3245048,bakery
3258607,bakery
3259687,bakery
3259701,bakery
3295636,bakery
3299568,bakery
3301681,bakery
3301692,bakery
3301706,bakery
3307633,bakery
3313760,bakery
3340253,bakery
3340344,bakery
3340730,bakery
3340763,bakery
3340843,bakery
3362960,bakery
3362970,bakery
3375826,bakery
3375848,bakery
3377005,bakery
3378289,bakery
3378290,bakery
3378303,bakery
3378314,bakery
3378325,bakery
3384430,bakery
3384893,bakery
3384907,bakery
3384918,bakery
3384930,bakery
3397910,bakery
3400901,bakery
3401085,bakery
3401212,bakery
3401325,bakery
3446630,bakery
3446673,bakery
3446710,bakery
3452610,bakery
3466047,bakery
3467323,bakery
3475490,bakery
3476925,bakery
3498702,bakery
3498859,bakery
3512541,bakery
3515550,bakery
3515561,bakery
3534271,bakery
3534282,bakery
3534293,bakery
3534307,bakery
3534318,bakery
3558247,bakery
3562197,bakery
3572292,bakery
3575508,bakery
3575621,bakery
3575643,bakery
3575654,bakery
3575665,bakery
3575687,bakery
3576828,bakery
3577219,bakery
3577220,bakery
3580155,bakery
3597861,bakery
3597883,bakery
3597920,bakery
3597930,bakery
3610744,bakery
3610766,bakery
3614202,bakery
3614213,bakery
3614224,bakery
3614235,bakery
3617142,bakery
3624283,bakery
3624308,bakery
3626405,bakery
3627328,bakery
3628058,bakery
3633681,bakery
3638700,bakery
3639430,bakery
3639451,bakery
3639462,bakery
3639597,bakery
3639724,bakery
3639837,bakery
3640202,bakery
3641974,bakery
3646151,bakery
3659700,bakery
3670054,bakery
3673664,bakery
3678657,bakery
3678668,bakery
3716235,bakery
3731705,bakery
3731716,bakery
3733948,bakery
3733981,bakery
3734940,bakery
3735750,bakery
3736811,bakery
3747385,bakery
3751724,bakery
3751790,bakery
3755452,bakery
3755463,bakery
3756284,bakery
3757028,bakery
3757039,bakery
3757050,bakery
3757061,bakery
3757072,bakery
3758938,bakery
3763097,bakery
3764737,bakery
3781871,bakery
3781882,bakery
3782932,bakery
3850817,bakery
3850828,bakery
3850839,bakery
3850861,bakery
3853510,bakery
3860887,bakery
3860901,bakery
3860912,bakery
3865541,bakery
3870825,bakery
3871090,bakery
3883747,bakery
3883758,bakery
3896931,bakery
3900427,bakery
3904712,bakery
3910442,bakery
3912460,bakery
3963551,bakery
3967483,bakery
3986717,bakery
4147689,bakery
4147838,bakery
4147850,bakery
4147860,bakery
4150672,bakery
4161635,bakery
4166865,bakery
4215337,bakery
4222300,bakery
4226606,bakery
4261538,bakery
4307560,bakery
4309124,bakery
4311363,bakery
4311385,bakery
4315080,bakery
4315091,bakery
4317483,bakery
4319150,bakery
4327240,bakery
4330685,bakery
4344250,bakery
4344704,bakery
4344715,bakery
4389462,bakery
4393007,bakery
4393288,bakery
4393776,bakery
4395487,bakery
4402505,bakery
4405467,bakery
4405660,bakery
4406109,bakery
4406131,bakery
4420008,bakery
4444582,bakery
4459240,bakery
4459251,bakery
4459262,bakery
4461785,bakery
4461810,bakery
4461821,bakery
4461923,bakery
4474845,bakery
4474878,bakery
4505337,bakery
4508710,bakery
4654020,bakery
4654122,bakery
4654133,bakery
4654155,bakery
4678029,bakery
4699357,bakery
4699368,bakery
4723134,bakery
4723270,bakery
4727962,bakery
4727995,bakery
4754433,bakery
4754568,bakery
4770531,bakery
4770633,bakery
4770699,bakery
4799340,bakery
4813667,bakery
4819379,bakery
4819380,bakery
4876281,bakery
4876292,bakery
4876394,bakery
4876420,bakery
4882003,bakery
4882025,bakery
4901345,bakery
4938243,bakery
4938276,bakery
4938312,bakery
4963047,bakery
4965712,bakery
4984310,bakery
4984648,bakery
4986213,bakery
4991100,bakery
5016391,bakery
5019651,bakery
5057311,bakery
5057683,bakery
5057708,bakery
5072836,bakery
5073806,bakery
5088122,bakery
5111440,bakery
5115134,bakery
5126797,bakery
5137320,bakery
5142534,bakery
5142556,bakery
5152786,bakery
5185479,bakery
5194822,bakery
5202080,bakery
5202104,bakery
5213790,bakery
5216619,bakery
5218046,bakery
5218068,bakery
5225212,bakery
5249684,bakery
5300282,bakery
5309221,bakery
5309276,bakery
5309378,bakery
5309425,bakery
5322140,bakery
5369358,bakery
5376659,bakery
5409088,bakery
5435645,bakery
5448589,bakery
5492310,bakery
5523582,bakery
5523618,bakery
5529206,bakery
5541530,bakery
5549145,bakery
5574787,bakery
5577016,bakery
5577038,bakery
5592075,bakery
5625006,bakery
5625017,bakery
5626122,bakery
5641137,bakery
5658209,bakery
5689698,bakery
5696751,bakery
5696762,bakery
5726091,bakery
5748389,bakery
5749687,bakery
5749698,bakery
5749712,bakery
5749723,bakery
5749734,bakery
5750391,bakery
5777296,bakery
5792926,bakery
5795130,bakery
5827361,bakery
5862588,bakery
5892498,bakery
5969435,bakery
5990034,bakery
6009530,bakery
6010561,bakery
6011393,bakery
6034275,bakery
6051649,bakery
6062270,bakery
6177374,bakery
6210163,bakery
6210174,bakery
6210924,bakery
6238038,bakery
6240721,bakery
6241655,bakery
6242840,bakery
6243162,bakery
6282561,bakery
6310871,bakery
6322859,bakery
6332499,bakery
6334938,bakery
6341456,bakery
6363528,bakery
6379437,bakery
6397009,bakery
6415064,bakery
6420585,bakery
6420621,bakery
6437690,bakery
6506589,bakery
6512617,bakery
6514135,bakery
6517654,bakery
6518362,bakery
6519730,bakery
6530572,bakery
6530700,bakery
6533978,bakery
6576427,bakery
6576438,bakery
6676716,bakery
6698537,bakery
6712445,bakery
6739419,bakery
6743245,bakery
6743278,bakery
6749536,bakery
6800021,bakery
6824245,bakery
6826590,bakery
6844898,bakery
6844901,bakery
6913695,bakery
6935723,bakery
6955662,bakery
6955673,bakery
7030826,bakery
7035874,bakery
7044140,bakery
7044161,bakery
7057200,bakery
7057276,bakery
7060248,bakery
7060317,bakery
7073884,bakery
7073895,bakery
7074016,bakery
7089851,bakery
7111860,bakery
7111917,bakery
7120758,bakery
7167649,bakery
7168801,bakery
7168823,bakery
7168845,bakery
7168878,bakery
7168903,bakery
7168969,bakery
7169000,bakery
7169010,bakery
7169189,bakery
7169190,bakery
7169429,bakery
7169860,bakery
7169928,bakery
7169994,bakery
7170723,bakery
7170869,bakery
7170949,bakery
7171330,bakery
7171409,bakery
7171453,bakery
7171464,bakery
7171500,bakery
7172172,bakery
7172274,bakery
7173561,bakery
7173608,bakery
7173619,bakery
7173641,bakery
7173674,bakery
7173889,bakery
7174622,bakery
7204428,bakery
7204439,bakery
7205624,bakery
7205635,bakery
7205646,bakery
7205657,bakery
7205668,bakery
7205679,bakery
7205680,bakery
7205792,bakery
7210680,bakery
7212324,bakery
7212335,bakery
7226023,bakery
7226034,bakery
7266287,bakery
7266367,bakery
7278865,bakery
7299810,bakery
7362542,bakery
7414293,bakery
7432921,bakery
7490189,bakery
7502073,bakery
7507113,bakery
7523211,bakery
7533587,bakery
7533598,bakery
7534885,bakery
7545928,bakery
7570233,bakery
7577731,bakery
7620921,bakery
7624263,bakery
7669002,bakery
7669013,bakery
7669024,bakery
7716850,bakery
7741030,bakery
7741835,bakery
7752241,bakery
7752650,bakery
7757121,bakery
7757132,bakery
7757165,bakery
7761876,bakery
7801201,bakery
7802260,bakery
7829244,bakery
7831246,bakery
7855970,bakery
7855980,bakery
7855991,bakery
7863480,bakery
7863592,bakery
7863606,bakery
7864449,bakery
7864450,bakery
7864722,bakery
7864744,bakery
7877087,bakery
7885766,bakery
7889392,bakery
8011033,bakery
8013582,bakery
8050567,bakery
8050614,bakery
8050658,bakery
8071363,bakery
8071636,bakery
8085029,bakery
8097061,bakery
8100122,bakery
8100133,bakery
8100144,bakery
8100155,bakery
8104382,bakery
8104972,bakery
8105090,bakery
8105782,bakery
8118081,bakery
8118092,bakery
8119754,bakery
8124674,bakery
8145583,bakery
8145620,bakery
8145685,bakery
8146203,bakery
8146225,bakery
8146258,bakery
8146270,bakery
8146316,bakery
8153661,bakery
8162061,bakery
8162072,bakery
8162200,bakery
8162276,bakery
8162312,bakery
8165139,bakery
8165161,bakery
8363234,bakery
8368464,bakery
8368511,bakery
8386411,bakery
8391284,bakery
8391309,bakery
8566038,bakery
8568930,bakery
8569863,bakery
8583241,bakery
8601820,bakery
8601853,bakery
8636359,bakery
8639925,bakery
8687677,bakery
8706181,bakery
8706341,bakery
8706352,bakery
8706363,bakery
8706476,bakery
8706512,bakery
8706534,bakery
8706556,bakery
8706691,bakery
8708154,bakery
8708234,bakery
8708813,bakery
8709190,bakery
8711192,bakery
8711228,bakery
8711240,bakery
8711250,bakery
8711272,bakery
8711283,bakery
8711432,bakery
8712038,bakery
8712071,bakery
8712107,bakery
8712129,bakery
8712140,bakery
8712151,bakery
8712162,bakery
8712297,bakery
8712366,bakery
8712559,bakery
8712560,bakery
8712570,bakery
8712606,bakery
8712639,bakery
8712661,bakery
8712752,bakery
8714587,bakery
8716185,bakery
8717100,bakery
8717224,bakery
8717279,bakery
8717280,bakery
8762240,bakery
8770486,bakery
8782565,bakery
8836824,bakery
8836960,bakery
8858940,bakery
8887042,bakery
8914972,bakery
8914983,bakery
8921210,bakery
8951050,bakery
8951196,bakery
8951301,bakery
8951390,bakery
8956156,bakery
8956189,bakery
8962501,bakery
8962523,bakery
8985788,bakery
8995056,bakery
8995067,bakery
8999556,bakery
9028122,bakery
9028133,bakery
9036663,bakery
9036674,bakery
9036685,bakery
9036696,bakery
9045733,bakery
9045915,bakery
9046011,bakery
9052819,bakery
9061252,bakery
9068637,bakery
9076034,bakery
9077853,bakery
9114461,bakery
9120090,bakery
9155516,bakery
9155538,bakery
9162464,bakery
9191484,bakery
9201680,bakery
9228493,bakery
9239569,bakery
9239570,bakery
9269093,bakery
9280325,bakery
9384466,bakery
9384660,bakery
9391280,bakery
9467745,bakery
9600131,bakery
9714571,bakery
9714786,bakery
9795915,bakery
9820014,bakery
9851947,bakery
9880311,bakery
9895760,bakery
9933564,bakery
9933713,bakery
9949520,bakery
9961413,bakery
9961617,bakery
9999675,bakery
9999686,bakery
9999697,bakery
9999799,bakery
9999926,bakery
10999,chips-chocolates-snacks
13079,chips-chocolates-snacks
25078,chips-chocolates-snacks
31922,chips-chocolates-snacks
67850,chips-chocolates-snacks
67861,chips-chocolates-snacks
85433,chips-chocolates-snacks
114349,chips-chocolates-snacks
117256,chips-chocolates-snacks
136487,chips-chocolates-snacks
136498,chips-chocolates-snacks
136523,chips-chocolates-snacks
136556,chips-chocolates-snacks
138201,chips-chocolates-snacks
142413,chips-chocolates-snacks
142424,chips-chocolates-snacks
145604,chips-chocolates-snacks
152880,chips-chocolates-snacks
153941,chips-chocolates-snacks
155732,chips-chocolates-snacks
161597,chips-chocolates-snacks
165168,chips-chocolates-snacks
169828,chips-chocolates-snacks
184253,chips-chocolates-snacks
199523,chips-chocolates-snacks
225485,chips-chocolates-snacks
229828,chips-chocolates-snacks
235060,chips-chocolates-snacks
245868,chips-chocolates-snacks
248709,chips-chocolates-snacks
268127,chips-chocolates-snacks
310289,chips-chocolates-snacks
328863,chips-chocolates-snacks
328874,chips-chocolates-snacks
328885,chips-chocolates-snacks
328910,chips-chocolates-snacks
328921,chips-chocolates-snacks
328932,chips-chocolates-snacks
328987,chips-chocolates-snacks
329006,chips-chocolates-snacks
329017,chips-chocolates-snacks
329028,chips-chocolates-snacks
329072,chips-chocolates-snacks
329119,chips-chocolates-snacks
329152,chips-chocolates-snacks
329174,chips-chocolates-snacks
329185,chips-chocolates-snacks
329196,chips-chocolates-snacks
329243,chips-chocolates-snacks
329276,chips-chocolates-snacks
329389,chips-chocolates-snacks
329403,chips-chocolates-snacks
329414,chips-chocolates-snacks
329447,chips-chocolates-snacks
329549,chips-chocolates-snacks
329560,chips-chocolates-snacks
329571,chips-chocolates-snacks
329582,chips-chocolates-snacks
329607,chips-chocolates-snacks
329618,chips-chocolates-snacks
329709,chips-chocolates-snacks
329775,chips-chocolates-snacks
329800,chips-chocolates-snacks
329833,chips-chocolates-snacks
329844,chips-chocolates-snacks
329888,chips-chocolates-snacks
358682,chips-chocolates-snacks
358718,chips-chocolates-snacks
358897,chips-chocolates-snacks
359030,chips-chocolates-snacks
359110,chips-chocolates-snacks
386393,chips-chocolates-snacks
387895,chips-chocolates-snacks
415935,chips-chocolates-snacks
423514,chips-chocolates-snacks
1000301,chips-chocolates-snacks
1018260,chips-chocolates-snacks
1018329,chips-chocolates-snacks
1018362,chips-chocolates-snacks
1018373,chips-chocolates-snacks
1020783,chips-chocolates-snacks
1020900,chips-chocolates-snacks
1024401,chips-chocolates-snacks
1027352,chips-chocolates-snacks
1027385,chips-chocolates-snacks
1035248,chips-chocolates-snacks
1035259,chips-chocolates-snacks
1035281,chips-chocolates-snacks
1035292,chips-chocolates-snacks
1038144,chips-chocolates-snacks
1038213,chips-chocolates-snacks
1038224,chips-chocolates-snacks
1038280,chips-chocolates-snacks
1038304,chips-chocolates-snacks
1038315,chips-chocolates-snacks
1038359,chips-chocolates-snacks
1038370,chips-chocolates-snacks
1038381,chips-chocolates-snacks
1038392,chips-chocolates-snacks
1048294,chips-chocolates-snacks
1048400,chips-chocolates-snacks
1048487,chips-chocolates-snacks
1048512,chips-chocolates-snacks
1048534,chips-chocolates-snacks
1050161,chips-chocolates-snacks
1051936,chips-chocolates-snacks
1061077,chips-chocolates-snacks
1061281,chips-chocolates-snacks
1061510,chips-chocolates-snacks
1062014,chips-chocolates-snacks
1062036,chips-chocolates-snacks
1062047,chips-chocolates-snacks
1062900,chips-chocolates-snacks
1062943,chips-chocolates-snacks
1063072,chips-chocolates-snacks
1063083,chips-chocolates-snacks
1064960,chips-chocolates-snacks
1065737,chips-chocolates-snacks
1067051,chips-chocolates-snacks
1068870,chips-chocolates-snacks
1070293,chips-chocolates-snacks
1070329,chips-chocolates-snacks
1070340,chips-chocolates-snacks
1075311,chips-chocolates-snacks
1075592,chips-chocolates-snacks
1075606,chips-chocolates-snacks
1075617,chips-chocolates-snacks
1075639,chips-chocolates-snacks
1077215,chips-chocolates-snacks
1079695,chips-chocolates-snacks
1079720,chips-chocolates-snacks
1080038,chips-chocolates-snacks
1080049,chips-chocolates-snacks
1089316,chips-chocolates-snacks
1090122,chips-chocolates-snacks
1099230,chips-chocolates-snacks
1099262,chips-chocolates-snacks
1100077,chips-chocolates-snacks
1101761,chips-chocolates-snacks
1105627,chips-chocolates-snacks
1108024,chips-chocolates-snacks
1108057,chips-chocolates-snacks
1108079,chips-chocolates-snacks
1108090,chips-chocolates-snacks
1108217,chips-chocolates-snacks
1108385,chips-chocolates-snacks
1108410,chips-chocolates-snacks
1112393,chips-chocolates-snacks
1113137,chips-chocolates-snacks
1113465,chips-chocolates-snacks
1113986,chips-chocolates-snacks
1114005,chips-chocolates-snacks
1114016,chips-chocolates-snacks
1114027,chips-chocolates-snacks
1115020,chips-chocolates-snacks
1115245,chips-chocolates-snacks
1115289,chips-chocolates-snacks
1115314,chips-chocolates-snacks
1115507,chips-chocolates-snacks
1115529,chips-chocolates-snacks
1115530,chips-chocolates-snacks
1115573,chips-chocolates-snacks
1115642,chips-chocolates-snacks
1115653,chips-chocolates-snacks
1115675,chips-chocolates-snacks
1116973,chips-chocolates-snacks
1116984,chips-chocolates-snacks
1116995,chips-chocolates-snacks
1117014,chips-chocolates-snacks
1117025,chips-chocolates-snacks
1117036,chips-chocolates-snacks
1117080,chips-chocolates-snacks
1117091,chips-chocolates-snacks
1130566,chips-chocolates-snacks
1130646,chips-chocolates-snacks
1130690,chips-chocolates-snacks
1130861,chips-chocolates-snacks
1134873,chips-chocolates-snacks
1135038,chips-chocolates-snacks
1135049,chips-chocolates-snacks
1135050,chips-chocolates-snacks
1135082,chips-chocolates-snacks
1135480,chips-chocolates-snacks
1135719,chips-chocolates-snacks
1135741,chips-chocolates-snacks
1136890,chips-chocolates-snacks
1136904,chips-chocolates-snacks
1136948,chips-chocolates-snacks
1136992,chips-chocolates-snacks
1137000,chips-chocolates-snacks
1137022,chips-chocolates-snacks
1141030,chips-chocolates-snacks
1141154,chips-chocolates-snacks
1141493,chips-chocolates-snacks
1141507,chips-chocolates-snacks
1143273,chips-chocolates-snacks
1143284,chips-chocolates-snacks
1143295,chips-chocolates-snacks
1143353,chips-chocolates-snacks
1145450,chips-chocolates-snacks
1154815,chips-chocolates-snacks
1154860,chips-chocolates-snacks
1155910,chips-chocolates-snacks
1156719,chips-chocolates-snacks
1156730,chips-chocolates-snacks
1158474,chips-chocolates-snacks
1251833,chips-chocolates-snacks
1255200,chips-chocolates-snacks
1255211,chips-chocolates-snacks
1255222,chips-chocolates-snacks
1255244,chips-chocolates-snacks
1260302,chips-chocolates-snacks
1260313,chips-chocolates-snacks
1260335,chips-chocolates-snacks
1261010,chips-chocolates-snacks
1275671,chips-chocolates-snacks
1275707,chips-chocolates-snacks
1314682,chips-chocolates-snacks
1314693,chips-chocolates-snacks
1314718,chips-chocolates-snacks
1324879,chips-chocolates-snacks
1327822,chips-chocolates-snacks
1327980,chips-chocolates-snacks
1327990,chips-chocolates-snacks
1328009,chips-chocolates-snacks
1329883,chips-chocolates-snacks
1329919,chips-chocolates-snacks
1329930,chips-chocolates-snacks
1330044,chips-chocolates-snacks
1330066,chips-chocolates-snacks
1330714,chips-chocolates-snacks
1330827,chips-chocolates-snacks
1330882,chips-chocolates-snacks
1334001,chips-chocolates-snacks
1334045,chips-chocolates-snacks
1338590,chips-chocolates-snacks
1385115,chips-chocolates-snacks
1385126,chips-chocolates-snacks
1389364,chips-chocolates-snacks
1389728,chips-chocolates-snacks
1389783,chips-chocolates-snacks
1389794,chips-chocolates-snacks
1402076,chips-chocolates-snacks
1402699,chips-chocolates-snacks
1405529,chips-chocolates-snacks
1405700,chips-chocolates-snacks
1417700,chips-chocolates-snacks
1419126,chips-chocolates-snacks
1419181,chips-chocolates-snacks
1432827,chips-chocolates-snacks
1432838,chips-chocolates-snacks
1437966,chips-chocolates-snacks
1447041,chips-chocolates-snacks
1447620,chips-chocolates-snacks
1466079,chips-chocolates-snacks
1466716,chips-chocolates-snacks
1466727,chips-chocolates-snacks
1466749,chips-chocolates-snacks
1466829,chips-chocolates-snacks
1466830,chips-chocolates-snacks
1466840,chips-chocolates-snacks
1468020,chips-chocolates-snacks
1468722,chips-chocolates-snacks
1472810,chips-chocolates-snacks
1472821,chips-chocolates-snacks
1472832,chips-chocolates-snacks
1472854,chips-chocolates-snacks
1472898,chips-chocolates-snacks
1472945,chips-chocolates-snacks
1472956,chips-chocolates-snacks
1472967,chips-chocolates-snacks
1472978,chips-chocolates-snacks
1472989,chips-chocolates-snacks
1474769,chips-chocolates-snacks
1474770,chips-chocolates-snacks
1474816,chips-chocolates-snacks
1474882,chips-chocolates-snacks
1476389,chips-chocolates-snacks
1476516,chips-chocolates-snacks
1476888,chips-chocolates-snacks
1476899,chips-chocolates-snacks
1477075,chips-chocolates-snacks
1477097,chips-chocolates-snacks
1497888,chips-chocolates-snacks
1497902,chips-chocolates-snacks
1497913,chips-chocolates-snacks
1497979,chips-chocolates-snacks
1497980,chips-chocolates-snacks
1498009,chips-chocolates-snacks
1498010,chips-chocolates-snacks
1498075,chips-chocolates-snacks
1498097,chips-chocolates-snacks
1498166,chips-chocolates-snacks
1499861,chips-chocolates-snacks
1505057,chips-chocolates-snacks
1505068,chips-chocolates-snacks
1505079,chips-chocolates-snacks
1505090,chips-chocolates-snacks
1505793,chips-chocolates-snacks
1505895,chips-chocolates-snacks
1505942,chips-chocolates-snacks
1506220,chips-chocolates-snacks
1506264,chips-chocolates-snacks
1506275,chips-chocolates-snacks
1507904,chips-chocolates-snacks
1511720,chips-chocolates-snacks
1511752,chips-chocolates-snacks
1511785,chips-chocolates-snacks
1511800,chips-chocolates-snacks
1511821,chips-chocolates-snacks
1511843,chips-chocolates-snacks
1511854,chips-chocolates-snacks
1511876,chips-chocolates-snacks
1511887,chips-chocolates-snacks
1511901,chips-chocolates-snacks
1511934,chips-chocolates-snacks
1511945,chips-chocolates-snacks
1511967,chips-chocolates-snacks
1512008,chips-chocolates-snacks
1512019,chips-chocolates-snacks
1512052,chips-chocolates-snacks
1512074,chips-chocolates-snacks
1512085,chips-chocolates-snacks
1513066,chips-chocolates-snacks
1513088,chips-chocolates-snacks
1513099,chips-chocolates-snacks
1515630,chips-chocolates-snacks
1515651,chips-chocolates-snacks
1515662,chips-chocolates-snacks
1517351,chips-chocolates-snacks
1527810,chips-chocolates-snacks
1527832,chips-chocolates-snacks
1532515,chips-chocolates-snacks
1545663,chips-chocolates-snacks
1546098,chips-chocolates-snacks
1546881,chips-chocolates-snacks
1574173,chips-chocolates-snacks
1575052,chips-chocolates-snacks
1575063,chips-chocolates-snacks
1579519,chips-chocolates-snacks
1579520,chips-chocolates-snacks
1579585,chips-chocolates-snacks
1579610,chips-chocolates-snacks
1579632,chips-chocolates-snacks
1579643,chips-chocolates-snacks
1581871,chips-chocolates-snacks
1582499,chips-chocolates-snacks
1582513,chips-chocolates-snacks
1582626,chips-chocolates-snacks
1582660,chips-chocolates-snacks
1582681,chips-chocolates-snacks
1593542,chips-chocolates-snacks
1600717,chips-chocolates-snacks
1601028,chips-chocolates-snacks
1608592,chips-chocolates-snacks
1608617,chips-chocolates-snacks
1608628,chips-chocolates-snacks
1612614,chips-chocolates-snacks
1612920,chips-chocolates-snacks
1612997,chips-chocolates-snacks
1613639,chips-chocolates-snacks
1613650,chips-chocolates-snacks
1615146,chips-chocolates-snacks
1619395,chips-chocolates-snacks
1619431,chips-chocolates-snacks
1619442,chips-chocolates-snacks
1619464,chips-chocolates-snacks
1635416,chips-chocolates-snacks
1640904,chips-chocolates-snacks
1640948,chips-chocolates-snacks
1640959,chips-chocolates-snacks
1641394,chips-chocolates-snacks
1642965,chips-chocolates-snacks
1642987,chips-chocolates-snacks
1646296,chips-chocolates-snacks
1648994,chips-chocolates-snacks
1649567,chips-chocolates-snacks
1649578,chips-chocolates-snacks
1649603,chips-chocolates-snacks
1649760,chips-chocolates-snacks
1649829,chips-chocolates-snacks
1649830,chips-chocolates-snacks
1649873,chips-chocolates-snacks
1649920,chips-chocolates-snacks
1649931,chips-chocolates-snacks
1649942,chips-chocolates-snacks
1650850,chips-chocolates-snacks
1650941,chips-chocolates-snacks
1650985,chips-chocolates-snacks
1651015,chips-chocolates-snacks
1651048,chips-chocolates-snacks
1651478,chips-chocolates-snacks
1651525,chips-chocolates-snacks
1651536,chips-chocolates-snacks
1656460,chips-chocolates-snacks
1673970,chips-chocolates-snacks
1674065,chips-chocolates-snacks
1686767,chips-chocolates-snacks
1689787,chips-chocolates-snacks
1689798,chips-chocolates-snacks
1704789,chips-chocolates-snacks
1710169,chips-chocolates-snacks
1710680,chips-chocolates-snacks
1711026,chips-chocolates-snacks
1713484,chips-chocolates-snacks
1713510,chips-chocolates-snacks
1713622,chips-chocolates-snacks
1713655,chips-chocolates-snacks
1713713,chips-chocolates-snacks
1713815,chips-chocolates-snacks
1713837,chips-chocolates-snacks
1713870,chips-chocolates-snacks
1713881,chips-chocolates-snacks
1713906,chips-chocolates-snacks
1713950,chips-chocolates-snacks
1713972,chips-chocolates-snacks
1714782,chips-chocolates-snacks
1714910,chips-chocolates-snacks
1715049,chips-chocolates-snacks
1715107,chips-chocolates-snacks
1715118,chips-chocolates-snacks
1715130,chips-chocolates-snacks
1715140,chips-chocolates-snacks
1715162,chips-chocolates-snacks
1715184,chips-chocolates-snacks
1715209,chips-chocolates-snacks
1715297,chips-chocolates-snacks
1715311,chips-chocolates-snacks
1715322,chips-chocolates-snacks
1715344,chips-chocolates-snacks
1715366,chips-chocolates-snacks
1715377,chips-chocolates-snacks
1715399,chips-chocolates-snacks
1715424,chips-chocolates-snacks
1715435,chips-chocolates-snacks
1715479,chips-chocolates-snacks
1718830,chips-chocolates-snacks
1718852,chips-chocolates-snacks
1718874,chips-chocolates-snacks
1718885,chips-chocolates-snacks
1718896,chips-chocolates-snacks
1718900,chips-chocolates-snacks
1718932,chips-chocolates-snacks
1718943,chips-chocolates-snacks
1718954,chips-chocolates-snacks
1718976,chips-chocolates-snacks
1721846,chips-chocolates-snacks
1735589,chips-chocolates-snacks
1742176,chips-chocolates-snacks
1742245,chips-chocolates-snacks
1742766,chips-chocolates-snacks
1742777,chips-chocolates-snacks
1743215,chips-chocolates-snacks
1748015,chips-chocolates-snacks
1752170,chips-chocolates-snacks
1752861,chips-chocolates-snacks
1753682,chips-chocolates-snacks
1754062,chips-chocolates-snacks
1754663,chips-chocolates-snacks
1754776,chips-chocolates-snacks
1754889,chips-chocolates-snacks
1754890,chips-chocolates-snacks
1754914,chips-chocolates-snacks
1754925,chips-chocolates-snacks
1754980,chips-chocolates-snacks
1754991,chips-chocolates-snacks
1755000,chips-chocolates-snacks
1755010,chips-chocolates-snacks
1755021,chips-chocolates-snacks
1755032,chips-chocolates-snacks
1755043,chips-chocolates-snacks
1755054,chips-chocolates-snacks
1755076,chips-chocolates-snacks
1755418,chips-chocolates-snacks
1755429,chips-chocolates-snacks
1756487,chips-chocolates-snacks
1756501,chips-chocolates-snacks
1756523,chips-chocolates-snacks
1756534,chips-chocolates-snacks
1756567,chips-chocolates-snacks
1756625,chips-chocolates-snacks
1756873,chips-chocolates-snacks
1759907,chips-chocolates-snacks
1759951,chips-chocolates-snacks
1759962,chips-chocolates-snacks
1759973,chips-chocolates-snacks
1759984,chips-chocolates-snacks
1759995,chips-chocolates-snacks
1760010,chips-chocolates-snacks
1760043,chips-chocolates-snacks
1760076,chips-chocolates-snacks
1770808,chips-chocolates-snacks
1770820,chips-chocolates-snacks
1773657,chips-chocolates-snacks
1773704,chips-chocolates-snacks
1773737,chips-chocolates-snacks
1773748,chips-chocolates-snacks
1773760,chips-chocolates-snacks
1783560,chips-chocolates-snacks
1783592,chips-chocolates-snacks
1783628,chips-chocolates-snacks
1783650,chips-chocolates-snacks
1783661,chips-chocolates-snacks
1783672,chips-chocolates-snacks
1783683,chips-chocolates-snacks
1783730,chips-chocolates-snacks
1784733,chips-chocolates-snacks
1784960,chips-chocolates-snacks
1784970,chips-chocolates-snacks
1784981,chips-chocolates-snacks
1784992,chips-chocolates-snacks
1785022,chips-chocolates-snacks
1785033,chips-chocolates-snacks
1785066,chips-chocolates-snacks
1785077,chips-chocolates-snacks
1786150,chips-chocolates-snacks
1786160,chips-chocolates-snacks
1786171,chips-chocolates-snacks
1786182,chips-chocolates-snacks
1786193,chips-chocolates-snacks
1795310,chips-chocolates-snacks
1795354,chips-chocolates-snacks
1795365,chips-chocolates-snacks
1795376,chips-chocolates-snacks
1804502,chips-chocolates-snacks
1804513,chips-chocolates-snacks
1812850,chips-chocolates-snacks
1813398,chips-chocolates-snacks
1813401,chips-chocolates-snacks
1813412,chips-chocolates-snacks
1813423,chips-chocolates-snacks
1823573,chips-chocolates-snacks
1827927,chips-chocolates-snacks
1828792,chips-chocolates-snacks
1828828,chips-chocolates-snacks
1829398,chips-chocolates-snacks
1830717,chips-chocolates-snacks
1831040,chips-chocolates-snacks
1831050,chips-chocolates-snacks
1832950,chips-chocolates-snacks
1840437,chips-chocolates-snacks
1840459,chips-chocolates-snacks
1840460,chips-chocolates-snacks
1840492,chips-chocolates-snacks
1840506,chips-chocolates-snacks
1840517,chips-chocolates-snacks
1843763,chips-chocolates-snacks
1843832,chips-chocolates-snacks
1845736,chips-chocolates-snacks
1845758,chips-chocolates-snacks
1845805,chips-chocolates-snacks
1845860,chips-chocolates-snacks
1845893,chips-chocolates-snacks
1846070,chips-chocolates-snacks
1848803,chips-chocolates-snacks
1848825,chips-chocolates-snacks
1850022,chips-chocolates-snacks
1851295,chips-chocolates-snacks
1851740,chips-chocolates-snacks
1851830,chips-chocolates-snacks
1851910,chips-chocolates-snacks
1851921,chips-chocolates-snacks
1852017,chips-chocolates-snacks
1852061,chips-chocolates-snacks
1854410,chips-chocolates-snacks
1856481,chips-chocolates-snacks
1858782,chips-chocolates-snacks
1858793,chips-chocolates-snacks
1858873,chips-chocolates-snacks
1859060,chips-chocolates-snacks
1859071,chips-chocolates-snacks
1859490,chips-chocolates-snacks
1859504,chips-chocolates-snacks
1859990,chips-chocolates-snacks
1860037,chips-chocolates-snacks
1860048,chips-chocolates-snacks
1860059,chips-chocolates-snacks
1860070,chips-chocolates-snacks
1860161,chips-chocolates-snacks
1860172,chips-chocolates-snacks
1860660,chips-chocolates-snacks
1860718,chips-chocolates-snacks
1862189,chips-chocolates-snacks
1864639,chips-chocolates-snacks
1864800,chips-chocolates-snacks
1864990,chips-chocolates-snacks
1865948,chips-chocolates-snacks
1873877,chips-chocolates-snacks
1873980,chips-chocolates-snacks
1877299,chips-chocolates-snacks
1877969,chips-chocolates-snacks
1877970,chips-chocolates-snacks
1878032,chips-chocolates-snacks
1895381,chips-chocolates-snacks
1917597,chips-chocolates-snacks
1922917,chips-chocolates-snacks
1922972,chips-chocolates-snacks
1923013,chips-chocolates-snacks
1923024,chips-chocolates-snacks
1924752,chips-chocolates-snacks
1924774,chips-chocolates-snacks
1935395,chips-chocolates-snacks
1935985,chips-chocolates-snacks
1935996,chips-chocolates-snacks
1951438,chips-chocolates-snacks
1954017,chips-chocolates-snacks
1967450,chips-chocolates-snacks
1967460,chips-chocolates-snacks
1994850,chips-chocolates-snacks
1994907,chips-chocolates-snacks
1995070,chips-chocolates-snacks
2024495,chips-chocolates-snacks
2062290,chips-chocolates-snacks
2072862,chips-chocolates-snacks
2090900,chips-chocolates-snacks
2122348,chips-chocolates-snacks
2129449,chips-chocolates-snacks
2129482,chips-chocolates-snacks
2137470,chips-chocolates-snacks
2137550,chips-chocolates-snacks
2151620,chips-chocolates-snacks
2157580,chips-chocolates-snacks
2211186,chips-chocolates-snacks
2212961,chips-chocolates-snacks
2221383,chips-chocolates-snacks
2224097,chips-chocolates-snacks
2226310,chips-chocolates-snacks
2239312,chips-chocolates-snacks
2262438,chips-chocolates-snacks
2262449,chips-chocolates-snacks
2350229,chips-chocolates-snacks
2350535,chips-chocolates-snacks
2350546,chips-chocolates-snacks
2350557,chips-chocolates-snacks
2350568,chips-chocolates-snacks
2350579,chips-chocolates-snacks
2351232,chips-chocolates-snacks
2351254,chips-chocolates-snacks
2351265,chips-chocolates-snacks
2351593,chips-chocolates-snacks
2351607,chips-chocolates-snacks
2351618,chips-chocolates-snacks
2351630,chips-chocolates-snacks
2351640,chips-chocolates-snacks
2351651,chips-chocolates-snacks
2351662,chips-chocolates-snacks
2351673,chips-chocolates-snacks
2351684,chips-chocolates-snacks
2351709,chips-chocolates-snacks
2351720,chips-chocolates-snacks
2351811,chips-chocolates-snacks
2351822,chips-chocolates-snacks
2351855,chips-chocolates-snacks
2351877,chips-chocolates-snacks
2352960,chips-chocolates-snacks
2352971,chips-chocolates-snacks
2352982,chips-chocolates-snacks
2353034,chips-chocolates-snacks
2353056,chips-chocolates-snacks
2353078,chips-chocolates-snacks
2358264,chips-chocolates-snacks
2358275,chips-chocolates-snacks
2358286,chips-chocolates-snacks
2358297,chips-chocolates-snacks
2358300,chips-chocolates-snacks
2358333,chips-chocolates-snacks
2358344,chips-chocolates-snacks
2358355,chips-chocolates-snacks
2392502,chips-chocolates-snacks
2392513,chips-chocolates-snacks
2395362,chips-chocolates-snacks
2469618,chips-chocolates-snacks
2469695,chips-chocolates-snacks
2470560,chips-chocolates-snacks
2471540,chips-chocolates-snacks
2471551,chips-chocolates-snacks
2471595,chips-chocolates-snacks
2471835,chips-chocolates-snacks
2522357,chips-chocolates-snacks
2522368,chips-chocolates-snacks
2523291,chips-chocolates-snacks
2523371,chips-chocolates-snacks
2528761,chips-chocolates-snacks
2588515,chips-chocolates-snacks
2588548,chips-chocolates-snacks
2588570,chips-chocolates-snacks
2588683,chips-chocolates-snacks
2605873,chips-chocolates-snacks
2605931,chips-chocolates-snacks
2618004,chips-chocolates-snacks
2618037,chips-chocolates-snacks
2649584,chips-chocolates-snacks
2652159,chips-chocolates-snacks
2655099,chips-chocolates-snacks
2655102,chips-chocolates-snacks
2655135,chips-chocolates-snacks
2655146,chips-chocolates-snacks
2663075,chips-chocolates-snacks
2663360,chips-chocolates-snacks
2670081,chips-chocolates-snacks
2676984,chips-chocolates-snacks
2690828,chips-chocolates-snacks
2710437,chips-chocolates-snacks
2710481,chips-chocolates-snacks
2734446,chips-chocolates-snacks
2734457,chips-chocolates-snacks
2749374,chips-chocolates-snacks
2749385,chips-chocolates-snacks
2749421,chips-chocolates-snacks
2749432,chips-chocolates-snacks
2749465,chips-chocolates-snacks
2762929,chips-chocolates-snacks
2770235,chips-chocolates-snacks
2784047,chips-chocolates-snacks
2784058,chips-chocolates-snacks
2784069,chips-chocolates-snacks
2784070,chips-chocolates-snacks
2784127,chips-chocolates-snacks
2784138,chips-chocolates-snacks
2792715,chips-chocolates-snacks
2795542,chips-chocolates-snacks
2795575,chips-chocolates-snacks
2795586,chips-chocolates-snacks
2795815,chips-chocolates-snacks
2796670,chips-chocolates-snacks
2799011,chips-chocolates-snacks
2799259,chips-chocolates-snacks
2826067,chips-chocolates-snacks
2827150,chips-chocolates-snacks
2827161,chips-chocolates-snacks
2845957,chips-chocolates-snacks
2856986,chips-chocolates-snacks
2871913,chips-chocolates-snacks
2871980,chips-chocolates-snacks
2872009,chips-chocolates-snacks
2872530,chips-chocolates-snacks
2873158,chips-chocolates-snacks
2873169,chips-chocolates-snacks
2876327,chips-chocolates-snacks
2876349,chips-chocolates-snacks
2877421,chips-chocolates-snacks
2877432,chips-chocolates-snacks
2887822,chips-chocolates-snacks
2887844,chips-chocolates-snacks
2887855,chips-chocolates-snacks
2896095,chips-chocolates-snacks
2898997,chips-chocolates-snacks
2899560,chips-chocolates-snacks
2899581,chips-chocolates-snacks
2900137,chips-chocolates-snacks
2904626,chips-chocolates-snacks
2909608,chips-chocolates-snacks
2913751,chips-chocolates-snacks
2914018,chips-chocolates-snacks
2976831,chips-chocolates-snacks
2976842,chips-chocolates-snacks
2976853,chips-chocolates-snacks
2992099,chips-chocolates-snacks
2992102,chips-chocolates-snacks
2992135,chips-chocolates-snacks
2992157,chips-chocolates-snacks
2992179,chips-chocolates-snacks
2992180,chips-chocolates-snacks
2992215,chips-chocolates-snacks
2992226,chips-chocolates-snacks
2992237,chips-chocolates-snacks
2992248,chips-chocolates-snacks
2994232,chips-chocolates-snacks
3017531,chips-chocolates-snacks
3017542,chips-chocolates-snacks
3017553,chips-chocolates-snacks
3017564,chips-chocolates-snacks
3017575,chips-chocolates-snacks
3017597,chips-chocolates-snacks
3017644,chips-chocolates-snacks
3017655,chips-chocolates-snacks
3017859,chips-chocolates-snacks
3019796,chips-chocolates-snacks
3022371,chips-chocolates-snacks
3022892,chips-chocolates-snacks
3022961,chips-chocolates-snacks
3029905,chips-chocolates-snacks
3041219,chips-chocolates-snacks
3041220,chips-chocolates-snacks
3041230,chips-chocolates-snacks
3041241,chips-chocolates-snacks
3050821,chips-chocolates-snacks
3084641,chips-chocolates-snacks
3119076,chips-chocolates-snacks
3119087,chips-chocolates-snacks
3136461,chips-chocolates-snacks
3136483,chips-chocolates-snacks
3136701,chips-chocolates-snacks
3136712,chips-chocolates-snacks
3136723,chips-chocolates-snacks
3136734,chips-chocolates-snacks
3136756,chips-chocolates-snacks
3150780,chips-chocolates-snacks
3150860,chips-chocolates-snacks
3151308,chips-chocolates-snacks
3152446,chips-chocolates-snacks
3158522,chips-chocolates-snacks
3160150,chips-chocolates-snacks
3168639,chips-chocolates-snacks
3179497,chips-chocolates-snacks
3182695,chips-chocolates-snacks
3182797,chips-chocolates-snacks
3207377,chips-chocolates-snacks
3207388,chips-chocolates-snacks
3207402,chips-chocolates-snacks
3207413,chips-chocolates-snacks
3207424,chips-chocolates-snacks
3217698,chips-chocolates-snacks
3265792,chips-chocolates-snacks
3273338,chips-chocolates-snacks
3287558,chips-chocolates-snacks
3288823,chips-chocolates-snacks
3288878,chips-chocolates-snacks
3292354,chips-chocolates-snacks
3302731,chips-chocolates-snacks
3312134,chips-chocolates-snacks
3337259,chips-chocolates-snacks
3337270,chips-chocolates-snacks
3384565,chips-chocolates-snacks
3387869,chips-chocolates-snacks
3401314,chips-chocolates-snacks
3407478,chips-chocolates-snacks
3407503,chips-chocolates-snacks
3407536,chips-chocolates-snacks
3410960,chips-chocolates-snacks
3433106,chips-chocolates-snacks
3433999,chips-chocolates-snacks
3434007,chips-chocolates-snacks
3434084,chips-chocolates-snacks
3434856,chips-chocolates-snacks
3434889,chips-chocolates-snacks
3434903,chips-chocolates-snacks
3445488,chips-chocolates-snacks
3446651,chips-chocolates-snacks
3446742,chips-chocolates-snacks
3446753,chips-chocolates-snacks
3448351,chips-chocolates-snacks
3448362,chips-chocolates-snacks
3448384,chips-chocolates-snacks
3448839,chips-chocolates-snacks
3449081,chips-chocolates-snacks
3449117,chips-chocolates-snacks
3449241,chips-chocolates-snacks
3449263,chips-chocolates-snacks
3449274,chips-chocolates-snacks
3449398,chips-chocolates-snacks
3449401,chips-chocolates-snacks
3450036,chips-chocolates-snacks
3453566,chips-chocolates-snacks
3454682,chips-chocolates-snacks
3454707,chips-chocolates-snacks
3454718,chips-chocolates-snacks
3454729,chips-chocolates-snacks
3455313,chips-chocolates-snacks
3455324,chips-chocolates-snacks
3468337,chips-chocolates-snacks
3468508,chips-chocolates-snacks
3468519,chips-chocolates-snacks
3468520,chips-chocolates-snacks
3468530,chips-chocolates-snacks
3478400,chips-chocolates-snacks
3491088,chips-chocolates-snacks
3491099,chips-chocolates-snacks
3501250,chips-chocolates-snacks
3501374,chips-chocolates-snacks
3531546,chips-chocolates-snacks
3550380,chips-chocolates-snacks
3553378,chips-chocolates-snacks
3558611,chips-chocolates-snacks
3559261,chips-chocolates-snacks
3559283,chips-chocolates-snacks
3568331,chips-chocolates-snacks
3568353,chips-chocolates-snacks
3569119,chips-chocolates-snacks
3571449,chips-chocolates-snacks
3571788,chips-chocolates-snacks
3572157,chips-chocolates-snacks
3582300,chips-chocolates-snacks
3582966,chips-chocolates-snacks
3584699,chips-chocolates-snacks
3584702,chips-chocolates-snacks
3584983,chips-chocolates-snacks
3585024,chips-chocolates-snacks
3585057,chips-chocolates-snacks
3585115,chips-chocolates-snacks
3609235,chips-chocolates-snacks
3609268,chips-chocolates-snacks
3613130,chips-chocolates-snacks
3615034,chips-chocolates-snacks
3618178,chips-chocolates-snacks
3618280,chips-chocolates-snacks
3618564,chips-chocolates-snacks
3620169,chips-chocolates-snacks
3640610,chips-chocolates-snacks
3645080,chips-chocolates-snacks
3649320,chips-chocolates-snacks
3654284,chips-chocolates-snacks
3668904,chips-chocolates-snacks
3672300,chips-chocolates-snacks
3672333,chips-chocolates-snacks
3696590,chips-chocolates-snacks
3696706,chips-chocolates-snacks
3697028,chips-chocolates-snacks
3698621,chips-chocolates-snacks
3699806,chips-chocolates-snacks
3700053,chips-chocolates-snacks
3700086,chips-chocolates-snacks
3706049,chips-chocolates-snacks
3706060,chips-chocolates-snacks
3706082,chips-chocolates-snacks
3706093,chips-chocolates-snacks
3706107,chips-chocolates-snacks
3706741,chips-chocolates-snacks
3706763,chips-chocolates-snacks
3706774,chips-chocolates-snacks
3706810,chips-chocolates-snacks
3706832,chips-chocolates-snacks
3706912,chips-chocolates-snacks
3706923,chips-chocolates-snacks
3711210,chips-chocolates-snacks
3714251,chips-chocolates-snacks
3715866,chips-chocolates-snacks
3717646,chips-chocolates-snacks
3721993,chips-chocolates-snacks
3722760,chips-chocolates-snacks
3722792,chips-chocolates-snacks
3731964,chips-chocolates-snacks
3731975,chips-chocolates-snacks
3736083,chips-chocolates-snacks
3736210,chips-chocolates-snacks
3736629,chips-chocolates-snacks
3738872,chips-chocolates-snacks
3739490,chips-chocolates-snacks
3742472,chips-chocolates-snacks
3742508,chips-chocolates-snacks
3745109,chips-chocolates-snacks
3755645,chips-chocolates-snacks
3755690,chips-chocolates-snacks
3761171,chips-chocolates-snacks
3761182,chips-chocolates-snacks
3762276,chips-chocolates-snacks
3763086,chips-chocolates-snacks
3763122,chips-chocolates-snacks
3763235,chips-chocolates-snacks
3763541,chips-chocolates-snacks
3763905,chips-chocolates-snacks
3768840,chips-chocolates-snacks
3768851,chips-chocolates-snacks
3768862,chips-chocolates-snacks
3768953,chips-chocolates-snacks
3775813,chips-chocolates-snacks
3786900,chips-chocolates-snacks
3797157,chips-chocolates-snacks
3815383,chips-chocolates-snacks
3815838,chips-chocolates-snacks
3815962,chips-chocolates-snacks
3826040,chips-chocolates-snacks
3826357,chips-chocolates-snacks
3826798,chips-chocolates-snacks
3829526,chips-chocolates-snacks
3829537,chips-chocolates-snacks
3829548,chips-chocolates-snacks
3829559,chips-chocolates-snacks
3829592,chips-chocolates-snacks
3834264,chips-chocolates-snacks
3834275,chips-chocolates-snacks
3834286,chips-chocolates-snacks
3834297,chips-chocolates-snacks
3838505,chips-chocolates-snacks
3838516,chips-chocolates-snacks
3843800,chips-chocolates-snacks
3843855,chips-chocolates-snacks
3851547,chips-chocolates-snacks
3851842,chips-chocolates-snacks
3851864,chips-chocolates-snacks
3852437,chips-chocolates-snacks
3854217,chips-chocolates-snacks
3856551,chips-chocolates-snacks
3856584,chips-chocolates-snacks
3856595,chips-chocolates-snacks
3861303,chips-chocolates-snacks
3864957,chips-chocolates-snacks
3890968,chips-chocolates-snacks
3891348,chips-chocolates-snacks
3899930,chips-chocolates-snacks
3901521,chips-chocolates-snacks
3902819,chips-chocolates-snacks
3903200,chips-chocolates-snacks
3912619,chips-chocolates-snacks
3919673,chips-chocolates-snacks
3935909,chips-chocolates-snacks
3937427,chips-chocolates-snacks
3947090,chips-chocolates-snacks
3948274,chips-chocolates-snacks
3948300,chips-chocolates-snacks
3949492,chips-chocolates-snacks
3950593,chips-chocolates-snacks
3950607,chips-chocolates-snacks
3950731,chips-chocolates-snacks
3951563,chips-chocolates-snacks
3951949,chips-chocolates-snacks
3953208,chips-chocolates-snacks
3955190,chips-chocolates-snacks
3956192,chips-chocolates-snacks
3956206,chips-chocolates-snacks
3956283,chips-chocolates-snacks
3956320,chips-chocolates-snacks
3956330,chips-chocolates-snacks
3956567,chips-chocolates-snacks
3964474,chips-chocolates-snacks
3971742,chips-chocolates-snacks
3971968,chips-chocolates-snacks
3972053,chips-chocolates-snacks
3978945,chips-chocolates-snacks
3978956,chips-chocolates-snacks
3979008,chips-chocolates-snacks
3979019,chips-chocolates-snacks
3979020,chips-chocolates-snacks
3986488,chips-chocolates-snacks
3986568,chips-chocolates-snacks
3986670,chips-chocolates-snacks
3988938,chips-chocolates-snacks
3988950,chips-chocolates-snacks
3990736,chips-chocolates-snacks
3993133,chips-chocolates-snacks
3995773,chips-chocolates-snacks
3995784,chips-chocolates-snacks
4147204,chips-chocolates-snacks
4150140,chips-chocolates-snacks
4150162,chips-chocolates-snacks
4167303,chips-chocolates-snacks
4194827,chips-chocolates-snacks
4229488,chips-chocolates-snacks
4229502,chips-chocolates-snacks
4232620,chips-chocolates-snacks
4233383,chips-chocolates-snacks
4237883,chips-chocolates-snacks
4240480,chips-chocolates-snacks
4240833,chips-chocolates-snacks
4253325,chips-chocolates-snacks
4253697,chips-chocolates-snacks
4256662,chips-chocolates-snacks
4256684,chips-chocolates-snacks
4256833,chips-chocolates-snacks
4267636,chips-chocolates-snacks
4283290,chips-chocolates-snacks
4284726,chips-chocolates-snacks
4285140,chips-chocolates-snacks
4285230,chips-chocolates-snacks
4288240,chips-chocolates-snacks
4313609,chips-chocolates-snacks
4314714,chips-chocolates-snacks
4325925,chips-chocolates-snacks
4328912,chips-chocolates-snacks
4328923,chips-chocolates-snacks
4332080,chips-chocolates-snacks
4382463,chips-chocolates-snacks
4382474,chips-chocolates-snacks
4382532,chips-chocolates-snacks
4382576,chips-chocolates-snacks
4382587,chips-chocolates-snacks
4382634,chips-chocolates-snacks
4382656,chips-chocolates-snacks
4382667,chips-chocolates-snacks
4382871,chips-chocolates-snacks
4383885,chips-chocolates-snacks
4385712,chips-chocolates-snacks
4385723,chips-chocolates-snacks
4402185,chips-chocolates-snacks
4419472,chips-chocolates-snacks
4426004,chips-chocolates-snacks
4428950,chips-chocolates-snacks
4448674,chips-chocolates-snacks
4454702,chips-chocolates-snacks
4454713,chips-chocolates-snacks
4456093,chips-chocolates-snacks
4456107,chips-chocolates-snacks
4456118,chips-chocolates-snacks
4456130,chips-chocolates-snacks
4456581,chips-chocolates-snacks
4457438,chips-chocolates-snacks
4461774,chips-chocolates-snacks
4467238,chips-chocolates-snacks
4472125,chips-chocolates-snacks
4472147,chips-chocolates-snacks
4472420,chips-chocolates-snacks
4475510,chips-chocolates-snacks
4476013,chips-chocolates-snacks
4503874,chips-chocolates-snacks
4513415,chips-chocolates-snacks
4664680,chips-chocolates-snacks
4699801,chips-chocolates-snacks
4786076,chips-chocolates-snacks
4786112,chips-chocolates-snacks
4788231,chips-chocolates-snacks
4825054,chips-chocolates-snacks
4826829,chips-chocolates-snacks
4843475,chips-chocolates-snacks
4843588,chips-chocolates-snacks
4843668,chips-chocolates-snacks
4843690,chips-chocolates-snacks
4843850,chips-chocolates-snacks
4856353,chips-chocolates-snacks
4859996,chips-chocolates-snacks
4871131,chips-chocolates-snacks
4885191,chips-chocolates-snacks
4885431,chips-chocolates-snacks
4886751,chips-chocolates-snacks
4898604,chips-chocolates-snacks
4949400,chips-chocolates-snacks
4951208,chips-chocolates-snacks
4951490,chips-chocolates-snacks
4952164,chips-chocolates-snacks
4952175,chips-chocolates-snacks
4952437,chips-chocolates-snacks
4952765,chips-chocolates-snacks
4952890,chips-chocolates-snacks
4953000,chips-chocolates-snacks
4954750,chips-chocolates-snacks
4954760,chips-chocolates-snacks
4963863,chips-chocolates-snacks
4964378,chips-chocolates-snacks
4964389,chips-chocolates-snacks
4964414,chips-chocolates-snacks
4969258,chips-chocolates-snacks
4969269,chips-chocolates-snacks
4970213,chips-chocolates-snacks
4970224,chips-chocolates-snacks
4974950,chips-chocolates-snacks
4974983,chips-chocolates-snacks
4975181,chips-chocolates-snacks
4975192,chips-chocolates-snacks
4975217,chips-chocolates-snacks
4989674,chips-chocolates-snacks
4996658,chips-chocolates-snacks
5007302,chips-chocolates-snacks
5007324,chips-chocolates-snacks
5007335,chips-chocolates-snacks
5019935,chips-chocolates-snacks
5032456,chips-chocolates-snacks
5045200,chips-chocolates-snacks
5072665,chips-chocolates-snacks
5072676,chips-chocolates-snacks
5084766,chips-chocolates-snacks
5085805,chips-chocolates-snacks
5085827,chips-chocolates-snacks
5091692,chips-chocolates-snacks
5096437,chips-chocolates-snacks
5096448,chips-chocolates-snacks
5096459,chips-chocolates-snacks
5103270,chips-chocolates-snacks
5106508,chips-chocolates-snacks
5147403,chips-chocolates-snacks
5147414,chips-chocolates-snacks
5148337,chips-chocolates-snacks
5153439,chips-chocolates-snacks
5153574,chips-chocolates-snacks
5162429,chips-chocolates-snacks
5172284,chips-chocolates-snacks
5172852,chips-chocolates-snacks
5192521,chips-chocolates-snacks
5196806,chips-chocolates-snacks
5196839,chips-chocolates-snacks
5196840,chips-chocolates-snacks
5196850,chips-chocolates-snacks
5200550,chips-chocolates-snacks
5207560,chips-chocolates-snacks
5207571,chips-chocolates-snacks
5207582,chips-chocolates-snacks
5207844,chips-chocolates-snacks
5216313,chips-chocolates-snacks
5216969,chips-chocolates-snacks
5229541,chips-chocolates-snacks
5229552,chips-chocolates-snacks
5235307,chips-chocolates-snacks
5238054,chips-chocolates-snacks
5242594,chips-chocolates-snacks
5248149,chips-chocolates-snacks
5258936,chips-chocolates-snacks
5258947,chips-chocolates-snacks
5288518,chips-chocolates-snacks
5298464,chips-chocolates-snacks
5311245,chips-chocolates-snacks
5319429,chips-chocolates-snacks
5344313,chips-chocolates-snacks
5346567,chips-chocolates-snacks
5346909,chips-chocolates-snacks
5350280,chips-chocolates-snacks
5350291,chips-chocolates-snacks
5350418,chips-chocolates-snacks
5350961,chips-chocolates-snacks
5365437,chips-chocolates-snacks
5365448,chips-chocolates-snacks
5365459,chips-chocolates-snacks
5365460,chips-chocolates-snacks
5369879,chips-chocolates-snacks
5369981,chips-chocolates-snacks
5373639,chips-chocolates-snacks
5374675,chips-chocolates-snacks
5376488,chips-chocolates-snacks
5389720,chips-chocolates-snacks
5389898,chips-chocolates-snacks
5389901,chips-chocolates-snacks
5417235,chips-chocolates-snacks
5443596,chips-chocolates-snacks
5446266,chips-chocolates-snacks
5446346,chips-chocolates-snacks
5460267,chips-chocolates-snacks
5466037,chips-chocolates-snacks
5469410,chips-chocolates-snacks
5471070,chips-chocolates-snacks
5471106,chips-chocolates-snacks
5481482,chips-chocolates-snacks
5481493,chips-chocolates-snacks
5481507,chips-chocolates-snacks
5481610,chips-chocolates-snacks
5481620,chips-chocolates-snacks
5481722,chips-chocolates-snacks
5483193,chips-chocolates-snacks
5483295,chips-chocolates-snacks
5484480,chips-chocolates-snacks
5484491,chips-chocolates-snacks
5484651,chips-chocolates-snacks
5487795,chips-chocolates-snacks
5493801,chips-chocolates-snacks
5493845,chips-chocolates-snacks
5493903,chips-chocolates-snacks
5493969,chips-chocolates-snacks
5494010,chips-chocolates-snacks
5494032,chips-chocolates-snacks
5494597,chips-chocolates-snacks
5500791,chips-chocolates-snacks
5505751,chips-chocolates-snacks
5514912,chips-chocolates-snacks
5514923,chips-chocolates-snacks
5516011,chips-chocolates-snacks
5530974,chips-chocolates-snacks
5533269,chips-chocolates-snacks
5533270,chips-chocolates-snacks
5533429,chips-chocolates-snacks
5533484,chips-chocolates-snacks
5533950,chips-chocolates-snacks
5541347,chips-chocolates-snacks
5544345,chips-chocolates-snacks
5555636,chips-chocolates-snacks
5555680,chips-chocolates-snacks
5556548,chips-chocolates-snacks
5556559,chips-chocolates-snacks
5556581,chips-chocolates-snacks
5577628,chips-chocolates-snacks
5577719,chips-chocolates-snacks
5577990,chips-chocolates-snacks
5581498,chips-chocolates-snacks
5591888,chips-chocolates-snacks
5604378,chips-chocolates-snacks
5604742,chips-chocolates-snacks
5604957,chips-chocolates-snacks
5605304,chips-chocolates-snacks
5612503,chips-chocolates-snacks
5616129,chips-chocolates-snacks
5616140,chips-chocolates-snacks
5616446,chips-chocolates-snacks
5619069,chips-chocolates-snacks
5619070,chips-chocolates-snacks
5619568,chips-chocolates-snacks
5619580,chips-chocolates-snacks
5619761,chips-chocolates-snacks
5619808,chips-chocolates-snacks
5619820,chips-chocolates-snacks
5619841,chips-chocolates-snacks
5619863,chips-chocolates-snacks
5619900,chips-chocolates-snacks
5643245,chips-chocolates-snacks
5645580,chips-chocolates-snacks
5645739,chips-chocolates-snacks
5656553,chips-chocolates-snacks
5666717,chips-chocolates-snacks
5666932,chips-chocolates-snacks
5686907,chips-chocolates-snacks
5703165,chips-chocolates-snacks
5703176,chips-chocolates-snacks
5706221,chips-chocolates-snacks
5706254,chips-chocolates-snacks
5706276,chips-chocolates-snacks
5716553,chips-chocolates-snacks
5720743,chips-chocolates-snacks
5727695,chips-chocolates-snacks
5743320,chips-chocolates-snacks
5743396,chips-chocolates-snacks
5743421,chips-chocolates-snacks
5748403,chips-chocolates-snacks
5749596,chips-chocolates-snacks
5750620,chips-chocolates-snacks
5750642,chips-chocolates-snacks
5750653,chips-chocolates-snacks
5750675,chips-chocolates-snacks
5750686,chips-chocolates-snacks
5751033,chips-chocolates-snacks
5751124,chips-chocolates-snacks
5751259,chips-chocolates-snacks
5765990,chips-chocolates-snacks
5766234,chips-chocolates-snacks
5766449,chips-chocolates-snacks
5767204,chips-chocolates-snacks
5768397,chips-chocolates-snacks
5777536,chips-chocolates-snacks
5777820,chips-chocolates-snacks
5783867,chips-chocolates-snacks
5783925,chips-chocolates-snacks
5823950,chips-chocolates-snacks
5839994,chips-chocolates-snacks
5854717,chips-chocolates-snacks
5854739,chips-chocolates-snacks
5856541,chips-chocolates-snacks
5859834,chips-chocolates-snacks
5859889,chips-chocolates-snacks
5860017,chips-chocolates-snacks
5860301,chips-chocolates-snacks
5865780,chips-chocolates-snacks
5872479,chips-chocolates-snacks
5884059,chips-chocolates-snacks
5888548,chips-chocolates-snacks
5888592,chips-chocolates-snacks
5888617,chips-chocolates-snacks
5888639,chips-chocolates-snacks
5888650,chips-chocolates-snacks
5888694,chips-chocolates-snacks
5889471,chips-chocolates-snacks
5889493,chips-chocolates-snacks
5899759,chips-chocolates-snacks
5899760,chips-chocolates-snacks
5899770,chips-chocolates-snacks
5916031,chips-chocolates-snacks
5916520,chips-chocolates-snacks
5986445,chips-chocolates-snacks
5986650,chips-chocolates-snacks
5986784,chips-chocolates-snacks
5987380,chips-chocolates-snacks
5990012,chips-chocolates-snacks
5990103,chips-chocolates-snacks
5990125,chips-chocolates-snacks
5990158,chips-chocolates-snacks
5993316,chips-chocolates-snacks
5993338,chips-chocolates-snacks
5993881,chips-chocolates-snacks
5994079,chips-chocolates-snacks
5994080,chips-chocolates-snacks
5994170,chips-chocolates-snacks
5996256,chips-chocolates-snacks
5996303,chips-chocolates-snacks
5996314,chips-chocolates-snacks
5996529,chips-chocolates-snacks
5996540,chips-chocolates-snacks
5997317,chips-chocolates-snacks
6000535,chips-chocolates-snacks
6016761,chips-chocolates-snacks
6023031,chips-chocolates-snacks
6025536,chips-chocolates-snacks
6027746,chips-chocolates-snacks
6029457,chips-chocolates-snacks
6029901,chips-chocolates-snacks
6033363,chips-chocolates-snacks
6040755,chips-chocolates-snacks
6043447,chips-chocolates-snacks
6047040,chips-chocolates-snacks
6051784,chips-chocolates-snacks
6054002,chips-chocolates-snacks
6064120,chips-chocolates-snacks
6066125,chips-chocolates-snacks
6066602,chips-chocolates-snacks
6070621,chips-chocolates-snacks
6088194,chips-chocolates-snacks
6121336,chips-chocolates-snacks
6133970,chips-chocolates-snacks
6161727,chips-chocolates-snacks
6164463,chips-chocolates-snacks
6164474,chips-chocolates-snacks
6166560,chips-chocolates-snacks
6166571,chips-chocolates-snacks
6184551,chips-chocolates-snacks
6209244,chips-chocolates-snacks
6209572,chips-chocolates-snacks
6209867,chips-chocolates-snacks
6209878,chips-chocolates-snacks
6209889,chips-chocolates-snacks
6251772,chips-chocolates-snacks
6268877,chips-chocolates-snacks
6274246,chips-chocolates-snacks
6274315,chips-chocolates-snacks
6274326,chips-chocolates-snacks
6274337,chips-chocolates-snacks
6290570,chips-chocolates-snacks
6290592,chips-chocolates-snacks
6290694,chips-chocolates-snacks
6307108,chips-chocolates-snacks
6313155,chips-chocolates-snacks
6313381,chips-chocolates-snacks
6313392,chips-chocolates-snacks
6313847,chips-chocolates-snacks
6323603,chips-chocolates-snacks
6323636,chips-chocolates-snacks
6327262,chips-chocolates-snacks
6338837,chips-chocolates-snacks
6338848,chips-chocolates-snacks
6338870,chips-chocolates-snacks
6339240,chips-chocolates-snacks
6339283,chips-chocolates-snacks
6341616,chips-chocolates-snacks
6368930,chips-chocolates-snacks
6369003,chips-chocolates-snacks
6369014,chips-chocolates-snacks
6372085,chips-chocolates-snacks
6372096,chips-chocolates-snacks
6379233,chips-chocolates-snacks
6383081,chips-chocolates-snacks
6383183,chips-chocolates-snacks
6386920,chips-chocolates-snacks
6387592,chips-chocolates-snacks
6395171,chips-chocolates-snacks
6403859,chips-chocolates-snacks
6408750,chips-chocolates-snacks
6410639,chips-chocolates-snacks
6420009,chips-chocolates-snacks
6420563,chips-chocolates-snacks
6434998,chips-chocolates-snacks
6435006,chips-chocolates-snacks
6435040,chips-chocolates-snacks
6435061,chips-chocolates-snacks
6501224,chips-chocolates-snacks
6502475,chips-chocolates-snacks
6502497,chips-chocolates-snacks
6503693,chips-chocolates-snacks
6503820,chips-chocolates-snacks
6505633,chips-chocolates-snacks
6505746,chips-chocolates-snacks
6505815,chips-chocolates-snacks
6507399,chips-chocolates-snacks
6523497,chips-chocolates-snacks
6526123,chips-chocolates-snacks
6526134,chips-chocolates-snacks
6529664,chips-chocolates-snacks
6529813,chips-chocolates-snacks
6530721,chips-chocolates-snacks
6538290,chips-chocolates-snacks
6596231,chips-chocolates-snacks
6596311,chips-chocolates-snacks
6596322,chips-chocolates-snacks
6611459,chips-chocolates-snacks
6612021,chips-chocolates-snacks
6612032,chips-chocolates-snacks
6612098,chips-chocolates-snacks
6612225,chips-chocolates-snacks
6612316,chips-chocolates-snacks
6612327,chips-chocolates-snacks
6612440,chips-chocolates-snacks
6615369,chips-chocolates-snacks
6619698,chips-chocolates-snacks
6623017,chips-chocolates-snacks
6623200,chips-chocolates-snacks
6623232,chips-chocolates-snacks
6623334,chips-chocolates-snacks
6634750,chips-chocolates-snacks
6634760,chips-chocolates-snacks
6647864,chips-chocolates-snacks
6648700,chips-chocolates-snacks
6657631,chips-chocolates-snacks
6696382,chips-chocolates-snacks
6696393,chips-chocolates-snacks
6696407,chips-chocolates-snacks
6703783,chips-chocolates-snacks
6739565,chips-chocolates-snacks
6764405,chips-chocolates-snacks
6764416,chips-chocolates-snacks
6767629,chips-chocolates-snacks
6767651,chips-chocolates-snacks
6772389,chips-chocolates-snacks
6772593,chips-chocolates-snacks
6777983,chips-chocolates-snacks
6778079,chips-chocolates-snacks
6783942,chips-chocolates-snacks
6783953,chips-chocolates-snacks
6819755,chips-chocolates-snacks
6823480,chips-chocolates-snacks
6833891,chips-chocolates-snacks
6833927,chips-chocolates-snacks
6833949,chips-chocolates-snacks
6833950,chips-chocolates-snacks
6839220,chips-chocolates-snacks
6839355,chips-chocolates-snacks
6839399,chips-chocolates-snacks
6839446,chips-chocolates-snacks
6843829,chips-chocolates-snacks
6844843,chips-chocolates-snacks
6844854,chips-chocolates-snacks
6845245,chips-chocolates-snacks
6845290,chips-chocolates-snacks
6845369,chips-chocolates-snacks
6845370,chips-chocolates-snacks
6845380,chips-chocolates-snacks
6845653,chips-chocolates-snacks
6845664,chips-chocolates-snacks
6845675,chips-chocolates-snacks
6845799,chips-chocolates-snacks
6846907,chips-chocolates-snacks
6846918,chips-chocolates-snacks
6846929,chips-chocolates-snacks
6871890,chips-chocolates-snacks
6899153,chips-chocolates-snacks
6899164,chips-chocolates-snacks
6899175,chips-chocolates-snacks
6922073,chips-chocolates-snacks
6934607,chips-chocolates-snacks
6934786,chips-chocolates-snacks
6934811,chips-chocolates-snacks
6977600,chips-chocolates-snacks
6989438,chips-chocolates-snacks
6989493,chips-chocolates-snacks
6989529,chips-chocolates-snacks
6991746,chips-chocolates-snacks
6993661,chips-chocolates-snacks
6995383,chips-chocolates-snacks
7018853,chips-chocolates-snacks
7018864,chips-chocolates-snacks
7026567,chips-chocolates-snacks
7029292,chips-chocolates-snacks
7030178,chips-chocolates-snacks
7030269,chips-chocolates-snacks
7033460,chips-chocolates-snacks
7036458,chips-chocolates-snacks
7046859,chips-chocolates-snacks
7046892,chips-chocolates-snacks
7046917,chips-chocolates-snacks
7046928,chips-chocolates-snacks
7046961,chips-chocolates-snacks
7046994,chips-chocolates-snacks
7047057,chips-chocolates-snacks
7047090,chips-chocolates-snacks
7047115,chips-chocolates-snacks
7051939,chips-chocolates-snacks
7062710,chips-chocolates-snacks
7063075,chips-chocolates-snacks
7063280,chips-chocolates-snacks
7073079,chips-chocolates-snacks
7081044,chips-chocolates-snacks
7088892,chips-chocolates-snacks
7107046,chips-chocolates-snacks
7107057,chips-chocolates-snacks
7107079,chips-chocolates-snacks
7109449,chips-chocolates-snacks
7109482,chips-chocolates-snacks
7110379,chips-chocolates-snacks
7112308,chips-chocolates-snacks
7117775,chips-chocolates-snacks
7152448,chips-chocolates-snacks
7152550,chips-chocolates-snacks
7156799,chips-chocolates-snacks
7157033,chips-chocolates-snacks
7157168,chips-chocolates-snacks
7169280,chips-chocolates-snacks
7171103,chips-chocolates-snacks
7216460,chips-chocolates-snacks
7220923,chips-chocolates-snacks
7220934,chips-chocolates-snacks
7242267,chips-chocolates-snacks
7243805,chips-chocolates-snacks
7251224,chips-chocolates-snacks
7251359,chips-chocolates-snacks
7265400,chips-chocolates-snacks
7275630,chips-chocolates-snacks
7283898,chips-chocolates-snacks
7291003,chips-chocolates-snacks
7294963,chips-chocolates-snacks
7327585,chips-chocolates-snacks
7364286,chips-chocolates-snacks
7364333,chips-chocolates-snacks
7365303,chips-chocolates-snacks
7377186,chips-chocolates-snacks
7378291,chips-chocolates-snacks
7378418,chips-chocolates-snacks
7398379,chips-chocolates-snacks
7398426,chips-chocolates-snacks
7416641,chips-chocolates-snacks
7433083,chips-chocolates-snacks
7433287,chips-chocolates-snacks
7436434,chips-chocolates-snacks
7439341,chips-chocolates-snacks
7439782,chips-chocolates-snacks
7445402,chips-chocolates-snacks
7445796,chips-chocolates-snacks
7445800,chips-chocolates-snacks
7449946,chips-chocolates-snacks
7450504,chips-chocolates-snacks
7468929,chips-chocolates-snacks
7481440,chips-chocolates-snacks
7482395,chips-chocolates-snacks
7483434,chips-chocolates-snacks
7483558,chips-chocolates-snacks
7484540,chips-chocolates-snacks
7492399,chips-chocolates-snacks
7499274,chips-chocolates-snacks
7509957,chips-chocolates-snacks
7509968,chips-chocolates-snacks
7512907,chips-chocolates-snacks
7514301,chips-chocolates-snacks
7522693,chips-chocolates-snacks
7524076,chips-chocolates-snacks
7524167,chips-chocolates-snacks
7524247,chips-chocolates-snacks
7526366,chips-chocolates-snacks
7526399,chips-chocolates-snacks
7526446,chips-chocolates-snacks
7528565,chips-chocolates-snacks
7531402,chips-chocolates-snacks
7531537,chips-chocolates-snacks
7533893,chips-chocolates-snacks
7533907,chips-chocolates-snacks
7540833,chips-chocolates-snacks
7540935,chips-chocolates-snacks
7540946,chips-chocolates-snacks
7543117,chips-chocolates-snacks
7581841,chips-chocolates-snacks
7582094,chips-chocolates-snacks
7623974,chips-chocolates-snacks
7637301,chips-chocolates-snacks
7639282,chips-chocolates-snacks
7647270,chips-chocolates-snacks
7647451,chips-chocolates-snacks
7648090,chips-chocolates-snacks
7650140,chips-chocolates-snacks
7650321,chips-chocolates-snacks
7650343,chips-chocolates-snacks
7650354,chips-chocolates-snacks
7650376,chips-chocolates-snacks
7657557,chips-chocolates-snacks
7657896,chips-chocolates-snacks
7658833,chips-chocolates-snacks
7659224,chips-chocolates-snacks
7659585,chips-chocolates-snacks
7659665,chips-chocolates-snacks
7659676,chips-chocolates-snacks
7659687,chips-chocolates-snacks
7659869,chips-chocolates-snacks
7659870,chips-chocolates-snacks
7659880,chips-chocolates-snacks
7669228,chips-chocolates-snacks
7671671,chips-chocolates-snacks
7671682,chips-chocolates-snacks
7671718,chips-chocolates-snacks
7671729,chips-chocolates-snacks
7676347,chips-chocolates-snacks
7694371,chips-chocolates-snacks
7743499,chips-chocolates-snacks
7748051,chips-chocolates-snacks
7750280,chips-chocolates-snacks
7755670,chips-chocolates-snacks
7757074,chips-chocolates-snacks
7767770,chips-chocolates-snacks
7798457,chips-chocolates-snacks
7843868,chips-chocolates-snacks
7843879,chips-chocolates-snacks
7843880,chips-chocolates-snacks
7843890,chips-chocolates-snacks
7843904,chips-chocolates-snacks
7843915,chips-chocolates-snacks
7844339,chips-chocolates-snacks
7844420,chips-chocolates-snacks
7844441,chips-chocolates-snacks
7856666,chips-chocolates-snacks
7862884,chips-chocolates-snacks
7864686,chips-chocolates-snacks
7864915,chips-chocolates-snacks
7879468,chips-chocolates-snacks
7908318,chips-chocolates-snacks
7908373,chips-chocolates-snacks
7908384,chips-chocolates-snacks
7908395,chips-chocolates-snacks
7908409,chips-chocolates-snacks
7908410,chips-chocolates-snacks
7908453,chips-chocolates-snacks
7983970,chips-chocolates-snacks
7983980,chips-chocolates-snacks
7984021,chips-chocolates-snacks
8000070,chips-chocolates-snacks
8013640,chips-chocolates-snacks
8015056,chips-chocolates-snacks
8015114,chips-chocolates-snacks
8015522,chips-chocolates-snacks
8015624,chips-chocolates-snacks
8072435,chips-chocolates-snacks
8072537,chips-chocolates-snacks
8073416,chips-chocolates-snacks
8073427,chips-chocolates-snacks
8073460,chips-chocolates-snacks
8073493,chips-chocolates-snacks
8073507,chips-chocolates-snacks
8073529,chips-chocolates-snacks
8074033,chips-chocolates-snacks
8074204,chips-chocolates-snacks
8074226,chips-chocolates-snacks
8083759,chips-chocolates-snacks
8132843,chips-chocolates-snacks
8133336,chips-chocolates-snacks
8135400,chips-chocolates-snacks
8136946,chips-chocolates-snacks
8136990,chips-chocolates-snacks
8138045,chips-chocolates-snacks
8141651,chips-chocolates-snacks
8142406,chips-chocolates-snacks
8142563,chips-chocolates-snacks
8146473,chips-chocolates-snacks
8156535,chips-chocolates-snacks
8156557,chips-chocolates-snacks
8157108,chips-chocolates-snacks
8162630,chips-chocolates-snacks
8163392,chips-chocolates-snacks
8165900,chips-chocolates-snacks
8166346,chips-chocolates-snacks
8166460,chips-chocolates-snacks
8169923,chips-chocolates-snacks
8169934,chips-chocolates-snacks
8169945,chips-chocolates-snacks
8170252,chips-chocolates-snacks
8170263,chips-chocolates-snacks
8170456,chips-chocolates-snacks
8170478,chips-chocolates-snacks
8170489,chips-chocolates-snacks
8170503,chips-chocolates-snacks
8189705,chips-chocolates-snacks
8213796,chips-chocolates-snacks
8219883,chips-chocolates-snacks
8221251,chips-chocolates-snacks
8221386,chips-chocolates-snacks
8221524,chips-chocolates-snacks
8229672,chips-chocolates-snacks
8387571,chips-chocolates-snacks
8387630,chips-chocolates-snacks
8421590,chips-chocolates-snacks
8425557,chips-chocolates-snacks
8445871,chips-chocolates-snacks
8446284,chips-chocolates-snacks
8446626,chips-chocolates-snacks
8447276,chips-chocolates-snacks
8447287,chips-chocolates-snacks
8447356,chips-chocolates-snacks
8447378,chips-chocolates-snacks
8447630,chips-chocolates-snacks
8447775,chips-chocolates-snacks
8461211,chips-chocolates-snacks
8464592,chips-chocolates-snacks
8464606,chips-chocolates-snacks
8464628,chips-chocolates-snacks
8477040,chips-chocolates-snacks
8481558,chips-chocolates-snacks
8483189,chips-chocolates-snacks
8483236,chips-chocolates-snacks
8484884,chips-chocolates-snacks
8484975,chips-chocolates-snacks
8485399,chips-chocolates-snacks
8486019,chips-chocolates-snacks
8486449,chips-chocolates-snacks
8530198,chips-chocolates-snacks
8544181,chips-chocolates-snacks
8544217,chips-chocolates-snacks
8544320,chips-chocolates-snacks
8544330,chips-chocolates-snacks
8544341,chips-chocolates-snacks
8544396,chips-chocolates-snacks
8550446,chips-chocolates-snacks
8556544,chips-chocolates-snacks
8556555,chips-chocolates-snacks
8564633,chips-chocolates-snacks
8588609,chips-chocolates-snacks
8593019,chips-chocolates-snacks
8593030,chips-chocolates-snacks
8593165,chips-chocolates-snacks
8593289,chips-chocolates-snacks
8593427,chips-chocolates-snacks
8594394,chips-chocolates-snacks
8594420,chips-chocolates-snacks
8638241,chips-chocolates-snacks
8638263,chips-chocolates-snacks
8638285,chips-chocolates-snacks
8638300,chips-chocolates-snacks
8638456,chips-chocolates-snacks
8638467,chips-chocolates-snacks
8644175,chips-chocolates-snacks
8646782,chips-chocolates-snacks
8646793,chips-chocolates-snacks
8655375,chips-chocolates-snacks
8657392,chips-chocolates-snacks
8659650,chips-chocolates-snacks
8659682,chips-chocolates-snacks
8677560,chips-chocolates-snacks
8678508,chips-chocolates-snacks
8678520,chips-chocolates-snacks
8684850,chips-chocolates-snacks
8694333,chips-chocolates-snacks
8707049,chips-chocolates-snacks
8712399,chips-chocolates-snacks
8712402,chips-chocolates-snacks
8712424,chips-chocolates-snacks
8712435,chips-chocolates-snacks
8712479,chips-chocolates-snacks
8712480,chips-chocolates-snacks
8712504,chips-chocolates-snacks
8712515,chips-chocolates-snacks
8712526,chips-chocolates-snacks
8712537,chips-chocolates-snacks
8731258,chips-chocolates-snacks
8752316,chips-chocolates-snacks
8765511,chips-chocolates-snacks
8782000,chips-chocolates-snacks
8782022,chips-chocolates-snacks
8782033,chips-chocolates-snacks
8782044,chips-chocolates-snacks
8782066,chips-chocolates-snacks
8782099,chips-chocolates-snacks
8782463,chips-chocolates-snacks
8783900,chips-chocolates-snacks
8783910,chips-chocolates-snacks
8783943,chips-chocolates-snacks
8783954,chips-chocolates-snacks
8787570,chips-chocolates-snacks
8787580,chips-chocolates-snacks
8787616,chips-chocolates-snacks
8801138,chips-chocolates-snacks
8805864,chips-chocolates-snacks
8841405,chips-chocolates-snacks
8842022,chips-chocolates-snacks
8849564,chips-chocolates-snacks
8885965,chips-chocolates-snacks
8934674,chips-chocolates-snacks
8934696,chips-chocolates-snacks
8935032,chips-chocolates-snacks
8935473,chips-chocolates-snacks
8935688,chips-chocolates-snacks
8935940,chips-chocolates-snacks
8936013,chips-chocolates-snacks
8938620,chips-chocolates-snacks
8986033,chips-chocolates-snacks
8993276,chips-chocolates-snacks
8997153,chips-chocolates-snacks
9000054,chips-chocolates-snacks
9000065,chips-chocolates-snacks
9000076,chips-chocolates-snacks
9010954,chips-chocolates-snacks
9011028,chips-chocolates-snacks
9043170,chips-chocolates-snacks
9045314,chips-chocolates-snacks
9046430,chips-chocolates-snacks
9050030,chips-chocolates-snacks
9050165,chips-chocolates-snacks
9050471,chips-chocolates-snacks
9050507,chips-chocolates-snacks
9050518,chips-chocolates-snacks
9050595,chips-chocolates-snacks
9050653,chips-chocolates-snacks
9050664,chips-chocolates-snacks
9050675,chips-chocolates-snacks
9053447,chips-chocolates-snacks
9053469,chips-chocolates-snacks
9053480,chips-chocolates-snacks
9053491,chips-chocolates-snacks
9053516,chips-chocolates-snacks
9053527,chips-chocolates-snacks
9053538,chips-chocolates-snacks
9053571,chips-chocolates-snacks
9053607,chips-chocolates-snacks
9053662,chips-chocolates-snacks
9053673,chips-chocolates-snacks
9053695,chips-chocolates-snacks
9053844,chips-chocolates-snacks
9054610,chips-chocolates-snacks
9054654,chips-chocolates-snacks
9054858,chips-chocolates-snacks
9054870,chips-chocolates-snacks
9056820,chips-chocolates-snacks
9056853,chips-chocolates-snacks
9057390,chips-chocolates-snacks
9058407,chips-chocolates-snacks
9058429,chips-chocolates-snacks
9058509,chips-chocolates-snacks
9058575,chips-chocolates-snacks
9058677,chips-chocolates-snacks
9059320,chips-chocolates-snacks
9059873,chips-chocolates-snacks
9060045,chips-chocolates-snacks
9060056,chips-chocolates-snacks
9060227,chips-chocolates-snacks
9060271,chips-chocolates-snacks
9060307,chips-chocolates-snacks
9061220,chips-chocolates-snacks
9062572,chips-chocolates-snacks
9062710,chips-chocolates-snacks
9064400,chips-chocolates-snacks
9065854,chips-chocolates-snacks
9066303,chips-chocolates-snacks
9066766,chips-chocolates-snacks
9066813,chips-chocolates-snacks
9066948,chips-chocolates-snacks
9067340,chips-chocolates-snacks
9067441,chips-chocolates-snacks
9067601,chips-chocolates-snacks
9068105,chips-chocolates-snacks
9068127,chips-chocolates-snacks
9068193,chips-chocolates-snacks
9068229,chips-chocolates-snacks
9069039,chips-chocolates-snacks
9073193,chips-chocolates-snacks
9079586,chips-chocolates-snacks
9079961,chips-chocolates-snacks
9086388,chips-chocolates-snacks
9086399,chips-chocolates-snacks
9086592,chips-chocolates-snacks
9092482,chips-chocolates-snacks
9095516,chips-chocolates-snacks
9109428,chips-chocolates-snacks
9109880,chips-chocolates-snacks
9126416,chips-chocolates-snacks
9131788,chips-chocolates-snacks
9131799,chips-chocolates-snacks
9131835,chips-chocolates-snacks
9131846,chips-chocolates-snacks
9132099,chips-chocolates-snacks
9132102,chips-chocolates-snacks
9132113,chips-chocolates-snacks
9139462,chips-chocolates-snacks
9139724,chips-chocolates-snacks
9152540,chips-chocolates-snacks
9164696,chips-chocolates-snacks
9166115,chips-chocolates-snacks
9169576,chips-chocolates-snacks
9169601,chips-chocolates-snacks
9185164,chips-chocolates-snacks
9186065,chips-chocolates-snacks
9193661,chips-chocolates-snacks
9194290,chips-chocolates-snacks
9194631,chips-chocolates-snacks
9208102,chips-chocolates-snacks
9208113,chips-chocolates-snacks
9220094,chips-chocolates-snacks
9221042,chips-chocolates-snacks
9229441,chips-chocolates-snacks
9231206,chips-chocolates-snacks
9231862,chips-chocolates-snacks
9248785,chips-chocolates-snacks
9249744,chips-chocolates-snacks
9255248,chips-chocolates-snacks
9255306,chips-chocolates-snacks
9255587,chips-chocolates-snacks
9255601,chips-chocolates-snacks
9260011,chips-chocolates-snacks
9260099,chips-chocolates-snacks
9260124,chips-chocolates-snacks
9260168,chips-chocolates-snacks
9262301,chips-chocolates-snacks
9264250,chips-chocolates-snacks
9264260,chips-chocolates-snacks
9272940,chips-chocolates-snacks
9278979,chips-chocolates-snacks
9401190,chips-chocolates-snacks
9405840,chips-chocolates-snacks
9444444,chips-chocolates-snacks
9460520,chips-chocolates-snacks
9498895,chips-chocolates-snacks
9503532,chips-chocolates-snacks
9503543,chips-chocolates-snacks
9524521,chips-chocolates-snacks
9530138,chips-chocolates-snacks
9564195,chips-chocolates-snacks
9564526,chips-chocolates-snacks
9589265,chips-chocolates-snacks
9611772,chips-chocolates-snacks
9611783,chips-chocolates-snacks
9628571,chips-chocolates-snacks
9633786,chips-chocolates-snacks
9635216,chips-chocolates-snacks
9702459,chips-chocolates-snacks
9702619,chips-chocolates-snacks
9702856,chips-chocolates-snacks
9732289,chips-chocolates-snacks
9735684,chips-chocolates-snacks
9765404,chips-chocolates-snacks
9768617,chips-chocolates-snacks
9773038,chips-chocolates-snacks
9775601,chips-chocolates-snacks
9794162,chips-chocolates-snacks
9827090,chips-chocolates-snacks
9851801,chips-chocolates-snacks
9898270,chips-chocolates-snacks
9899342,chips-chocolates-snacks
9901058,chips-chocolates-snacks
9901615,chips-chocolates-snacks
9944196,chips-chocolates-snacks
9945111,chips-chocolates-snacks
9945643,chips-chocolates-snacks
9960873,chips-chocolates-snacks
9960884,chips-chocolates-snacks
9999325,chips-chocolates-snacks
9999336,chips-chocolates-snacks
9999347,chips-chocolates-snacks
9999358,chips-chocolates-snacks
8090,cleaning-laundry
25012,cleaning-laundry
26139,cleaning-laundry
43182,cleaning-laundry
61253,cleaning-laundry
76862,cleaning-laundry
80430,cleaning-laundry
106282,cleaning-laundry
106395,cleaning-laundry
106726,cleaning-laundry
107208,cleaning-laundry
110417,cleaning-laundry
112070,cleaning-laundry
112365,cleaning-laundry
112503,cleaning-laundry
116650,cleaning-laundry
147767,cleaning-laundry
147803,cleaning-laundry
159325,cleaning-laundry
159540,cleaning-laundry
170328,cleaning-laundry
170339,cleaning-laundry
170350,cleaning-laundry
184741,cleaning-laundry
205171,cleaning-laundry
221462,cleaning-laundry
221713,cleaning-laundry
234624,cleaning-laundry
252455,cleaning-laundry
255861,cleaning-laundry
277886,cleaning-laundry
296949,cleaning-laundry
297792,cleaning-laundry
299608,cleaning-laundry
301754,cleaning-laundry
309461,cleaning-laundry
324137,cleaning-laundry
324997,cleaning-laundry
325005,cleaning-laundry
352904,cleaning-laundry
385594,cleaning-laundry
397775,cleaning-laundry
397786,cleaning-laundry
429306,cleaning-laundry
432978,cleaning-laundry
435364,cleaning-laundry
439649,cleaning-laundry
448912,cleaning-laundry
455452,cleaning-laundry
455907,cleaning-laundry
460102,cleaning-laundry
1011013,cleaning-laundry
1012785,cleaning-laundry
1012796,cleaning-laundry
1012876,cleaning-laundry
1012898,cleaning-laundry
1012923,cleaning-laundry
1012945,cleaning-laundry
1012956,cleaning-laundry
1012967,cleaning-laundry
1012989,cleaning-laundry
1013100,cleaning-laundry
1013289,cleaning-laundry
1013529,cleaning-laundry
1013530,cleaning-laundry
1013653,cleaning-laundry
1013697,cleaning-laundry
1013959,cleaning-laundry
1014995,cleaning-laundry
1015091,cleaning-laundry
1015932,cleaning-laundry
1015943,cleaning-laundry
1015987,cleaning-laundry
1016120,cleaning-laundry
1016130,cleaning-laundry
1019310,cleaning-laundry
1019332,cleaning-laundry
1019354,cleaning-laundry
1019398,cleaning-laundry
1019412,cleaning-laundry
1019445,cleaning-laundry
1020397,cleaning-laundry
1022950,cleaning-laundry
1022982,cleaning-laundry
1023486,cleaning-laundry
1024605,cleaning-laundry
1024616,cleaning-laundry
1024660,cleaning-laundry
1024682,cleaning-laundry
1025528,cleaning-laundry
1025936,cleaning-laundry
1034336,cleaning-laundry
1056383,cleaning-laundry
1056394,cleaning-laundry
1056419,cleaning-laundry
1056420,cleaning-laundry
1060653,cleaning-laundry
1060970,cleaning-laundry
1060992,cleaning-laundry
1061000,cleaning-laundry
1061099,cleaning-laundry
1061350,cleaning-laundry
1061521,cleaning-laundry
1061587,cleaning-laundry
1061601,cleaning-laundry
1061612,cleaning-laundry
1061634,cleaning-laundry
1061645,cleaning-laundry
1061656,cleaning-laundry
1061667,cleaning-laundry
1061689,cleaning-laundry
1061690,cleaning-laundry
1061703,cleaning-laundry
1061725,cleaning-laundry
1061736,cleaning-laundry
1061747,cleaning-laundry
1061791,cleaning-laundry
1061805,cleaning-laundry
1061816,cleaning-laundry
1062116,cleaning-laundry
1062127,cleaning-laundry
1062138,cleaning-laundry
1062160,cleaning-laundry
1062433,cleaning-laundry
1062659,cleaning-laundry
1062660,cleaning-laundry
1063061,cleaning-laundry
1063130,cleaning-laundry
1063141,cleaning-laundry
1066354,cleaning-laundry
1072517,cleaning-laundry
1072528,cleaning-laundry
1072947,cleaning-laundry
1073906,cleaning-laundry
1073917,cleaning-laundry
1073939,cleaning-laundry
1073940,cleaning-laundry
1073950,cleaning-laundry
1073961,cleaning-laundry
1073972,cleaning-laundry
1074046,cleaning-laundry
1074750,cleaning-laundry
1074942,cleaning-laundry
1075027,cleaning-laundry
1075038,cleaning-laundry
1075118,cleaning-laundry
1077463,cleaning-laundry
1077510,cleaning-laundry
1079822,cleaning-laundry
1108330,cleaning-laundry
1112509,cleaning-laundry
1112510,cleaning-laundry
1112520,cleaning-laundry
1117070,cleaning-laundry
1135606,cleaning-laundry
1136981,cleaning-laundry
1140016,cleaning-laundry
1140050,cleaning-laundry
1142930,cleaning-laundry
1143852,cleaning-laundry
1143863,cleaning-laundry
1143885,cleaning-laundry
1145428,cleaning-laundry
1145440,cleaning-laundry
1155942,cleaning-laundry
1156300,cleaning-laundry
1156311,cleaning-laundry
1156333,cleaning-laundry
1156377,cleaning-laundry
1156694,cleaning-laundry
1156821,cleaning-laundry
1156832,cleaning-laundry
1182876,cleaning-laundry
1182956,cleaning-laundry
1262374,cleaning-laundry
1268224,cleaning-laundry
1276823,cleaning-laundry
1278159,cleaning-laundry
1281572,cleaning-laundry
1314365,cleaning-laundry
1324992,cleaning-laundry
1332378,cleaning-laundry
1332458,cleaning-laundry
1332470,cleaning-laundry
1332797,cleaning-laundry
1332811,cleaning-laundry
1333268,cleaning-laundry
1388770,cleaning-laundry
1388780,cleaning-laundry
1388791,cleaning-laundry
1388805,cleaning-laundry
1388816,cleaning-laundry
1420566,cleaning-laundry
1420577,cleaning-laundry
1420588,cleaning-laundry
1420599,cleaning-laundry
1420602,cleaning-laundry
1420613,cleaning-laundry
1420624,cleaning-laundry
1466851,cleaning-laundry
1470815,cleaning-laundry
1470860,cleaning-laundry
1470961,cleaning-laundry
1471625,cleaning-laundry
1471670,cleaning-laundry
1471691,cleaning-laundry
1473041,cleaning-laundry
1474521,cleaning-laundry
1474554,cleaning-laundry
1507325,cleaning-laundry
1515196,cleaning-laundry
1515200,cleaning-laundry
1517078,cleaning-laundry
1517090,cleaning-laundry
1517170,cleaning-laundry
1549030,cleaning-laundry
1549041,cleaning-laundry
1549052,cleaning-laundry
1549063,cleaning-laundry
1565310,cleaning-laundry
1586183,cleaning-laundry
1586219,cleaning-laundry
1587346,cleaning-laundry
1587856,cleaning-laundry
1587890,cleaning-laundry
1587936,cleaning-laundry
1588305,cleaning-laundry
1588316,cleaning-laundry
1588327,cleaning-laundry
1588350,cleaning-laundry
1588360,cleaning-laundry
1591398,cleaning-laundry
1591445,cleaning-laundry
1591467,cleaning-laundry
1591514,cleaning-laundry
1591569,cleaning-laundry
1591718,cleaning-laundry
1591729,cleaning-laundry
1591730,cleaning-laundry
1591740,cleaning-laundry
1591751,cleaning-laundry
1591762,cleaning-laundry
1591773,cleaning-laundry
1591809,cleaning-laundry
1611757,cleaning-laundry
1611768,cleaning-laundry
1619475,cleaning-laundry
1619500,cleaning-laundry
1619533,cleaning-laundry
1619566,cleaning-laundry
1620044,cleaning-laundry
1633614,cleaning-laundry
1633636,cleaning-laundry
1633647,cleaning-laundry
1633658,cleaning-laundry
1633669,cleaning-laundry
1633670,cleaning-laundry
1633680,cleaning-laundry
1633749,cleaning-laundry
1633771,cleaning-laundry
1633793,cleaning-laundry
1633818,cleaning-laundry
1633873,cleaning-laundry
1634173,cleaning-laundry
1634195,cleaning-laundry
1634413,cleaning-laundry
1634424,cleaning-laundry
1639632,cleaning-laundry
1686905,cleaning-laundry
1687170,cleaning-laundry
1687216,cleaning-laundry
1691600,cleaning-laundry
1691610,cleaning-laundry
1691621,cleaning-laundry
1702433,cleaning-laundry
1702477,cleaning-laundry
1702502,cleaning-laundry
1702535,cleaning-laundry
1702557,cleaning-laundry
1702580,cleaning-laundry
1702604,cleaning-laundry
1703039,cleaning-laundry
1703040,cleaning-laundry
1703050,cleaning-laundry
1703061,cleaning-laundry
1704224,cleaning-laundry
1704767,cleaning-laundry
1705090,cleaning-laundry
1710748,cleaning-laundry
1710792,cleaning-laundry
1715082,cleaning-laundry
1721314,cleaning-laundry
1726668,cleaning-laundry
1743022,cleaning-laundry
1745888,cleaning-laundry
1746009,cleaning-laundry
1751111,cleaning-laundry
1757060,cleaning-laundry
1782953,cleaning-laundry
1782964,cleaning-laundry
1788643,cleaning-laundry
1788745,cleaning-laundry
1788756,cleaning-laundry
1788814,cleaning-laundry
1788825,cleaning-laundry
1813365,cleaning-laundry
1825069,cleaning-laundry
1836622,cleaning-laundry
1879498,cleaning-laundry
1897300,cleaning-laundry
1935850,cleaning-laundry
1935872,cleaning-laundry
1935920,cleaning-laundry
1948230,cleaning-laundry
1948284,cleaning-laundry
1948524,cleaning-laundry
1948648,cleaning-laundry
1953954,cleaning-laundry
1955290,cleaning-laundry
1955610,cleaning-laundry
1955621,cleaning-laundry
1960360,cleaning-laundry
1968419,cleaning-laundry
1974036,cleaning-laundry
1974116,cleaning-laundry
1974138,cleaning-laundry
1974149,cleaning-laundry
1975753,cleaning-laundry
1991793,cleaning-laundry
1995852,cleaning-laundry
2003418,cleaning-laundry
2107821,cleaning-laundry
2107865,cleaning-laundry
2179458,cleaning-laundry
2191760,cleaning-laundry
2223662,cleaning-laundry
2225329,cleaning-laundry
2225384,cleaning-laundry
2225395,cleaning-laundry
2244549,cleaning-laundry
2250392,cleaning-laundry
2292756,cleaning-laundry
2346866,cleaning-laundry
2362192,cleaning-laundry
2372640,cleaning-laundry
2372797,cleaning-laundry
2376652,cleaning-laundry
2380944,cleaning-laundry
2387987,cleaning-laundry
2391474,cleaning-laundry
2396220,cleaning-laundry
2445278,cleaning-laundry
2445314,cleaning-laundry
2445427,cleaning-laundry
2454439,cleaning-laundry
2454440,cleaning-laundry
2458837,cleaning-laundry
2463350,cleaning-laundry
2463371,cleaning-laundry
2464498,cleaning-laundry
2469469,cleaning-laundry
2469775,cleaning-laundry
2470231,cleaning-laundry
2478313,cleaning-laundry
2503410,cleaning-laundry
2538743,cleaning-laundry
2542536,cleaning-laundry
2542547,cleaning-laundry
2594507,cleaning-laundry
2597877,cleaning-laundry
2621392,cleaning-laundry
2682455,cleaning-laundry
2682466,cleaning-laundry
2682488,cleaning-laundry
2682659,cleaning-laundry
2682660,cleaning-laundry
2688214,cleaning-laundry
2709857,cleaning-laundry
2730784,cleaning-laundry
2731007,cleaning-laundry
2731030,cleaning-laundry
2731142,cleaning-laundry
2731186,cleaning-laundry
2731211,cleaning-laundry
2731481,cleaning-laundry
2731492,cleaning-laundry
2731561,cleaning-laundry
2731630,cleaning-laundry
2731776,cleaning-laundry
2732076,cleaning-laundry
2743582,cleaning-laundry
2743607,cleaning-laundry
2747299,cleaning-laundry
2749170,cleaning-laundry
2749239,cleaning-laundry
2749670,cleaning-laundry
2749738,cleaning-laundry
2749749,cleaning-laundry
2758728,cleaning-laundry
2765600,cleaning-laundry
2765698,cleaning-laundry
2768619,cleaning-laundry
2769881,cleaning-laundry
2770279,cleaning-laundry
2786676,cleaning-laundry
2786701,cleaning-laundry
2786723,cleaning-laundry
2787067,cleaning-laundry
2787103,cleaning-laundry
2791847,cleaning-laundry
2791870,cleaning-laundry
2791880,cleaning-laundry
2791891,cleaning-laundry
2791905,cleaning-laundry
2797617,cleaning-laundry
2817146,cleaning-laundry
2817190,cleaning-laundry
2818025,cleaning-laundry
2828018,cleaning-laundry
2832795,cleaning-laundry
2832820,cleaning-laundry
2832831,cleaning-laundry
2833620,cleaning-laundry
2855881,cleaning-laundry
2858766,cleaning-laundry
2861512,cleaning-laundry
2896583,cleaning-laundry
2899719,cleaning-laundry
2899785,cleaning-laundry
2900534,cleaning-laundry
2909302,cleaning-laundry
2910174,cleaning-laundry
2910232,cleaning-laundry
2912737,cleaning-laundry
2914029,cleaning-laundry
2915338,cleaning-laundry
2918256,cleaning-laundry
2959821,cleaning-laundry
3014067,cleaning-laundry
3014103,cleaning-laundry
3014147,cleaning-laundry
3014169,cleaning-laundry
3014191,cleaning-laundry
3015616,cleaning-laundry
3024901,cleaning-laundry
3026420,cleaning-laundry
3032819,cleaning-laundry
3033185,cleaning-laundry
3035012,cleaning-laundry
3035045,cleaning-laundry
3035056,cleaning-laundry
3035067,cleaning-laundry
3041300,cleaning-laundry
3048310,cleaning-laundry
3055202,cleaning-laundry
3055257,cleaning-laundry
3055268,cleaning-laundry
3055290,cleaning-laundry
3056249,cleaning-laundry
3056282,cleaning-laundry
3056420,cleaning-laundry
3057591,cleaning-laundry
3057627,cleaning-laundry
3059032,cleaning-laundry
3059203,cleaning-laundry
3059214,cleaning-laundry
3059247,cleaning-laundry
3059407,cleaning-laundry
3059848,cleaning-laundry
3060235,cleaning-laundry
3064076,cleaning-laundry
3091578,cleaning-laundry
3116362,cleaning-laundry
3119688,cleaning-laundry
3121318,cleaning-laundry
3121431,cleaning-laundry
3121453,cleaning-laundry
3123200,cleaning-laundry
3123380,cleaning-laundry
3123390,cleaning-laundry
3123561,cleaning-laundry
3123743,cleaning-laundry
3124269,cleaning-laundry
3124327,cleaning-laundry
3125512,cleaning-laundry
3125534,cleaning-laundry
3125545,cleaning-laundry
3125590,cleaning-laundry
3125807,cleaning-laundry
3127846,cleaning-laundry
3127868,cleaning-laundry
3127948,cleaning-laundry
3127970,cleaning-laundry
3128000,cleaning-laundry
3128022,cleaning-laundry
3132245,cleaning-laundry
3137431,cleaning-laundry
3137806,cleaning-laundry
3139142,cleaning-laundry
3146160,cleaning-laundry
3146294,cleaning-laundry
3146556,cleaning-laundry
3147355,cleaning-laundry
3152311,cleaning-laundry
3152388,cleaning-laundry
3157745,cleaning-laundry
3164060,cleaning-laundry
3164117,cleaning-laundry
3176433,cleaning-laundry
3185398,cleaning-laundry
3193545,cleaning-laundry
3196430,cleaning-laundry
3196645,cleaning-laundry
3196667,cleaning-laundry
3199010,cleaning-laundry
3208697,cleaning-laundry
3208700,cleaning-laundry
3208890,cleaning-laundry
3216607,cleaning-laundry
3220127,cleaning-laundry
3220171,cleaning-laundry
3223034,cleaning-laundry
3223410,cleaning-laundry
3223442,cleaning-laundry
3224296,cleaning-laundry
3224944,cleaning-laundry
3224955,cleaning-laundry
3229824,cleaning-laundry
3260620,cleaning-laundry
3310300,cleaning-laundry
3310354,cleaning-laundry
3310401,cleaning-laundry
3311620,cleaning-laundry
3311845,cleaning-laundry
3313669,cleaning-laundry
3314796,cleaning-laundry
3314800,cleaning-laundry
3319701,cleaning-laundry
3364794,cleaning-laundry
3364808,cleaning-laundry
3380531,cleaning-laundry
3384394,cleaning-laundry
3384408,cleaning-laundry
3397953,cleaning-laundry
3411001,cleaning-laundry
3411045,cleaning-laundry
3411056,cleaning-laundry
3413415,cleaning-laundry
3413437,cleaning-laundry
3413448,cleaning-laundry
3413459,cleaning-laundry
3422664,cleaning-laundry
3424251,cleaning-laundry
3448657,cleaning-laundry
3455991,cleaning-laundry
3465157,cleaning-laundry
3466659,cleaning-laundry
3466660,cleaning-laundry
3473348,cleaning-laundry
3476040,cleaning-laundry
3476051,cleaning-laundry
3476084,cleaning-laundry
3514194,cleaning-laundry
3514241,cleaning-laundry
3514682,cleaning-laundry
3517115,cleaning-laundry
3524358,cleaning-laundry
3563247,cleaning-laundry
3565424,cleaning-laundry
3573375,cleaning-laundry
3573513,cleaning-laundry
3573557,cleaning-laundry
3573568,cleaning-laundry
3575483,cleaning-laundry
3575949,cleaning-laundry
3579881,cleaning-laundry
3582784,cleaning-laundry
3582795,cleaning-laundry
3591956,cleaning-laundry
3629083,cleaning-laundry
3633105,cleaning-laundry
3633138,cleaning-laundry
3633149,cleaning-laundry
3633160,cleaning-laundry
3646220,cleaning-laundry
3647799,cleaning-laundry
3655913,cleaning-laundry
3656144,cleaning-laundry
3656177,cleaning-laundry
3656224,cleaning-laundry
3661246,cleaning-laundry
3661268,cleaning-laundry
3667774,cleaning-laundry
3679128,cleaning-laundry
3721268,cleaning-laundry
3721279,cleaning-laundry
3721304,cleaning-laundry
3721326,cleaning-laundry
3721337,cleaning-laundry
3721359,cleaning-laundry
3721370,cleaning-laundry
3721381,cleaning-laundry
3733019,cleaning-laundry
3736980,cleaning-laundry
3738770,cleaning-laundry
3738792,cleaning-laundry
3738806,cleaning-laundry
3738952,cleaning-laundry
3739194,cleaning-laundry
3739208,cleaning-laundry
3739219,cleaning-laundry
3741800,cleaning-laundry
3741844,cleaning-laundry
3742020,cleaning-laundry
3742315,cleaning-laundry
3742326,cleaning-laundry
3742461,cleaning-laundry
3742778,cleaning-laundry
3743329,cleaning-laundry
3744660,cleaning-laundry
3744671,cleaning-laundry
3744682,cleaning-laundry
3744693,cleaning-laundry
3744707,cleaning-laundry
3744740,cleaning-laundry
3744773,cleaning-laundry
3774581,cleaning-laundry
3774592,cleaning-laundry
3774606,cleaning-laundry
3774639,cleaning-laundry
3774694,cleaning-laundry
3774923,cleaning-laundry
3774934,cleaning-laundry
3774967,cleaning-laundry
3779326,cleaning-laundry
3779483,cleaning-laundry
3779494,cleaning-laundry
3779520,cleaning-laundry
3779541,cleaning-laundry
3779643,cleaning-laundry
3783108,cleaning-laundry
3783185,cleaning-laundry
3783200,cleaning-laundry
3783298,cleaning-laundry
3783447,cleaning-laundry
3785420,cleaning-laundry
3787969,cleaning-laundry
3788000,cleaning-laundry
3790420,cleaning-laundry
3790861,cleaning-laundry
3790908,cleaning-laundry
3793790,cleaning-laundry
3793906,cleaning-laundry
3794137,cleaning-laundry
3794181,cleaning-laundry
3794272,cleaning-laundry
3794319,cleaning-laundry
3794400,cleaning-laundry
3794410,cleaning-laundry
3794465,cleaning-laundry
3794487,cleaning-laundry
3794534,cleaning-laundry
3794556,cleaning-laundry
3796835,cleaning-laundry
3797893,cleaning-laundry
3798342,cleaning-laundry
3799050,cleaning-laundry
3812760,cleaning-laundry
3823701,cleaning-laundry
3823723,cleaning-laundry
3823734,cleaning-laundry
3828705,cleaning-laundry
3828727,cleaning-laundry
3828738,cleaning-laundry
3828760,cleaning-laundry
3838549,cleaning-laundry
3838560,cleaning-laundry
3838968,cleaning-laundry
3838979,cleaning-laundry
3839213,cleaning-laundry
3839348,cleaning-laundry
3840529,cleaning-laundry
3845974,cleaning-laundry
3849115,cleaning-laundry
3849126,cleaning-laundry
3849137,cleaning-laundry
3849498,cleaning-laundry
3851682,cleaning-laundry
3851831,cleaning-laundry
3852095,cleaning-laundry
3852131,cleaning-laundry
3856529,cleaning-laundry
3861530,cleaning-laundry
3861642,cleaning-laundry
3861799,cleaning-laundry
3861824,cleaning-laundry
3862190,cleaning-laundry
3863808,cleaning-laundry
3865723,cleaning-laundry
3865916,cleaning-laundry
3879670,cleaning-laundry
3887760,cleaning-laundry
3887985,cleaning-laundry
3888015,cleaning-laundry
3888048,cleaning-laundry
3888117,cleaning-laundry
3893650,cleaning-laundry
3894277,cleaning-laundry
3912211,cleaning-laundry
3913510,cleaning-laundry
3913531,cleaning-laundry
3913564,cleaning-laundry
3913597,cleaning-laundry
3913611,cleaning-laundry
3917634,cleaning-laundry
3919888,cleaning-laundry
3920016,cleaning-laundry
3921664,cleaning-laundry
3933368,cleaning-laundry
3933958,cleaning-laundry
3934495,cleaning-laundry
3934509,cleaning-laundry
3955451,cleaning-laundry
3963733,cleaning-laundry
3963755,cleaning-laundry
3963890,cleaning-laundry
3963915,cleaning-laundry
3964328,cleaning-laundry
3967188,cleaning-laundry
3967235,cleaning-laundry
3967304,cleaning-laundry
3967337,cleaning-laundry
3967392,cleaning-laundry
3974092,cleaning-laundry
3974241,cleaning-laundry
3974730,cleaning-laundry
3974886,cleaning-laundry
3974944,cleaning-laundry
3975186,cleaning-laundry
3975460,cleaning-laundry
3975594,cleaning-laundry
3975608,cleaning-laundry
3975641,cleaning-laundry
3979143,cleaning-laundry
3979154,cleaning-laundry
3982487,cleaning-laundry
3982498,cleaning-laundry
3990146,cleaning-laundry
3992673,cleaning-laundry
3996197,cleaning-laundry
3996211,cleaning-laundry
3996222,cleaning-laundry
3996233,cleaning-laundry
3996346,cleaning-laundry
3996379,cleaning-laundry
3996415,cleaning-laundry
3996481,cleaning-laundry
3996492,cleaning-laundry
3996506,cleaning-laundry
3997928,cleaning-laundry
3997940,cleaning-laundry
3997972,cleaning-laundry
4144080,cleaning-laundry
4144250,cleaning-laundry
4144352,cleaning-laundry
4145617,cleaning-laundry
4145639,cleaning-laundry
4145640,cleaning-laundry
4145990,cleaning-laundry
4146653,cleaning-laundry
4149312,cleaning-laundry
4150049,cleaning-laundry
4150479,cleaning-laundry
4150537,cleaning-laundry
4151904,cleaning-laundry
4163379,cleaning-laundry
4163426,cleaning-laundry
4163460,cleaning-laundry
4163481,cleaning-laundry
4197949,cleaning-laundry
4197950,cleaning-laundry
4199740,cleaning-laundry
4199944,cleaning-laundry
4199977,cleaning-laundry
4218324,cleaning-laundry
4218357,cleaning-laundry
4224203,cleaning-laundry
4224291,cleaning-laundry
4224360,cleaning-laundry
4231923,cleaning-laundry
4232008,cleaning-laundry
4232303,cleaning-laundry
4232493,cleaning-laundry
4232595,cleaning-laundry
4232609,cleaning-laundry
4233634,cleaning-laundry
4233645,cleaning-laundry
4233667,cleaning-laundry
4233703,cleaning-laundry
4242737,cleaning-laundry
4248595,cleaning-laundry
4253813,cleaning-laundry
4253904,cleaning-laundry
4253915,cleaning-laundry
4253959,cleaning-laundry
4254598,cleaning-laundry
4256505,cleaning-laundry
4256516,cleaning-laundry
4256979,cleaning-laundry
4258624,cleaning-laundry
4258840,cleaning-laundry
4261276,cleaning-laundry
4261345,cleaning-laundry
4261447,cleaning-laundry
4261516,cleaning-laundry
4261550,cleaning-laundry
4261571,cleaning-laundry
4270798,cleaning-laundry
4273118,cleaning-laundry
4284169,cleaning-laundry
4304823,cleaning-laundry
4304834,cleaning-laundry
4304845,cleaning-laundry
4304867,cleaning-laundry
4317508,cleaning-laundry
4318770,cleaning-laundry
4357557,cleaning-laundry
4359144,cleaning-laundry
4385701,cleaning-laundry
4395556,cleaning-laundry
4396661,cleaning-laundry
4396741,cleaning-laundry
4397165,cleaning-laundry
4399295,cleaning-laundry
4399579,cleaning-laundry
4410751,cleaning-laundry
4418630,cleaning-laundry
4429465,cleaning-laundry
4430908,cleaning-laundry
4444480,cleaning-laundry
4447263,cleaning-laundry
4448007,cleaning-laundry
4448233,cleaning-laundry
4448448,cleaning-laundry
4448460,cleaning-laundry
4448517,cleaning-laundry
4448550,cleaning-laundry
4471188,cleaning-laundry
4471199,cleaning-laundry
4471202,cleaning-laundry
4471213,cleaning-laundry
4473274,cleaning-laundry
4485105,cleaning-laundry
4486040,cleaning-laundry
4486163,cleaning-laundry
4486287,cleaning-laundry
4486312,cleaning-laundry
4486356,cleaning-laundry
4486390,cleaning-laundry
4486447,cleaning-laundry
4486480,cleaning-laundry
4500311,cleaning-laundry
4508084,cleaning-laundry
4509815,cleaning-laundry
4510803,cleaning-laundry
4511318,cleaning-laundry
4557308,cleaning-laundry
4582032,cleaning-laundry
4659487,cleaning-laundry
4659909,cleaning-laundry
4659953,cleaning-laundry
4660034,cleaning-laundry
4660136,cleaning-laundry
4661343,cleaning-laundry
4661354,cleaning-laundry
4663870,cleaning-laundry
4690035,cleaning-laundry
4690046,cleaning-laundry
4690068,cleaning-laundry
4715566,cleaning-laundry
4715602,cleaning-laundry
4729447,cleaning-laundry
4735880,cleaning-laundry
4790801,cleaning-laundry
4792421,cleaning-laundry
4795838,cleaning-laundry
4795984,cleaning-laundry
4810716,cleaning-laundry
4871335,cleaning-laundry
4882932,cleaning-laundry
4883210,cleaning-laundry
4883447,cleaning-laundry
4883458,cleaning-laundry
4883957,cleaning-laundry
4886150,cleaning-laundry
4886161,cleaning-laundry
4888247,cleaning-laundry
4918031,cleaning-laundry
4937488,cleaning-laundry
4937513,cleaning-laundry
4939858,cleaning-laundry
4943200,cleaning-laundry
4951172,cleaning-laundry
4951605,cleaning-laundry
4952415,cleaning-laundry
4998540,cleaning-laundry
5000799,cleaning-laundry
5001088,cleaning-laundry
5001113,cleaning-laundry
5001190,cleaning-laundry
5001260,cleaning-laundry
5003684,cleaning-laundry
5003990,cleaning-laundry
5004891,cleaning-laundry
5005216,cleaning-laundry
5005420,cleaning-laundry
5005464,cleaning-laundry
5005511,cleaning-laundry
5005668,cleaning-laundry
5005792,cleaning-laundry
5006015,cleaning-laundry
5006252,cleaning-laundry
5006638,cleaning-laundry
5006718,cleaning-laundry
5006751,cleaning-laundry
5009330,cleaning-laundry
5012437,cleaning-laundry
5012663,cleaning-laundry
5015005,cleaning-laundry
5015016,cleaning-laundry
5015457,cleaning-laundry
5015763,cleaning-laundry
5015785,cleaning-laundry
5015810,cleaning-laundry
5016278,cleaning-laundry
5016370,cleaning-laundry
5019527,cleaning-laundry
5019855,cleaning-laundry
5019979,cleaning-laundry
5020140,cleaning-laundry
5020300,cleaning-laundry
5020898,cleaning-laundry
5020912,cleaning-laundry
5031045,cleaning-laundry
5032605,cleaning-laundry
5034000,cleaning-laundry
5034134,cleaning-laundry
5034622,cleaning-laundry
5048219,cleaning-laundry
5051235,cleaning-laundry
5052588,cleaning-laundry
5060644,cleaning-laundry
5061090,cleaning-laundry
5061589,cleaning-laundry
5066753,cleaning-laundry
5066913,cleaning-laundry
5066935,cleaning-laundry
5067268,cleaning-laundry
5067315,cleaning-laundry
5067574,cleaning-laundry
5068872,cleaning-laundry
5073486,cleaning-laundry
5075460,cleaning-laundry
5077352,cleaning-laundry
5079314,cleaning-laundry
5080936,cleaning-laundry
5081112,cleaning-laundry
5086740,cleaning-laundry
5091513,cleaning-laundry
5091637,cleaning-laundry
5091660,cleaning-laundry
5095627,cleaning-laundry
5099720,cleaning-laundry
5099865,cleaning-laundry
5100374,cleaning-laundry
5101311,cleaning-laundry
5109335,cleaning-laundry
5109448,cleaning-laundry
5109460,cleaning-laundry
5109674,cleaning-laundry
5110844,cleaning-laundry
5116283,cleaning-laundry
5116319,cleaning-laundry
5116320,cleaning-laundry
5118857,cleaning-laundry
5119893,cleaning-laundry
5119918,cleaning-laundry
5121443,cleaning-laundry
5133023,cleaning-laundry
5134183,cleaning-laundry
5139008,cleaning-laundry
5150124,cleaning-laundry
5150168,cleaning-laundry
5150317,cleaning-laundry
5150601,cleaning-laundry
5150612,cleaning-laundry
5150678,cleaning-laundry
5150747,cleaning-laundry
5155150,cleaning-laundry
5156743,cleaning-laundry
5156889,cleaning-laundry
5159210,cleaning-laundry
5163068,cleaning-laundry
5179057,cleaning-laundry
5185843,cleaning-laundry
5186121,cleaning-laundry
5188998,cleaning-laundry
5197026,cleaning-laundry
5198754,cleaning-laundry
5199622,cleaning-laundry
5211580,cleaning-laundry
5219366,cleaning-laundry
5226408,cleaning-laundry
5228334,cleaning-laundry
5228673,cleaning-laundry
5228695,cleaning-laundry
5228709,cleaning-laundry
5241208,cleaning-laundry
5266570,cleaning-laundry
5286192,cleaning-laundry
5294180,cleaning-laundry
5306518,cleaning-laundry
5307690,cleaning-laundry
5308397,cleaning-laundry
5308499,cleaning-laundry
5308717,cleaning-laundry
5316781,cleaning-laundry
5363373,cleaning-laundry
5396736,cleaning-laundry
5398243,cleaning-laundry
5400028,cleaning-laundry
5400040,cleaning-laundry
5407821,cleaning-laundry
5410021,cleaning-laundry
5417360,cleaning-laundry
5417370,cleaning-laundry
5417381,cleaning-laundry
5418602,cleaning-laundry
5429405,cleaning-laundry
5430233,cleaning-laundry
5435077,cleaning-laundry
5438880,cleaning-laundry
5445660,cleaning-laundry
5445810,cleaning-laundry
5446380,cleaning-laundry
5446481,cleaning-laundry
5454606,cleaning-laundry
5486577,cleaning-laundry
5512837,cleaning-laundry
5531707,cleaning-laundry
5538025,cleaning-laundry
5538036,cleaning-laundry
5554350,cleaning-laundry
5569062,cleaning-laundry
5574572,cleaning-laundry
5578336,cleaning-laundry
5578427,cleaning-laundry
5578802,cleaning-laundry
5590342,cleaning-laundry
5613164,cleaning-laundry
5658184,cleaning-laundry
5673472,cleaning-laundry
5686179,cleaning-laundry
5722374,cleaning-laundry
5749086,cleaning-laundry
5749166,cleaning-laundry
5791796,cleaning-laundry
5793850,cleaning-laundry
5817142,cleaning-laundry
5834527,cleaning-laundry
5865350,cleaning-laundry
5870735,cleaning-laundry
5896648,cleaning-laundry
5896659,cleaning-laundry
5896660,cleaning-laundry
5896670,cleaning-laundry
5916133,cleaning-laundry
5954187,cleaning-laundry
5965740,cleaning-laundry
5971492,cleaning-laundry
5980008,cleaning-laundry
5986864,cleaning-laundry
6000070,cleaning-laundry
6004730,cleaning-laundry
6005299,cleaning-laundry
6005346,cleaning-laundry
6005379,cleaning-laundry
6009631,cleaning-laundry
6010164,cleaning-laundry
6054727,cleaning-laundry
6054738,cleaning-laundry
6062260,cleaning-laundry
6062270,cleaning-laundry
6065381,cleaning-laundry
6068572,cleaning-laundry
6073062,cleaning-laundry
6120231,cleaning-laundry
6121857,cleaning-laundry
6127729,cleaning-laundry
6132183,cleaning-laundry
6132977,cleaning-laundry
6132988,cleaning-laundry
6133233,cleaning-laundry
6133324,cleaning-laundry
6133346,cleaning-laundry
6133368,cleaning-laundry
6133390,cleaning-laundry
6133801,cleaning-laundry
6133903,cleaning-laundry
6133991,cleaning-laundry
6134214,cleaning-laundry
6134360,cleaning-laundry
6134382,cleaning-laundry
6134393,cleaning-laundry
6134586,cleaning-laundry
6134644,cleaning-laundry
6134881,cleaning-laundry
6135487,cleaning-laundry
6138317,cleaning-laundry
6138907,cleaning-laundry
6140498,cleaning-laundry
6152781,cleaning-laundry
6152817,cleaning-laundry
6156079,cleaning-laundry
6156115,cleaning-laundry
6162650,cleaning-laundry
6164576,cleaning-laundry
6261867,cleaning-laundry
6262010,cleaning-laundry
6263217,cleaning-laundry
6264311,cleaning-laundry
6264333,cleaning-laundry
6265085,cleaning-laundry
6265664,cleaning-laundry
6266394,cleaning-laundry
6267047,cleaning-laundry
6269020,cleaning-laundry
6269086,cleaning-laundry
6269246,cleaning-laundry
6272375,cleaning-laundry
6276241,cleaning-laundry
6276274,cleaning-laundry
6290388,cleaning-laundry
6294764,cleaning-laundry
6305179,cleaning-laundry
6306014,cleaning-laundry
6310893,cleaning-laundry
6318181,cleaning-laundry
6318192,cleaning-laundry
6320682,cleaning-laundry
6321131,cleaning-laundry
6322509,cleaning-laundry
6325314,cleaning-laundry
6329621,cleaning-laundry
6329643,cleaning-laundry
6329665,cleaning-laundry
6332557,cleaning-laundry
6335250,cleaning-laundry
6335260,cleaning-laundry
6335340,cleaning-laundry
6342620,cleaning-laundry
6345366,cleaning-laundry
6345388,cleaning-laundry
6362536,cleaning-laundry
6362547,cleaning-laundry
6362558,cleaning-laundry
6383037,cleaning-laundry
6383263,cleaning-laundry
6383285,cleaning-laundry
6383296,cleaning-laundry
6387694,cleaning-laundry
6404534,cleaning-laundry
6417616,cleaning-laundry
6418335,cleaning-laundry
6418700,cleaning-laundry
6419382,cleaning-laundry
6420144,cleaning-laundry
6420224,cleaning-laundry
6420494,cleaning-laundry
6420519,cleaning-laundry
6428667,cleaning-laundry
6428678,cleaning-laundry
6428690,cleaning-laundry
6428791,cleaning-laundry
6428805,cleaning-laundry
6428816,cleaning-laundry
6428827,cleaning-laundry
6428838,cleaning-laundry
6432880,cleaning-laundry
6466804,cleaning-laundry
6478483,cleaning-laundry
6503831,cleaning-laundry
6550820,cleaning-laundry
6560700,cleaning-laundry
6573123,cleaning-laundry
6609162,cleaning-laundry
6609173,cleaning-laundry
6609184,cleaning-laundry
6609195,cleaning-laundry
6619494,cleaning-laundry
6678937,cleaning-laundry
6682719,cleaning-laundry
6700446,cleaning-laundry
6744157,cleaning-laundry
6745477,cleaning-laundry
6783421,cleaning-laundry
6802027,cleaning-laundry
6824450,cleaning-laundry
6824620,cleaning-laundry
6824686,cleaning-laundry
6826692,cleaning-laundry
6828461,cleaning-laundry
6841470,cleaning-laundry
6843079,cleaning-laundry
6846995,cleaning-laundry
6847070,cleaning-laundry
6874334,cleaning-laundry
6885283,cleaning-laundry
6891231,cleaning-laundry
6892030,cleaning-laundry
6897679,cleaning-laundry
6897781,cleaning-laundry
6905052,cleaning-laundry
6919840,cleaning-laundry
6939790,cleaning-laundry
6939892,cleaning-laundry
6943561,cleaning-laundry
6969259,cleaning-laundry
6987341,cleaning-laundry
7023183,cleaning-laundry
7023230,cleaning-laundry
7028030,cleaning-laundry
7035218,cleaning-laundry
7035353,cleaning-laundry
7035375,cleaning-laundry
7035422,cleaning-laundry
7035604,cleaning-laundry
7035626,cleaning-laundry
7035648,cleaning-laundry
7035670,cleaning-laundry
7035681,cleaning-laundry
7039831,cleaning-laundry
7042600,cleaning-laundry
7044376,cleaning-laundry
7070059,cleaning-laundry
7070139,cleaning-laundry
7071131,cleaning-laundry
7071335,cleaning-laundry
7071346,cleaning-laundry
7071357,cleaning-laundry
7071379,cleaning-laundry
7071380,cleaning-laundry
7071390,cleaning-laundry
7072134,cleaning-laundry
7072236,cleaning-laundry
7074581,cleaning-laundry
7080711,cleaning-laundry
7080744,cleaning-laundry
7081260,cleaning-laundry
7082411,cleaning-laundry
7106054,cleaning-laundry
7120408,cleaning-laundry
7139778,cleaning-laundry
7184794,cleaning-laundry
7218080,cleaning-laundry
7316589,cleaning-laundry
7318835,cleaning-laundry
7319306,cleaning-laundry
7319328,cleaning-laundry
7340120,cleaning-laundry
7432411,cleaning-laundry
7434315,cleaning-laundry
7438021,cleaning-laundry
7450220,cleaning-laundry
7450253,cleaning-laundry
7489689,cleaning-laundry
7518346,cleaning-laundry
7534091,cleaning-laundry
7534150,cleaning-laundry
7534182,cleaning-laundry
7534386,cleaning-laundry
7535083,cleaning-laundry
7535301,cleaning-laundry
7556017,cleaning-laundry
7588170,cleaning-laundry
7602930,cleaning-laundry
7602974,cleaning-laundry
7613857,cleaning-laundry
7614361,cleaning-laundry
7645682,cleaning-laundry
7645762,cleaning-laundry
7646540,cleaning-laundry
7648567,cleaning-laundry
7657331,cleaning-laundry
7664166,cleaning-laundry
7683761,cleaning-laundry
7703563,cleaning-laundry
7707655,cleaning-laundry
7733575,cleaning-laundry
7739662,cleaning-laundry
7739786,cleaning-laundry
7740480,cleaning-laundry
7740559,cleaning-laundry
7740945,cleaning-laundry
7741085,cleaning-laundry
7741096,cleaning-laundry
7741110,cleaning-laundry
7741121,cleaning-laundry
7741245,cleaning-laundry
7741824,cleaning-laundry
7741857,cleaning-laundry
7741868,cleaning-laundry
7744389,cleaning-laundry
7744390,cleaning-laundry
7745359,cleaning-laundry
7752300,cleaning-laundry
7752310,cleaning-laundry
7752332,cleaning-laundry
7752387,cleaning-laundry
7752445,cleaning-laundry
7752489,cleaning-laundry
7752503,cleaning-laundry
7754644,cleaning-laundry
7758634,cleaning-laundry
7761763,cleaning-laundry
7780189,cleaning-laundry
7796236,cleaning-laundry
7821752,cleaning-laundry
7823022,cleaning-laundry
7824070,cleaning-laundry
7824739,cleaning-laundry
7831461,cleaning-laundry
7844452,cleaning-laundry
7845783,cleaning-laundry
7863796,cleaning-laundry
7863956,cleaning-laundry
7863967,cleaning-laundry
7863989,cleaning-laundry
7864019,cleaning-laundry
7864020,cleaning-laundry
7864030,cleaning-laundry
7864314,cleaning-laundry
7864595,cleaning-laundry
7864609,cleaning-laundry
7868858,cleaning-laundry
7879184,cleaning-laundry
7888731,cleaning-laundry
7888800,cleaning-laundry
7895828,cleaning-laundry
7902446,cleaning-laundry
7909784,cleaning-laundry
7909809,cleaning-laundry
7909820,cleaning-laundry
7909944,cleaning-laundry
7909988,cleaning-laundry
7909999,cleaning-laundry
7945008,cleaning-laundry
7969935,cleaning-laundry
7983914,cleaning-laundry
7990986,cleaning-laundry
7990997,cleaning-laundry
7991049,cleaning-laundry
7991050,cleaning-laundry
7991107,cleaning-laundry
7991344,cleaning-laundry
7991399,cleaning-laundry
7991413,cleaning-laundry
8000682,cleaning-laundry
8004741,cleaning-laundry
8004752,cleaning-laundry
8018021,cleaning-laundry
8018677,cleaning-laundry
8018848,cleaning-laundry
8020034,cleaning-laundry
8020045,cleaning-laundry
8020293,cleaning-laundry
8020329,cleaning-laundry
8020453,cleaning-laundry
8020475,cleaning-laundry
8025708,cleaning-laundry
8050341,cleaning-laundry
8050410,cleaning-laundry
8051264,cleaning-laundry
8053521,cleaning-laundry
8053598,cleaning-laundry
8059426,cleaning-laundry
8059460,cleaning-laundry
8065804,cleaning-laundry
8086167,cleaning-laundry
8117533,cleaning-laundry
8124517,cleaning-laundry
8124540,cleaning-laundry
8124561,cleaning-laundry
8124572,cleaning-laundry
8129339,cleaning-laundry
8129372,cleaning-laundry
8129441,cleaning-laundry
8132504,cleaning-laundry
8134758,cleaning-laundry
8134780,cleaning-laundry
8135681,cleaning-laundry
8135772,cleaning-laundry
8135852,cleaning-laundry
8135954,cleaning-laundry
8136323,cleaning-laundry
8136334,cleaning-laundry
8136491,cleaning-laundry
8136538,cleaning-laundry
8137213,cleaning-laundry
8141447,cleaning-laundry
8143941,cleaning-laundry
8143985,cleaning-laundry
8148388,cleaning-laundry
8148639,cleaning-laundry
8148683,cleaning-laundry
8149879,cleaning-laundry
8159227,cleaning-laundry
8163417,cleaning-laundry
8163530,cleaning-laundry
8163643,cleaning-laundry
8163687,cleaning-laundry
8170106,cleaning-laundry
8175460,cleaning-laundry
8175482,cleaning-laundry
8175562,cleaning-laundry
8175595,cleaning-laundry
8175620,cleaning-laundry
8175653,cleaning-laundry
8175697,cleaning-laundry
8176292,cleaning-laundry
8176441,cleaning-laundry
8176463,cleaning-laundry
8176496,cleaning-laundry
8176690,cleaning-laundry
8176838,cleaning-laundry
8176951,cleaning-laundry
8177105,cleaning-laundry
8177230,cleaning-laundry
8177397,cleaning-laundry
8177411,cleaning-laundry
8177502,cleaning-laundry
8182375,cleaning-laundry
8182568,cleaning-laundry
8182579,cleaning-laundry
8182660,cleaning-laundry
8183050,cleaning-laundry
8183323,cleaning-laundry
8183436,cleaning-laundry
8183800,cleaning-laundry
8183899,cleaning-laundry
8359918,cleaning-laundry
8359930,cleaning-laundry
8381666,cleaning-laundry
8382895,cleaning-laundry
8385576,cleaning-laundry
8386218,cleaning-laundry
8386230,cleaning-laundry
8386251,cleaning-laundry
8393585,cleaning-laundry
8399231,cleaning-laundry
8411530,cleaning-laundry
8413365,cleaning-laundry
8413398,cleaning-laundry
8413467,cleaning-laundry
8413478,cleaning-laundry
8414018,cleaning-laundry
8414029,cleaning-laundry
8414040,cleaning-laundry
8414299,cleaning-laundry
8414685,cleaning-laundry
8416487,cleaning-laundry
8416534,cleaning-laundry
8416603,cleaning-laundry
8416658,cleaning-laundry
8416670,cleaning-laundry
8416760,cleaning-laundry
8417457,cleaning-laundry
8417480,cleaning-laundry
8417537,cleaning-laundry
8417560,cleaning-laundry
8417570,cleaning-laundry
8417606,cleaning-laundry
8417639,cleaning-laundry
8417640,cleaning-laundry
8417887,cleaning-laundry
8419102,cleaning-laundry
8419124,cleaning-laundry
8419146,cleaning-laundry
8419179,cleaning-laundry
8419190,cleaning-laundry
8421374,cleaning-laundry
8421385,cleaning-laundry
8421432,cleaning-laundry
8421454,cleaning-laundry
8424930,cleaning-laundry
8424995,cleaning-laundry
8425003,cleaning-laundry
8425025,cleaning-laundry
8425058,cleaning-laundry
8425127,cleaning-laundry
8425230,cleaning-laundry
8450204,cleaning-laundry
8462724,cleaning-laundry
8463159,cleaning-laundry
8463330,cleaning-laundry
8463432,cleaning-laundry
8476004,cleaning-laundry
8476070,cleaning-laundry
8479953,cleaning-laundry
8480340,cleaning-laundry
8481536,cleaning-laundry
8486165,cleaning-laundry
8486198,cleaning-laundry
8537620,cleaning-laundry
8546530,cleaning-laundry
8593063,cleaning-laundry
8593121,cleaning-laundry
8593154,cleaning-laundry
8593198,cleaning-laundry
8640039,cleaning-laundry
8640141,cleaning-laundry
8643525,cleaning-laundry
8644572,cleaning-laundry
8644619,cleaning-laundry
8648234,cleaning-laundry
8648336,cleaning-laundry
8648416,cleaning-laundry
8668741,cleaning-laundry
8676284,cleaning-laundry
8681637,cleaning-laundry
8685092,cleaning-laundry
8687724,cleaning-laundry
8687837,cleaning-laundry
8688035,cleaning-laundry
8688953,cleaning-laundry
8706589,cleaning-laundry
8730539,cleaning-laundry
8744431,cleaning-laundry
8751007,cleaning-laundry
8764450,cleaning-laundry
8771092,cleaning-laundry
8773270,cleaning-laundry
8773611,cleaning-laundry
8773622,cleaning-laundry
8773633,cleaning-laundry
8773655,cleaning-laundry
8797960,cleaning-laundry
8799998,cleaning-laundry
8815176,cleaning-laundry
8824053,cleaning-laundry
8849451,cleaning-laundry
8861071,cleaning-laundry
8867872,cleaning-laundry
8869890,cleaning-laundry
8871053,cleaning-laundry
8871177,cleaning-laundry
8871494,cleaning-laundry
8882333,cleaning-laundry
8923124,cleaning-laundry
8926417,cleaning-laundry
8926610,cleaning-laundry
8966207,cleaning-laundry
8976415,cleaning-laundry
8978873,cleaning-laundry
9013395,cleaning-laundry
9029555,cleaning-laundry
9038115,cleaning-laundry
9057368,cleaning-laundry
9070027,cleaning-laundry
9092540,cleaning-laundry
9102065,cleaning-laundry
9102145,cleaning-laundry
9102167,cleaning-laundry
9110198,cleaning-laundry
9110234,cleaning-laundry
9152370,cleaning-laundry
9152380,cleaning-laundry
9152391,cleaning-laundry
9152405,cleaning-laundry
9155425,cleaning-laundry
9157453,cleaning-laundry
9161472,cleaning-laundry
9161483,cleaning-laundry
9161508,cleaning-laundry
9161519,cleaning-laundry
9161530,cleaning-laundry
9161541,cleaning-laundry
9189154,cleaning-laundry
9189347,cleaning-laundry
9189711,cleaning-laundry
9205567,cleaning-laundry
9205750,cleaning-laundry
9210829,cleaning-laundry
9211107,cleaning-laundry
9211209,cleaning-laundry
9211286,cleaning-laundry
9211617,cleaning-laundry
9211683,cleaning-laundry
9219288,cleaning-laundry
9228416,cleaning-laundry
9231319,cleaning-laundry
9268578,cleaning-laundry
9333523,cleaning-laundry
9333818,cleaning-laundry
9371850,cleaning-laundry
9374531,cleaning-laundry
9392023,cleaning-laundry
9467440,cleaning-laundry
9493100,cleaning-laundry
9503419,cleaning-laundry
9506348,cleaning-laundry
9508456,cleaning-laundry
9511370,cleaning-laundry
9526902,cleaning-laundry
9526924,cleaning-laundry
9534660,cleaning-laundry
9546921,cleaning-laundry
9559923,cleaning-laundry
9563997,cleaning-laundry
9579217,cleaning-laundry
9604631,cleaning-laundry
9642980,cleaning-laundry
9659699,cleaning-laundry
9672198,cleaning-laundry
9686738,cleaning-laundry
9735935,cleaning-laundry
9736075,cleaning-laundry
9795507,cleaning-laundry
9800265,cleaning-laundry
9805510,cleaning-laundry
9819220,cleaning-laundry
9828865,cleaning-laundry
9830131,cleaning-laundry
9851608,cleaning-laundry
9851710,cleaning-laundry
9851721,cleaning-laundry
9872302,cleaning-laundry
9872324,cleaning-laundry
9872380,cleaning-laundry
9875719,cleaning-laundry
9880548,cleaning-laundry
9880581,cleaning-laundry
9884709,cleaning-laundry
9884720,cleaning-laundry
9891566,cleaning-laundry
9895895,cleaning-laundry
9896311,cleaning-laundry
9910117,cleaning-laundry
9910128,cleaning-laundry
9936121,cleaning-laundry
4985,dairy-eggs-fridge
8578,dairy-eggs-fridge
8647,dairy-eggs-fridge
13079,dairy-eggs-fridge
13080,dairy-eggs-fridge
13090,dairy-eggs-fridge
32936,dairy-eggs-fridge
46883,dairy-eggs-fridge
63816,dairy-eggs-fridge
68321,dairy-eggs-fridge
87643,dairy-eggs-fridge
91673,dairy-eggs-fridge
93760,dairy-eggs-fridge
98592,dairy-eggs-fridge
116989,dairy-eggs-fridge
119466,dairy-eggs-fridge
119535,dairy-eggs-fridge
119546,dairy-eggs-fridge
120148,dairy-eggs-fridge
133591,dairy-eggs-fridge
138074,dairy-eggs-fridge
144827,dairy-eggs-fridge
146196,dairy-eggs-fridge
166080,dairy-eggs-fridge
166557,dairy-eggs-fridge
166568,dairy-eggs-fridge
181594,dairy-eggs-fridge
189279,dairy-eggs-fridge
189406,dairy-eggs-fridge
189483,dairy-eggs-fridge
189494,dairy-eggs-fridge
189712,dairy-eggs-fridge
190100,dairy-eggs-fridge
192411,dairy-eggs-fridge
192433,dairy-eggs-fridge
192502,dairy-eggs-fridge
195158,dairy-eggs-fridge
195169,dairy-eggs-fridge
209161,dairy-eggs-fridge
210160,dairy-eggs-fridge
210590,dairy-eggs-fridge
210604,dairy-eggs-fridge
212188,dairy-eggs-fridge
217104,dairy-eggs-fridge
221087,dairy-eggs-fridge
222363,dairy-eggs-fridge
224267,dairy-eggs-fridge
238716,dairy-eggs-fridge
242917,dairy-eggs-fridge
244242,dairy-eggs-fridge
246962,dairy-eggs-fridge
246973,dairy-eggs-fridge
252739,dairy-eggs-fridge
254916,dairy-eggs-fridge
254971,dairy-eggs-fridge
279939,dairy-eggs-fridge
283652,dairy-eggs-fridge
287609,dairy-eggs-fridge
293995,dairy-eggs-fridge
294003,dairy-eggs-fridge
296712,dairy-eggs-fridge
297384,dairy-eggs-fridge
298081,dairy-eggs-fridge
301721,dairy-eggs-fridge
311929,dairy-eggs-fridge
313505,dairy-eggs-fridge
314348,dairy-eggs-fridge
321401,dairy-eggs-fridge
350057,dairy-eggs-fridge
368584,dairy-eggs-fridge
381312,dairy-eggs-fridge
381323,dairy-eggs-fridge
387192,dairy-eggs-fridge
393989,dairy-eggs-fridge
394008,dairy-eggs-fridge
403029,dairy-eggs-fridge
415480,dairy-eggs-fridge
416701,dairy-eggs-fridge
425043,dairy-eggs-fridge
439693,dairy-eggs-fridge
447556,dairy-eggs-fridge
455827,dairy-eggs-fridge
455849,dairy-eggs-fridge
467189,dairy-eggs-fridge
472994,dairy-eggs-fridge
476420,dairy-eggs-fridge
485602,dairy-eggs-fridge
1002170,dairy-eggs-fridge
1007683,dairy-eggs-fridge
1010087,dairy-eggs-fridge
1011261,dairy-eggs-fridge
1011975,dairy-eggs-fridge
1012016,dairy-eggs-fridge
1012275,dairy-eggs-fridge
1013471,dairy-eggs-fridge
1013493,dairy-eggs-fridge
1013675,dairy-eggs-fridge
1013915,dairy-eggs-fridge
1013948,dairy-eggs-fridge
1015411,dairy-eggs-fridge
1017767,dairy-eggs-fridge
1017836,dairy-eggs-fridge
1017847,dairy-eggs-fridge
1017869,dairy-eggs-fridge
1018067,dairy-eggs-fridge
1018577,dairy-eggs-fridge
1024445,dairy-eggs-fridge
1024547,dairy-eggs-fridge
1026564,dairy-eggs-fridge
1026702,dairy-eggs-fridge
1028220,dairy-eggs-fridge
1032830,dairy-eggs-fridge
1034234,dairy-eggs-fridge
1035339,dairy-eggs-fridge
1038439,dairy-eggs-fridge
1038483,dairy-eggs-fridge
1039023,dairy-eggs-fridge
1039453,dairy-eggs-fridge
1040500,dairy-eggs-fridge
1040601,dairy-eggs-fridge
1040678,dairy-eggs-fridge
1040689,dairy-eggs-fridge
1040690,dairy-eggs-fridge
1043596,dairy-eggs-fridge
1043600,dairy-eggs-fridge
1043610,dairy-eggs-fridge
1043687,dairy-eggs-fridge
1043778,dairy-eggs-fridge
1045875,dairy-eggs-fridge
1045886,dairy-eggs-fridge
1045933,dairy-eggs-fridge
1045944,dairy-eggs-fridge
1045977,dairy-eggs-fridge
1045999,dairy-eggs-fridge
1048261,dairy-eggs-fridge
1048283,dairy-eggs-fridge
1048319,dairy-eggs-fridge
1048589,dairy-eggs-fridge
1048818,dairy-eggs-fridge
1048873,dairy-eggs-fridge
1048964,dairy-eggs-fridge
1049195,dairy-eggs-fridge
1049209,dairy-eggs-fridge
1050423,dairy-eggs-fridge
1050456,dairy-eggs-fridge
1050650,dairy-eggs-fridge
1051663,dairy-eggs-fridge
1051696,dairy-eggs-fridge
1051710,dairy-eggs-fridge
1051721,dairy-eggs-fridge
1051856,dairy-eggs-fridge
1051947,dairy-eggs-fridge
1054209,dairy-eggs-fridge
1054210,dairy-eggs-fridge
1054581,dairy-eggs-fridge
1054617,dairy-eggs-fridge
1055449,dairy-eggs-fridge
1055642,dairy-eggs-fridge
1055653,dairy-eggs-fridge
1055664,dairy-eggs-fridge
1055675,dairy-eggs-fridge
1056168,dairy-eggs-fridge
1056226,dairy-eggs-fridge
1056292,dairy-eggs-fridge
1056328,dairy-eggs-fridge
1056339,dairy-eggs-fridge
1059279,dairy-eggs-fridge
1061077,dairy-eggs-fridge
1061281,dairy-eggs-fridge
1061510,dairy-eggs-fridge
1062422,dairy-eggs-fridge
1062455,dairy-eggs-fridge
1062557,dairy-eggs-fridge
1068190,dairy-eggs-fridge
1071070,dairy-eggs-fridge
1072539,dairy-eggs-fridge
1075934,dairy-eggs-fridge
1078036,dairy-eggs-fridge
1079505,dairy-eggs-fridge
1079775,dairy-eggs-fridge
1079786,dairy-eggs-fridge
1079800,dairy-eggs-fridge
1079833,dairy-eggs-fridge
1079979,dairy-eggs-fridge
1081879,dairy-eggs-fridge
1081880,dairy-eggs-fridge
1081890,dairy-eggs-fridge
1084083,dairy-eggs-fridge
1089860,dairy-eggs-fridge
1089870,dairy-eggs-fridge
1092081,dairy-eggs-fridge
1092220,dairy-eggs-fridge
1092300,dairy-eggs-fridge
1092398,dairy-eggs-fridge
1093007,dairy-eggs-fridge
1093018,dairy-eggs-fridge
1093040,dairy-eggs-fridge
1093890,dairy-eggs-fridge
1093903,dairy-eggs-fridge
1093947,dairy-eggs-fridge
1094054,dairy-eggs-fridge
1094065,dairy-eggs-fridge
1094098,dairy-eggs-fridge
1094134,dairy-eggs-fridge
1094156,dairy-eggs-fridge
1094178,dairy-eggs-fridge
1094327,dairy-eggs-fridge
1094360,dairy-eggs-fridge
1094371,dairy-eggs-fridge
1095126,dairy-eggs-fridge
1095137,dairy-eggs-fridge
1095148,dairy-eggs-fridge
1095240,dairy-eggs-fridge
1095603,dairy-eggs-fridge
1095614,dairy-eggs-fridge
1095975,dairy-eggs-fridge
1095986,dairy-eggs-fridge
1096027,dairy-eggs-fridge
1096264,dairy-eggs-fridge
1096275,dairy-eggs-fridge
1096377,dairy-eggs-fridge
1096468,dairy-eggs-fridge
1096479,dairy-eggs-fridge
1096606,dairy-eggs-fridge
1096832,dairy-eggs-fridge
1101557,dairy-eggs-fridge
1101965,dairy-eggs-fridge
1102061,dairy-eggs-fridge
1102072,dairy-eggs-fridge
1102083,dairy-eggs-fridge
1102775,dairy-eggs-fridge
1104147,dairy-eggs-fridge
1104180,dairy-eggs-fridge
1105004,dairy-eggs-fridge
1105026,dairy-eggs-fridge
1105037,dairy-eggs-fridge
1105795,dairy-eggs-fridge
1108363,dairy-eggs-fridge
1108374,dairy-eggs-fridge
1108432,dairy-eggs-fridge
1108443,dairy-eggs-fridge
1108454,dairy-eggs-fridge
1108465,dairy-eggs-fridge
1108476,dairy-eggs-fridge
1108487,dairy-eggs-fridge
1108501,dairy-eggs-fridge
1108727,dairy-eggs-fridge
1110081,dairy-eggs-fridge
1118119,dairy-eggs-fridge
1118120,dairy-eggs-fridge
1118141,dairy-eggs-fridge
1130045,dairy-eggs-fridge
1130238,dairy-eggs-fridge
1130919,dairy-eggs-fridge
1134669,dairy-eggs-fridge
1134670,dairy-eggs-fridge
1134680,dairy-eggs-fridge
1134691,dairy-eggs-fridge
1135377,dairy-eggs-fridge
1135388,dairy-eggs-fridge
1135399,dairy-eggs-fridge
1135526,dairy-eggs-fridge
1135617,dairy-eggs-fridge
1136960,dairy-eggs-fridge
1137612,dairy-eggs-fridge
1142011,dairy-eggs-fridge
1142022,dairy-eggs-fridge
1142088,dairy-eggs-fridge
1142099,dairy-eggs-fridge
1145224,dairy-eggs-fridge
1145381,dairy-eggs-fridge
1145392,dairy-eggs-fridge
1145530,dairy-eggs-fridge
1145541,dairy-eggs-fridge
1145552,dairy-eggs-fridge
1145563,dairy-eggs-fridge
1145574,dairy-eggs-fridge
1148084,dairy-eggs-fridge
1151023,dairy-eggs-fridge
1154043,dairy-eggs-fridge
1154054,dairy-eggs-fridge
1154065,dairy-eggs-fridge
1154076,dairy-eggs-fridge
1154087,dairy-eggs-fridge
1154145,dairy-eggs-fridge
1154156,dairy-eggs-fridge
1154586,dairy-eggs-fridge
1154611,dairy-eggs-fridge
1154622,dairy-eggs-fridge
1154666,dairy-eggs-fridge
1154892,dairy-eggs-fridge
1155487,dairy-eggs-fridge
1155512,dairy-eggs-fridge
1155523,dairy-eggs-fridge
1155534,dairy-eggs-fridge
1155545,dairy-eggs-fridge
1155556,dairy-eggs-fridge
1155567,dairy-eggs-fridge
1155578,dairy-eggs-fridge
1155920,dairy-eggs-fridge
1156617,dairy-eggs-fridge
1156640,dairy-eggs-fridge
1157085,dairy-eggs-fridge
1157096,dairy-eggs-fridge
1157948,dairy-eggs-fridge
1158317,dairy-eggs-fridge
1158328,dairy-eggs-fridge
1158339,dairy-eggs-fridge
1158340,dairy-eggs-fridge
1159003,dairy-eggs-fridge
1161730,dairy-eggs-fridge
1163055,dairy-eggs-fridge
1167544,dairy-eggs-fridge
1167599,dairy-eggs-fridge
1167602,dairy-eggs-fridge
1167748,dairy-eggs-fridge
1169528,dairy-eggs-fridge
1170470,dairy-eggs-fridge
1170480,dairy-eggs-fridge
1196600,dairy-eggs-fridge
1196611,dairy-eggs-fridge
1198118,dairy-eggs-fridge
1198435,dairy-eggs-fridge
1198468,dairy-eggs-fridge
1198479,dairy-eggs-fridge
1198480,dairy-eggs-fridge
1198490,dairy-eggs-fridge
1198515,dairy-eggs-fridge
1198537,dairy-eggs-fridge
1198548,dairy-eggs-fridge
1199223,dairy-eggs-fridge
1199234,dairy-eggs-fridge
1199245,dairy-eggs-fridge
1199846,dairy-eggs-fridge
1199879,dairy-eggs-fridge
1199880,dairy-eggs-fridge
1199890,dairy-eggs-fridge
1199904,dairy-eggs-fridge
1199926,dairy-eggs-fridge
1199948,dairy-eggs-fridge
1199960,dairy-eggs-fridge
1200107,dairy-eggs-fridge
1200118,dairy-eggs-fridge
1203138,dairy-eggs-fridge
1260754,dairy-eggs-fridge
1262240,dairy-eggs-fridge
1296376,dairy-eggs-fridge
1297030,dairy-eggs-fridge
1297051,dairy-eggs-fridge
1297062,dairy-eggs-fridge
1297073,dairy-eggs-fridge
1298065,dairy-eggs-fridge
1298860,dairy-eggs-fridge
1299454,dairy-eggs-fridge
1301910,dairy-eggs-fridge
1301920,dairy-eggs-fridge
1309321,dairy-eggs-fridge
1309332,dairy-eggs-fridge
1309343,dairy-eggs-fridge
1309547,dairy-eggs-fridge
1314172,dairy-eggs-fridge
1314569,dairy-eggs-fridge
1314650,dairy-eggs-fridge
1314707,dairy-eggs-fridge
1315346,dairy-eggs-fridge
1323694,dairy-eggs-fridge
1325088,dairy-eggs-fridge
1325113,dairy-eggs-fridge
1325838,dairy-eggs-fridge
1325849,dairy-eggs-fridge
1325850,dairy-eggs-fridge
1325860,dairy-eggs-fridge
1325871,dairy-eggs-fridge
1325882,dairy-eggs-fridge
1325893,dairy-eggs-fridge
1325907,dairy-eggs-fridge
1325918,dairy-eggs-fridge
1328202,dairy-eggs-fridge
1328246,dairy-eggs-fridge
1328290,dairy-eggs-fridge
1329781,dairy-eggs-fridge
1329792,dairy-eggs-fridge
1329840,dairy-eggs-fridge
1330816,dairy-eggs-fridge
1331692,dairy-eggs-fridge
1334920,dairy-eggs-fridge
1335059,dairy-eggs-fridge
1338352,dairy-eggs-fridge
1338385,dairy-eggs-fridge
1338400,dairy-eggs-fridge
1338432,dairy-eggs-fridge
1338818,dairy-eggs-fridge
1389615,dairy-eggs-fridge
1401696,dairy-eggs-fridge
1401754,dairy-eggs-fridge
1401776,dairy-eggs-fridge
1402950,dairy-eggs-fridge
1402961,dairy-eggs-fridge
1413061,dairy-eggs-fridge
1413298,dairy-eggs-fridge
1413312,dairy-eggs-fridge
1413323,dairy-eggs-fridge
1413334,dairy-eggs-fridge
1413560,dairy-eggs-fridge
1413582,dairy-eggs-fridge
1418167,dairy-eggs-fridge
1418178,dairy-eggs-fridge
1418291,dairy-eggs-fridge
1418305,dairy-eggs-fridge
1419240,dairy-eggs-fridge
1419250,dairy-eggs-fridge
1419261,dairy-eggs-fridge
1419320,dairy-eggs-fridge
1419363,dairy-eggs-fridge
1419410,dairy-eggs-fridge
1422415,dairy-eggs-fridge
1422710,dairy-eggs-fridge
1422889,dairy-eggs-fridge
1422890,dairy-eggs-fridge
1423101,dairy-eggs-fridge
1432372,dairy-eggs-fridge
1432408,dairy-eggs-fridge
1432420,dairy-eggs-fridge
1432805,dairy-eggs-fridge
1432816,dairy-eggs-fridge
1432929,dairy-eggs-fridge
1432940,dairy-eggs-fridge
1434684,dairy-eggs-fridge
1434720,dairy-eggs-fridge
1435100,dairy-eggs-fridge
1435392,dairy-eggs-fridge
1435461,dairy-eggs-fridge
1435483,dairy-eggs-fridge
1435494,dairy-eggs-fridge
1435519,dairy-eggs-fridge
1435520,dairy-eggs-fridge
1435530,dairy-eggs-fridge
1435610,dairy-eggs-fridge
1435632,dairy-eggs-fridge
1435676,dairy-eggs-fridge
1435698,dairy-eggs-fridge
1435712,dairy-eggs-fridge
1435723,dairy-eggs-fridge
1435734,dairy-eggs-fridge
1435745,dairy-eggs-fridge
1435870,dairy-eggs-fridge
1435905,dairy-eggs-fridge
1436420,dairy-eggs-fridge
1436737,dairy-eggs-fridge
1437376,dairy-eggs-fridge
1437398,dairy-eggs-fridge
1437401,dairy-eggs-fridge
1437412,dairy-eggs-fridge
1437423,dairy-eggs-fridge
1437445,dairy-eggs-fridge
1437456,dairy-eggs-fridge
1437467,dairy-eggs-fridge
1437489,dairy-eggs-fridge
1437490,dairy-eggs-fridge
1438540,dairy-eggs-fridge
1439917,dairy-eggs-fridge
1439928,dairy-eggs-fridge
1441770,dairy-eggs-fridge
1441781,dairy-eggs-fridge
1441817,dairy-eggs-fridge
1443700,dairy-eggs-fridge
1445374,dairy-eggs-fridge
1445840,dairy-eggs-fridge
1445862,dairy-eggs-fridge
1446242,dairy-eggs-fridge
1446286,dairy-eggs-fridge
1462511,dairy-eggs-fridge
1462533,dairy-eggs-fridge
1462544,dairy-eggs-fridge
1464346,dairy-eggs-fridge
1464357,dairy-eggs-fridge
1468507,dairy-eggs-fridge
1468518,dairy-eggs-fridge
1468540,dairy-eggs-fridge
1472231,dairy-eggs-fridge
1485288,dairy-eggs-fridge
1491087,dairy-eggs-fridge
1492068,dairy-eggs-fridge
1492352,dairy-eggs-fridge
1495259,dairy-eggs-fridge
1499431,dairy-eggs-fridge
1500290,dairy-eggs-fridge
1500304,dairy-eggs-fridge
1503062,dairy-eggs-fridge
1504780,dairy-eggs-fridge
1509400,dairy-eggs-fridge
1518809,dairy-eggs-fridge
1518820,dairy-eggs-fridge
1518842,dairy-eggs-fridge
1549085,dairy-eggs-fridge
1565354,dairy-eggs-fridge
1565365,dairy-eggs-fridge
1582615,dairy-eggs-fridge
1588655,dairy-eggs-fridge
1591343,dairy-eggs-fridge
1601061,dairy-eggs-fridge
1601094,dairy-eggs-fridge
1601152,dairy-eggs-fridge
1601163,dairy-eggs-fridge
1601210,dairy-eggs-fridge
1601221,dairy-eggs-fridge
1601593,dairy-eggs-fridge
1601618,dairy-eggs-fridge
1602010,dairy-eggs-fridge
1602574,dairy-eggs-fridge
1602585,dairy-eggs-fridge
1602596,dairy-eggs-fridge
1602600,dairy-eggs-fridge
1602610,dairy-eggs-fridge
1606702,dairy-eggs-fridge
1606735,dairy-eggs-fridge
1608027,dairy-eggs-fridge
1608242,dairy-eggs-fridge
1608377,dairy-eggs-fridge
1608570,dairy-eggs-fridge
1608640,dairy-eggs-fridge
1642218,dairy-eggs-fridge
1652460,dairy-eggs-fridge
1684896,dairy-eggs-fridge
1688730,dairy-eggs-fridge
1691064,dairy-eggs-fridge
1701033,dairy-eggs-fridge
1701044,dairy-eggs-fridge
1701055,dairy-eggs-fridge
1701066,dairy-eggs-fridge
1707583,dairy-eggs-fridge
1708076,dairy-eggs-fridge
1728200,dairy-eggs-fridge
1730188,dairy-eggs-fridge
1745662,dairy-eggs-fridge
1747410,dairy-eggs-fridge
1747781,dairy-eggs-fridge
1747850,dairy-eggs-fridge
1748514,dairy-eggs-fridge
1748547,dairy-eggs-fridge
1748558,dairy-eggs-fridge
1748773,dairy-eggs-fridge
1750709,dairy-eggs-fridge
1750731,dairy-eggs-fridge
1751790,dairy-eggs-fridge
1751836,dairy-eggs-fridge
1751891,dairy-eggs-fridge
1751950,dairy-eggs-fridge
1751993,dairy-eggs-fridge
1752056,dairy-eggs-fridge
1752067,dairy-eggs-fridge
1752125,dairy-eggs-fridge
1752180,dairy-eggs-fridge
1752930,dairy-eggs-fridge
1752941,dairy-eggs-fridge
1753285,dairy-eggs-fridge
1753296,dairy-eggs-fridge
1753300,dairy-eggs-fridge
1753310,dairy-eggs-fridge
1753376,dairy-eggs-fridge
1753387,dairy-eggs-fridge
1753638,dairy-eggs-fridge
1753875,dairy-eggs-fridge
1753897,dairy-eggs-fridge
1753911,dairy-eggs-fridge
1753922,dairy-eggs-fridge
1753977,dairy-eggs-fridge
1754030,dairy-eggs-fridge
1754299,dairy-eggs-fridge
1754700,dairy-eggs-fridge
1754710,dairy-eggs-fridge
1754721,dairy-eggs-fridge
1754732,dairy-eggs-fridge
1754743,dairy-eggs-fridge
1754754,dairy-eggs-fridge
1754765,dairy-eggs-fridge
1754787,dairy-eggs-fridge
1754798,dairy-eggs-fridge
1754801,dairy-eggs-fridge
1754812,dairy-eggs-fridge
1754823,dairy-eggs-fridge
1754834,dairy-eggs-fridge
1754845,dairy-eggs-fridge
1754856,dairy-eggs-fridge
1754936,dairy-eggs-fridge
1754947,dairy-eggs-fridge
1754969,dairy-eggs-fridge
1754970,dairy-eggs-fridge
1755065,dairy-eggs-fridge
1755382,dairy-eggs-fridge
1755393,dairy-eggs-fridge
1755622,dairy-eggs-fridge
1756046,dairy-eggs-fridge
1756068,dairy-eggs-fridge
1756079,dairy-eggs-fridge
1756294,dairy-eggs-fridge
1756512,dairy-eggs-fridge
1756545,dairy-eggs-fridge
1756556,dairy-eggs-fridge
1756578,dairy-eggs-fridge
1756589,dairy-eggs-fridge
1756603,dairy-eggs-fridge
1756614,dairy-eggs-fridge
1756658,dairy-eggs-fridge
1756716,dairy-eggs-fridge
1756738,dairy-eggs-fridge
1756749,dairy-eggs-fridge
1756760,dairy-eggs-fridge
1756771,dairy-eggs-fridge
1756782,dairy-eggs-fridge
1756862,dairy-eggs-fridge
1756910,dairy-eggs-fridge
1756986,dairy-eggs-fridge
1756997,dairy-eggs-fridge
1757005,dairy-eggs-fridge
1757016,dairy-eggs-fridge
1757027,dairy-eggs-fridge
1757038,dairy-eggs-fridge
1757049,dairy-eggs-fridge
1760000,dairy-eggs-fridge
1760032,dairy-eggs-fridge
1760054,dairy-eggs-fridge
1760101,dairy-eggs-fridge
1770943,dairy-eggs-fridge
1771017,dairy-eggs-fridge
1771050,dairy-eggs-fridge
1771061,dairy-eggs-fridge
1778617,dairy-eggs-fridge
1784879,dairy-eggs-fridge
1784915,dairy-eggs-fridge
1784926,dairy-eggs-fridge
1785703,dairy-eggs-fridge
1785714,dairy-eggs-fridge
1789464,dairy-eggs-fridge
1789908,dairy-eggs-fridge
1789919,dairy-eggs-fridge
1789920,dairy-eggs-fridge
1789974,dairy-eggs-fridge
1800410,dairy-eggs-fridge
1800454,dairy-eggs-fridge
1800545,dairy-eggs-fridge
1800614,dairy-eggs-fridge
1800625,dairy-eggs-fridge
1809594,dairy-eggs-fridge
1809619,dairy-eggs-fridge
1809620,dairy-eggs-fridge
1809641,dairy-eggs-fridge
1809652,dairy-eggs-fridge
1811701,dairy-eggs-fridge
1811745,dairy-eggs-fridge
1811756,dairy-eggs-fridge
1826855,dairy-eggs-fridge
1828395,dairy-eggs-fridge
1838901,dairy-eggs-fridge
1838912,dairy-eggs-fridge
1839030,dairy-eggs-fridge
1843435,dairy-eggs-fridge
1844369,dairy-eggs-fridge
1844391,dairy-eggs-fridge
1844427,dairy-eggs-fridge
1844449,dairy-eggs-fridge
1844450,dairy-eggs-fridge
1845678,dairy-eggs-fridge
1846477,dairy-eggs-fridge
1846524,dairy-eggs-fridge
1846546,dairy-eggs-fridge
1846604,dairy-eggs-fridge
1846637,dairy-eggs-fridge
1850656,dairy-eggs-fridge
1850667,dairy-eggs-fridge
1851681,dairy-eggs-fridge
1851706,dairy-eggs-fridge
1852210,dairy-eggs-fridge
1855591,dairy-eggs-fridge
1855650,dairy-eggs-fridge
1858862,dairy-eggs-fridge
1858910,dairy-eggs-fridge
1864956,dairy-eggs-fridge
1865325,dairy-eggs-fridge
1870507,dairy-eggs-fridge
1870540,dairy-eggs-fridge
1870573,dairy-eggs-fridge
1872885,dairy-eggs-fridge
1872900,dairy-eggs-fridge
1882506,dairy-eggs-fridge
1887634,dairy-eggs-fridge
1902454,dairy-eggs-fridge
1902465,dairy-eggs-fridge
1909941,dairy-eggs-fridge
1909952,dairy-eggs-fridge
1911604,dairy-eggs-fridge
1913790,dairy-eggs-fridge
1922713,dairy-eggs-fridge
1944104,dairy-eggs-fridge
1944192,dairy-eggs-fridge
1948466,dairy-eggs-fridge
1960086,dairy-eggs-fridge
1962117,dairy-eggs-fridge
1962751,dairy-eggs-fridge
1973022,dairy-eggs-fridge
1978140,dairy-eggs-fridge
1980491,dairy-eggs-fridge
1985917,dairy-eggs-fridge
1987118,dairy-eggs-fridge
1988438,dairy-eggs-fridge
1988460,dairy-eggs-fridge
1988529,dairy-eggs-fridge
1988551,dairy-eggs-fridge
1990746,dairy-eggs-fridge
1991953,dairy-eggs-fridge
1993256,dairy-eggs-fridge
1993267,dairy-eggs-fridge
2001784,dairy-eggs-fridge
2003746,dairy-eggs-fridge
2003757,dairy-eggs-fridge
2003768,dairy-eggs-fridge
2003779,dairy-eggs-fridge
2007474,dairy-eggs-fridge
2008750,dairy-eggs-fridge
2020712,dairy-eggs-fridge
2042442,dairy-eggs-fridge
2067115,dairy-eggs-fridge
2071269,dairy-eggs-fridge
2071305,dairy-eggs-fridge
2073060,dairy-eggs-fridge
2073071,dairy-eggs-fridge
2073093,dairy-eggs-fridge
2120207,dairy-eggs-fridge
2120218,dairy-eggs-fridge
2121990,dairy-eggs-fridge
2122009,dairy-eggs-fridge
2122010,dairy-eggs-fridge
2123577,dairy-eggs-fridge
2130299,dairy-eggs-fridge
2130313,dairy-eggs-fridge
2148090,dairy-eggs-fridge
2173917,dairy-eggs-fridge
2212575,dairy-eggs-fridge
2212600,dairy-eggs-fridge
2212666,dairy-eggs-fridge
2212688,dairy-eggs-fridge
2214016,dairy-eggs-fridge
2235480,dairy-eggs-fridge
2240730,dairy-eggs-fridge
2260465,dairy-eggs-fridge
2260476,dairy-eggs-fridge
2271450,dairy-eggs-fridge
2271520,dairy-eggs-fridge
2272726,dairy-eggs-fridge
2273467,dairy-eggs-fridge
2273478,dairy-eggs-fridge
2273489,dairy-eggs-fridge
2344601,dairy-eggs-fridge
2352246,dairy-eggs-fridge
2352257,dairy-eggs-fridge
2352370,dairy-eggs-fridge
2364450,dairy-eggs-fridge
2364471,dairy-eggs-fridge
2367389,dairy-eggs-fridge
2368938,dairy-eggs-fridge
2376288,dairy-eggs-fridge
2389600,dairy-eggs-fridge
2412632,dairy-eggs-fridge
2412654,dairy-eggs-fridge
2412734,dairy-eggs-fridge
2458600,dairy-eggs-fridge
2462186,dairy-eggs-fridge
2466450,dairy-eggs-fridge
2466460,dairy-eggs-fridge
2478867,dairy-eggs-fridge
2482161,dairy-eggs-fridge
2485512,dairy-eggs-fridge
2486672,dairy-eggs-fridge
2486785,dairy-eggs-fridge
2499084,dairy-eggs-fridge
2580342,dairy-eggs-fridge
2582100,dairy-eggs-fridge
2589981,dairy-eggs-fridge
2589992,dairy-eggs-fridge
2598971,dairy-eggs-fridge
2599023,dairy-eggs-fridge
2599260,dairy-eggs-fridge
2635444,dairy-eggs-fridge
2680008,dairy-eggs-fridge
2680755,dairy-eggs-fridge
2680766,dairy-eggs-fridge
2680802,dairy-eggs-fridge
2681882,dairy-eggs-fridge
2684381,dairy-eggs-fridge
2688280,dairy-eggs-fridge
2690908,dairy-eggs-fridge
2690920,dairy-eggs-fridge
2699072,dairy-eggs-fridge
2699390,dairy-eggs-fridge
2700080,dairy-eggs-fridge
2714289,dairy-eggs-fridge
2714303,dairy-eggs-fridge
2716080,dairy-eggs-fridge
2739199,dairy-eggs-fridge
2739202,dairy-eggs-fridge
2744348,dairy-eggs-fridge
2744359,dairy-eggs-fridge
2744360,dairy-eggs-fridge
2744676,dairy-eggs-fridge
2744701,dairy-eggs-fridge
2744734,dairy-eggs-fridge
2745340,dairy-eggs-fridge
2745395,dairy-eggs-fridge
2746820,dairy-eggs-fridge
2746966,dairy-eggs-fridge
2750602,dairy-eggs-fridge
2752255,dairy-eggs-fridge
2781978,dairy-eggs-fridge
2782926,dairy-eggs-fridge
2782959,dairy-eggs-fridge
2791280,dairy-eggs-fridge
2793831,dairy-eggs-fridge
2793842,dairy-eggs-fridge
2801736,dairy-eggs-fridge
2801758,dairy-eggs-fridge
2802921,dairy-eggs-fridge
2803786,dairy-eggs-fridge
2804870,dairy-eggs-fridge
2805362,dairy-eggs-fridge
2807109,dairy-eggs-fridge
2807120,dairy-eggs-fridge
2807142,dairy-eggs-fridge
2807164,dairy-eggs-fridge
2807277,dairy-eggs-fridge
2807460,dairy-eggs-fridge
2807856,dairy-eggs-fridge
2808735,dairy-eggs-fridge
2814013,dairy-eggs-fridge
2814024,dairy-eggs-fridge
2814057,dairy-eggs-fridge
2819312,dairy-eggs-fridge
2819334,dairy-eggs-fridge
2819436,dairy-eggs-fridge
2822259,dairy-eggs-fridge
2822260,dairy-eggs-fridge
2833798,dairy-eggs-fridge
2833867,dairy-eggs-fridge
2875095,dairy-eggs-fridge
2875109,dairy-eggs-fridge
2875110,dairy-eggs-fridge
2875120,dairy-eggs-fridge
2877498,dairy-eggs-fridge
2877523,dairy-eggs-fridge
2882578,dairy-eggs-fridge
2882840,dairy-eggs-fridge
2882851,dairy-eggs-fridge
2882895,dairy-eggs-fridge
2882920,dairy-eggs-fridge
2885521,dairy-eggs-fridge
2885532,dairy-eggs-fridge
2885601,dairy-eggs-fridge
2913525,dairy-eggs-fridge
2917720,dairy-eggs-fridge
2917752,dairy-eggs-fridge
2917785,dairy-eggs-fridge
2917821,dairy-eggs-fridge
2917923,dairy-eggs-fridge
2917967,dairy-eggs-fridge
2918165,dairy-eggs-fridge
2918303,dairy-eggs-fridge
2918325,dairy-eggs-fridge
2951058,dairy-eggs-fridge
2974971,dairy-eggs-fridge
2974982,dairy-eggs-fridge
2975045,dairy-eggs-fridge
2978972,dairy-eggs-fridge
2980012,dairy-eggs-fridge
2984228,dairy-eggs-fridge
2989028,dairy-eggs-fridge
2989039,dairy-eggs-fridge
2990140,dairy-eggs-fridge
2991880,dairy-eggs-fridge
2991948,dairy-eggs-fridge
2999418,dairy-eggs-fridge
3019027,dairy-eggs-fridge
3019140,dairy-eggs-fridge
3020580,dairy-eggs-fridge
3024457,dairy-eggs-fridge
3025030,dairy-eggs-fridge
3026270,dairy-eggs-fridge
3029086,dairy-eggs-fridge
3029326,dairy-eggs-fridge
3029712,dairy-eggs-fridge
3029767,dairy-eggs-fridge
3033935,dairy-eggs-fridge
3033946,dairy-eggs-fridge
3034010,dairy-eggs-fridge
3034020,dairy-eggs-fridge
3034031,dairy-eggs-fridge
3034188,dairy-eggs-fridge
3034199,dairy-eggs-fridge
3034246,dairy-eggs-fridge
3034257,dairy-eggs-fridge
3034268,dairy-eggs-fridge
3034279,dairy-eggs-fridge
3034406,dairy-eggs-fridge
3035431,dairy-eggs-fridge
3035442,dairy-eggs-fridge
3039400,dairy-eggs-fridge
3039410,dairy-eggs-fridge
3039454,dairy-eggs-fridge
3048218,dairy-eggs-fridge
3048772,dairy-eggs-fridge
3048794,dairy-eggs-fridge
3049039,dairy-eggs-fridge
3049742,dairy-eggs-fridge
3053353,dairy-eggs-fridge
3053513,dairy-eggs-fridge
3053965,dairy-eggs-fridge
3054549,dairy-eggs-fridge
3054560,dairy-eggs-fridge
3055086,dairy-eggs-fridge
3055494,dairy-eggs-fridge
3055519,dairy-eggs-fridge
3056920,dairy-eggs-fridge
3062354,dairy-eggs-fridge
3062365,dairy-eggs-fridge
3070829,dairy-eggs-fridge
3077282,dairy-eggs-fridge
3081290,dairy-eggs-fridge
3081315,dairy-eggs-fridge
3087060,dairy-eggs-fridge
3087071,dairy-eggs-fridge
3087253,dairy-eggs-fridge
3088110,dairy-eggs-fridge
3089157,dairy-eggs-fridge
3089394,dairy-eggs-fridge
3091046,dairy-eggs-fridge
3091148,dairy-eggs-fridge
3116078,dairy-eggs-fridge
3118313,dairy-eggs-fridge
3162734,dairy-eggs-fridge
3165991,dairy-eggs-fridge
3166043,dairy-eggs-fridge
3166054,dairy-eggs-fridge
3166087,dairy-eggs-fridge
3167363,dairy-eggs-fridge
3169697,dairy-eggs-fridge
3169835,dairy-eggs-fridge
3169879,dairy-eggs-fridge
3169880,dairy-eggs-fridge
3179657,dairy-eggs-fridge
3179680,dairy-eggs-fridge
3183097,dairy-eggs-fridge
3183847,dairy-eggs-fridge
3183880,dairy-eggs-fridge
3186175,dairy-eggs-fridge
3186561,dairy-eggs-fridge
3187473,dairy-eggs-fridge
3187484,dairy-eggs-fridge
3187597,dairy-eggs-fridge
3187600,dairy-eggs-fridge
3187633,dairy-eggs-fridge
3187724,dairy-eggs-fridge
3210000,dairy-eggs-fridge
3218657,dairy-eggs-fridge
3218894,dairy-eggs-fridge
3218941,dairy-eggs-fridge
3218985,dairy-eggs-fridge
3222552,dairy-eggs-fridge
3222600,dairy-eggs-fridge
3223679,dairy-eggs-fridge
3226655,dairy-eggs-fridge
3227159,dairy-eggs-fridge
3228468,dairy-eggs-fridge
3240805,dairy-eggs-fridge
3242968,dairy-eggs-fridge
3245570,dairy-eggs-fridge
3246404,dairy-eggs-fridge
3246415,dairy-eggs-fridge
3246437,dairy-eggs-fridge
3246583,dairy-eggs-fridge
3246700,dairy-eggs-fridge
3246856,dairy-eggs-fridge
3246889,dairy-eggs-fridge
3246914,dairy-eggs-fridge
3246925,dairy-eggs-fridge
3251415,dairy-eggs-fridge
3251528,dairy-eggs-fridge
3251539,dairy-eggs-fridge
3258640,dairy-eggs-fridge
3268440,dairy-eggs-fridge
3269170,dairy-eggs-fridge
3269250,dairy-eggs-fridge
3269261,dairy-eggs-fridge
3269691,dairy-eggs-fridge
3270963,dairy-eggs-fridge
3271922,dairy-eggs-fridge
3273189,dairy-eggs-fridge
3273270,dairy-eggs-fridge
3273316,dairy-eggs-fridge
3273510,dairy-eggs-fridge
3273994,dairy-eggs-fridge
3274024,dairy-eggs-fridge
3274068,dairy-eggs-fridge
3274148,dairy-eggs-fridge
3274283,dairy-eggs-fridge
3274308,dairy-eggs-fridge
3274603,dairy-eggs-fridge
3274750,dairy-eggs-fridge
3274760,dairy-eggs-fridge
3274782,dairy-eggs-fridge
3275581,dairy-eggs-fridge
3275661,dairy-eggs-fridge
3275854,dairy-eggs-fridge
3275901,dairy-eggs-fridge
3275945,dairy-eggs-fridge
3275978,dairy-eggs-fridge
3275990,dairy-eggs-fridge
3276879,dairy-eggs-fridge
3276970,dairy-eggs-fridge
3277088,dairy-eggs-fridge
3277463,dairy-eggs-fridge
3293641,dairy-eggs-fridge
3296071,dairy-eggs-fridge
3299568,dairy-eggs-fridge
3301637,dairy-eggs-fridge
3301820,dairy-eggs-fridge
3301830,dairy-eggs-fridge
3302549,dairy-eggs-fridge
3305810,dairy-eggs-fridge
3306765,dairy-eggs-fridge
3308421,dairy-eggs-fridge
3310139,dairy-eggs-fridge
3310140,dairy-eggs-fridge
3310161,dairy-eggs-fridge
3310183,dairy-eggs-fridge
3310194,dairy-eggs-fridge
3320391,dairy-eggs-fridge
3349837,dairy-eggs-fridge
3349848,dairy-eggs-fridge
3349860,dairy-eggs-fridge
3349870,dairy-eggs-fridge
3358532,dairy-eggs-fridge
3358543,dairy-eggs-fridge
3362960,dairy-eggs-fridge
3376578,dairy-eggs-fridge
3387905,dairy-eggs-fridge
3387916,dairy-eggs-fridge
3393850,dairy-eggs-fridge
3411894,dairy-eggs-fridge
3412376,dairy-eggs-fridge
3416559,dairy-eggs-fridge
3416606,dairy-eggs-fridge
3418361,dairy-eggs-fridge
3422518,dairy-eggs-fridge
3423452,dairy-eggs-fridge
3428401,dairy-eggs-fridge
3428525,dairy-eggs-fridge
3434540,dairy-eggs-fridge
3452610,dairy-eggs-fridge
3467039,dairy-eggs-fridge
3467403,dairy-eggs-fridge
3467414,dairy-eggs-fridge
3467447,dairy-eggs-fridge
3467469,dairy-eggs-fridge
3467902,dairy-eggs-fridge
3467935,dairy-eggs-fridge
3467968,dairy-eggs-fridge
3467990,dairy-eggs-fridge
3468042,dairy-eggs-fridge
3468064,dairy-eggs-fridge
3468144,dairy-eggs-fridge
3468439,dairy-eggs-fridge
3477815,dairy-eggs-fridge
3478807,dairy-eggs-fridge
3486204,dairy-eggs-fridge
3488980,dairy-eggs-fridge
3492670,dairy-eggs-fridge
3492954,dairy-eggs-fridge
3496423,dairy-eggs-fridge
3506265,dairy-eggs-fridge
3512053,dairy-eggs-fridge
3512541,dairy-eggs-fridge
3515299,dairy-eggs-fridge
3516350,dairy-eggs-fridge
3519416,dairy-eggs-fridge
3532298,dairy-eggs-fridge
3536368,dairy-eggs-fridge
3536674,dairy-eggs-fridge
3536798,dairy-eggs-fridge
3536801,dairy-eggs-fridge
3536812,dairy-eggs-fridge
3537316,dairy-eggs-fridge
3537327,dairy-eggs-fridge
3537881,dairy-eggs-fridge
3538818,dairy-eggs-fridge
3539526,dairy-eggs-fridge
3540412,dairy-eggs-fridge
3540638,dairy-eggs-fridge
3540649,dairy-eggs-fridge
3540650,dairy-eggs-fridge
3560453,dairy-eggs-fridge
3560770,dairy-eggs-fridge
3562164,dairy-eggs-fridge
3563236,dairy-eggs-fridge
3568590,dairy-eggs-fridge
3575891,dairy-eggs-fridge
3575927,dairy-eggs-fridge
3575938,dairy-eggs-fridge
3576090,dairy-eggs-fridge
3576103,dairy-eggs-fridge
3576271,dairy-eggs-fridge
3576351,dairy-eggs-fridge
3576690,dairy-eggs-fridge
3579928,dairy-eggs-fridge
3583801,dairy-eggs-fridge
3583936,dairy-eggs-fridge
3584112,dairy-eggs-fridge
3591457,dairy-eggs-fridge
3605493,dairy-eggs-fridge
3619476,dairy-eggs-fridge
3619487,dairy-eggs-fridge
3619501,dairy-eggs-fridge
3619534,dairy-eggs-fridge
3619567,dairy-eggs-fridge
3621004,dairy-eggs-fridge
3621015,dairy-eggs-fridge
3624680,dairy-eggs-fridge
3626405,dairy-eggs-fridge
3628058,dairy-eggs-fridge
3628568,dairy-eggs-fridge
3631370,dairy-eggs-fridge
3635701,dairy-eggs-fridge
3635891,dairy-eggs-fridge
3640428,dairy-eggs-fridge
3643255,dairy-eggs-fridge
3643630,dairy-eggs-fridge
3646606,dairy-eggs-fridge
3647722,dairy-eggs-fridge
3648521,dairy-eggs-fridge
3649604,dairy-eggs-fridge
3649819,dairy-eggs-fridge
3655108,dairy-eggs-fridge
3655119,dairy-eggs-fridge
3655902,dairy-eggs-fridge
3660390,dairy-eggs-fridge
3673369,dairy-eggs-fridge
3673460,dairy-eggs-fridge
3673518,dairy-eggs-fridge
3673653,dairy-eggs-fridge
3673675,dairy-eggs-fridge
3676946,dairy-eggs-fridge
3676979,dairy-eggs-fridge
3676980,dairy-eggs-fridge
3676990,dairy-eggs-fridge
3694777,dairy-eggs-fridge
3694799,dairy-eggs-fridge
3694835,dairy-eggs-fridge
3694857,dairy-eggs-fridge
3694868,dairy-eggs-fridge
3695204,dairy-eggs-fridge
3696513,dairy-eggs-fridge
3697200,dairy-eggs-fridge
3697447,dairy-eggs-fridge
3697505,dairy-eggs-fridge
3701169,dairy-eggs-fridge
3701191,dairy-eggs-fridge
3721971,dairy-eggs-fridge
3723649,dairy-eggs-fridge
3724324,dairy-eggs-fridge
3724390,dairy-eggs-fridge
3724696,dairy-eggs-fridge
3731705,dairy-eggs-fridge
3737009,dairy-eggs-fridge
3738431,dairy-eggs-fridge
3752705,dairy-eggs-fridge
3752716,dairy-eggs-fridge
3755430,dairy-eggs-fridge
3755441,dairy-eggs-fridge
3756284,dairy-eggs-fridge
3756502,dairy-eggs-fridge
3756513,dairy-eggs-fridge
3756987,dairy-eggs-fridge
3757006,dairy-eggs-fridge
3757163,dairy-eggs-fridge
3757549,dairy-eggs-fridge
3757811,dairy-eggs-fridge
3757844,dairy-eggs-fridge
3758676,dairy-eggs-fridge
3762549,dairy-eggs-fridge
3762673,dairy-eggs-fridge
3762710,dairy-eggs-fridge
3764872,dairy-eggs-fridge
3764883,dairy-eggs-fridge
3764894,dairy-eggs-fridge
3764908,dairy-eggs-fridge
3766426,dairy-eggs-fridge
3766798,dairy-eggs-fridge
3769480,dairy-eggs-fridge
3769990,dairy-eggs-fridge
3771109,dairy-eggs-fridge
3771131,dairy-eggs-fridge
3771142,dairy-eggs-fridge
3771266,dairy-eggs-fridge
3771277,dairy-eggs-fridge
3771368,dairy-eggs-fridge
3771540,dairy-eggs-fridge
3771550,dairy-eggs-fridge
3771572,dairy-eggs-fridge
3775926,dairy-eggs-fridge
3775970,dairy-eggs-fridge
3776678,dairy-eggs-fridge
3776758,dairy-eggs-fridge
3779381,dairy-eggs-fridge
3782932,dairy-eggs-fridge
3783764,dairy-eggs-fridge
3783775,dairy-eggs-fridge
3793509,dairy-eggs-fridge
3793510,dairy-eggs-fridge
3796380,dairy-eggs-fridge
3796405,dairy-eggs-fridge
3796427,dairy-eggs-fridge
3796530,dairy-eggs-fridge
3803566,dairy-eggs-fridge
3816874,dairy-eggs-fridge
3816954,dairy-eggs-fridge
3825230,dairy-eggs-fridge
3830864,dairy-eggs-fridge
3830911,dairy-eggs-fridge
3835595,dairy-eggs-fridge
3842193,dairy-eggs-fridge
3842750,dairy-eggs-fridge
3842932,dairy-eggs-fridge
3843298,dairy-eggs-fridge
3843356,dairy-eggs-fridge
3844520,dairy-eggs-fridge
3844723,dairy-eggs-fridge
3846139,dairy-eggs-fridge
3847007,dairy-eggs-fridge
3847812,dairy-eggs-fridge
3847903,dairy-eggs-fridge
3850307,dairy-eggs-fridge
3850329,dairy-eggs-fridge
3850330,dairy-eggs-fridge
3857703,dairy-eggs-fridge
3858466,dairy-eggs-fridge
3861245,dairy-eggs-fridge
3866894,dairy-eggs-fridge
3868437,dairy-eggs-fridge
3868459,dairy-eggs-fridge
3869939,dairy-eggs-fridge
3870064,dairy-eggs-fridge
3870122,dairy-eggs-fridge
3870213,dairy-eggs-fridge
3879218,dairy-eggs-fridge
3879284,dairy-eggs-fridge
3881570,dairy-eggs-fridge
3881639,dairy-eggs-fridge
3890877,dairy-eggs-fridge
3891665,dairy-eggs-fridge
3892599,dairy-eggs-fridge
3892624,dairy-eggs-fridge
3892817,dairy-eggs-fridge
3892839,dairy-eggs-fridge
3893478,dairy-eggs-fridge
3893489,dairy-eggs-fridge
3894029,dairy-eggs-fridge
3896931,dairy-eggs-fridge
3897912,dairy-eggs-fridge
3897956,dairy-eggs-fridge
3897967,dairy-eggs-fridge
3900642,dairy-eggs-fridge
3900733,dairy-eggs-fridge
3903389,dairy-eggs-fridge
3903458,dairy-eggs-fridge
3903607,dairy-eggs-fridge
3905227,dairy-eggs-fridge
3905307,dairy-eggs-fridge
3907335,dairy-eggs-fridge
3914046,dairy-eggs-fridge
3914057,dairy-eggs-fridge
3914068,dairy-eggs-fridge
3914104,dairy-eggs-fridge
3914126,dairy-eggs-fridge
3914181,dairy-eggs-fridge
3914217,dairy-eggs-fridge
3920118,dairy-eggs-fridge
3920195,dairy-eggs-fridge
3920220,dairy-eggs-fridge
3927117,dairy-eggs-fridge
3930440,dairy-eggs-fridge
3930461,dairy-eggs-fridge
3931362,dairy-eggs-fridge
3934848,dairy-eggs-fridge
3934994,dairy-eggs-fridge
3935090,dairy-eggs-fridge
3935115,dairy-eggs-fridge
3935137,dairy-eggs-fridge
3935160,dairy-eggs-fridge
3937700,dairy-eggs-fridge
3937711,dairy-eggs-fridge
3938260,dairy-eggs-fridge
3946950,dairy-eggs-fridge
3951348,dairy-eggs-fridge
3951359,dairy-eggs-fridge
3951803,dairy-eggs-fridge
3951825,dairy-eggs-fridge
3956636,dairy-eggs-fridge
3957821,dairy-eggs-fridge
3957843,dairy-eggs-fridge
3960713,dairy-eggs-fridge
3960746,dairy-eggs-fridge
3960757,dairy-eggs-fridge
3961997,dairy-eggs-fridge
3962956,dairy-eggs-fridge
3971582,dairy-eggs-fridge
3971990,dairy-eggs-fridge
3986466,dairy-eggs-fridge
3986717,dairy-eggs-fridge
3986783,dairy-eggs-fridge
3987232,dairy-eggs-fridge
3987695,dairy-eggs-fridge
3987935,dairy-eggs-fridge
3987946,dairy-eggs-fridge
3991728,dairy-eggs-fridge
3992549,dairy-eggs-fridge
3992550,dairy-eggs-fridge
3992629,dairy-eggs-fridge
3992764,dairy-eggs-fridge
3993144,dairy-eggs-fridge
3996583,dairy-eggs-fridge
4163903,dairy-eggs-fridge
4165228,dairy-eggs-fridge
4165498,dairy-eggs-fridge
4165501,dairy-eggs-fridge
4182384,dairy-eggs-fridge
4191501,dairy-eggs-fridge
4201117,dairy-eggs-fridge
4201140,dairy-eggs-fridge
4201172,dairy-eggs-fridge
4204352,dairy-eggs-fridge
4209549,dairy-eggs-fridge
4215847,dairy-eggs-fridge
4217933,dairy-eggs-fridge
4218743,dairy-eggs-fridge
4223889,dairy-eggs-fridge
4224644,dairy-eggs-fridge
4228656,dairy-eggs-fridge
4228838,dairy-eggs-fridge
4238285,dairy-eggs-fridge
4250790,dairy-eggs-fridge
4253303,dairy-eggs-fridge
4253314,dairy-eggs-fridge
4258996,dairy-eggs-fridge
4259897,dairy-eggs-fridge
4260568,dairy-eggs-fridge
4261040,dairy-eggs-fridge
4267614,dairy-eggs-fridge
4274733,dairy-eggs-fridge
4283927,dairy-eggs-fridge
4283960,dairy-eggs-fridge
4283993,dairy-eggs-fridge
4293079,dairy-eggs-fridge
4293501,dairy-eggs-fridge
4309124,dairy-eggs-fridge
4311363,dairy-eggs-fridge
4311385,dairy-eggs-fridge
4311829,dairy-eggs-fridge
4332385,dairy-eggs-fridge
4332396,dairy-eggs-fridge
4333333,dairy-eggs-fridge
4339533,dairy-eggs-fridge
4339544,dairy-eggs-fridge
4339577,dairy-eggs-fridge
4339599,dairy-eggs-fridge
4339770,dairy-eggs-fridge
4339985,dairy-eggs-fridge
4344497,dairy-eggs-fridge
4345015,dairy-eggs-fridge
4345037,dairy-eggs-fridge
4345401,dairy-eggs-fridge
4346222,dairy-eggs-fridge
4346244,dairy-eggs-fridge
4346255,dairy-eggs-fridge
4346277,dairy-eggs-fridge
4346299,dairy-eggs-fridge
4348385,dairy-eggs-fridge
4348400,dairy-eggs-fridge
4348421,dairy-eggs-fridge
4350831,dairy-eggs-fridge
4357230,dairy-eggs-fridge
4357466,dairy-eggs-fridge
4357841,dairy-eggs-fridge
4357874,dairy-eggs-fridge
4360471,dairy-eggs-fridge
4360529,dairy-eggs-fridge
4360879,dairy-eggs-fridge
4362580,dairy-eggs-fridge
4368804,dairy-eggs-fridge
4376416,dairy-eggs-fridge
4379731,dairy-eggs-fridge
4379855,dairy-eggs-fridge
4379957,dairy-eggs-fridge
4380854,dairy-eggs-fridge
4380865,dairy-eggs-fridge
4380887,dairy-eggs-fridge
4381879,dairy-eggs-fridge
4383739,dairy-eggs-fridge
4383740,dairy-eggs-fridge
4383750,dairy-eggs-fridge
4385723,dairy-eggs-fridge
4385756,dairy-eggs-fridge
4389178,dairy-eggs-fridge
4394123,dairy-eggs-fridge
4405740,dairy-eggs-fridge
4405810,dairy-eggs-fridge
4413658,dairy-eggs-fridge
4448288,dairy-eggs-fridge
4459488,dairy-eggs-fridge
4465378,dairy-eggs-fridge
4469641,dairy-eggs-fridge
4471440,dairy-eggs-fridge
4471450,dairy-eggs-fridge
4474390,dairy-eggs-fridge
4475440,dairy-eggs-fridge
4476727,dairy-eggs-fridge
4477752,dairy-eggs-fridge
4477763,dairy-eggs-fridge
4483438,dairy-eggs-fridge
4488599,dairy-eggs-fridge
4490331,dairy-eggs-fridge
4494048,dairy-eggs-fridge
4494060,dairy-eggs-fridge
4499631,dairy-eggs-fridge
4505337,dairy-eggs-fridge
4509983,dairy-eggs-fridge
4510009,dairy-eggs-fridge
4512605,dairy-eggs-fridge
4513110,dairy-eggs-fridge
4513200,dairy-eggs-fridge
4513211,dairy-eggs-fridge
4514510,dairy-eggs-fridge
4514859,dairy-eggs-fridge
4537253,dairy-eggs-fridge
4569839,dairy-eggs-fridge
4614376,dairy-eggs-fridge
4655180,dairy-eggs-fridge
4678029,dairy-eggs-fridge
4682365,dairy-eggs-fridge
4683889,dairy-eggs-fridge
4684429,dairy-eggs-fridge
4684462,dairy-eggs-fridge
4684699,dairy-eggs-fridge
4687325,dairy-eggs-fridge
4688215,dairy-eggs-fridge
4690319,dairy-eggs-fridge
4691560,dairy-eggs-fridge
4691581,dairy-eggs-fridge
4699357,dairy-eggs-fridge
4699368,dairy-eggs-fridge
4707320,dairy-eggs-fridge
4745997,dairy-eggs-fridge
4759255,dairy-eggs-fridge
4819368,dairy-eggs-fridge
4824856,dairy-eggs-fridge
4827810,dairy-eggs-fridge
4844820,dairy-eggs-fridge
4845594,dairy-eggs-fridge
4845619,dairy-eggs-fridge
4845620,dairy-eggs-fridge
4845663,dairy-eggs-fridge
4849493,dairy-eggs-fridge
4864410,dairy-eggs-fridge
4866812,dairy-eggs-fridge
4868206,dairy-eggs-fridge
4873250,dairy-eggs-fridge
4875096,dairy-eggs-fridge
4926674,dairy-eggs-fridge
4928308,dairy-eggs-fridge
4928352,dairy-eggs-fridge
4932940,dairy-eggs-fridge
4934901,dairy-eggs-fridge
4935008,dairy-eggs-fridge
4935052,dairy-eggs-fridge
4935631,dairy-eggs-fridge
4938425,dairy-eggs-fridge
4950894,dairy-eggs-fridge
4954487,dairy-eggs-fridge
4959301,dairy-eggs-fridge
4960173,dairy-eggs-fridge
4962361,dairy-eggs-fridge
4998880,dairy-eggs-fridge
5003618,dairy-eggs-fridge
5005602,dairy-eggs-fridge
5005613,dairy-eggs-fridge
5007594,dairy-eggs-fridge
5008360,dairy-eggs-fridge
5009261,dairy-eggs-fridge
5009272,dairy-eggs-fridge
5010919,dairy-eggs-fridge
5010920,dairy-eggs-fridge
5010930,dairy-eggs-fridge
5010952,dairy-eggs-fridge
5010963,dairy-eggs-fridge
5011092,dairy-eggs-fridge
5017496,dairy-eggs-fridge
5017500,dairy-eggs-fridge
5018070,dairy-eggs-fridge
5033765,dairy-eggs-fridge
5034269,dairy-eggs-fridge
5034280,dairy-eggs-fridge
5034349,dairy-eggs-fridge
5034360,dairy-eggs-fridge
5034407,dairy-eggs-fridge
5034430,dairy-eggs-fridge
5034440,dairy-eggs-fridge
5034451,dairy-eggs-fridge
5043747,dairy-eggs-fridge
5043780,dairy-eggs-fridge
5043838,dairy-eggs-fridge
5047613,dairy-eggs-fridge
5051790,dairy-eggs-fridge
5051836,dairy-eggs-fridge
5051858,dairy-eggs-fridge
5060586,dairy-eggs-fridge
5060735,dairy-eggs-fridge
5061160,dairy-eggs-fridge
5062774,dairy-eggs-fridge
5063008,dairy-eggs-fridge
5063176,dairy-eggs-fridge
5063824,dairy-eggs-fridge
5067064,dairy-eggs-fridge
5070830,dairy-eggs-fridge
5070921,dairy-eggs-fridge
5070965,dairy-eggs-fridge
5070976,dairy-eggs-fridge
5071028,dairy-eggs-fridge
5071200,dairy-eggs-fridge
5074060,dairy-eggs-fridge
5081291,dairy-eggs-fridge
5089012,dairy-eggs-fridge
5089883,dairy-eggs-fridge
5094125,dairy-eggs-fridge
5095605,dairy-eggs-fridge
5105695,dairy-eggs-fridge
5105800,dairy-eggs-fridge
5109801,dairy-eggs-fridge
5110731,dairy-eggs-fridge
5111880,dairy-eggs-fridge
5120269,dairy-eggs-fridge
5129875,dairy-eggs-fridge
5129900,dairy-eggs-fridge
5138490,dairy-eggs-fridge
5139256,dairy-eggs-fridge
5141804,dairy-eggs-fridge
5141815,dairy-eggs-fridge
5152833,dairy-eggs-fridge
5153202,dairy-eggs-fridge
5164639,dairy-eggs-fridge
5165427,dairy-eggs-fridge
5169596,dairy-eggs-fridge
5170008,dairy-eggs-fridge
5178633,dairy-eggs-fridge
5178804,dairy-eggs-fridge
5178961,dairy-eggs-fridge
5185209,dairy-eggs-fridge
5194378,dairy-eggs-fridge
5194822,dairy-eggs-fridge
5196114,dairy-eggs-fridge
5199702,dairy-eggs-fridge
5206830,dairy-eggs-fridge
5212618,dairy-eggs-fridge
5213075,dairy-eggs-fridge
5213360,dairy-eggs-fridge
5213439,dairy-eggs-fridge
5213440,dairy-eggs-fridge
5213450,dairy-eggs-fridge
5213552,dairy-eggs-fridge
5214384,dairy-eggs-fridge
5217291,dairy-eggs-fridge
5217371,dairy-eggs-fridge
5218013,dairy-eggs-fridge
5220241,dairy-eggs-fridge
5225212,dairy-eggs-fridge
5227273,dairy-eggs-fridge
5231292,dairy-eggs-fridge
5231306,dairy-eggs-fridge
5233232,dairy-eggs-fridge
5235453,dairy-eggs-fridge
5236004,dairy-eggs-fridge
5249527,dairy-eggs-fridge
5260188,dairy-eggs-fridge
5266865,dairy-eggs-fridge
5269091,dairy-eggs-fridge
5280232,dairy-eggs-fridge
5292118,dairy-eggs-fridge
5293041,dairy-eggs-fridge
5299740,dairy-eggs-fridge
5299922,dairy-eggs-fridge
5300282,dairy-eggs-fridge
5303611,dairy-eggs-fridge
5309662,dairy-eggs-fridge
5310253,dairy-eggs-fridge
5312306,dairy-eggs-fridge
5312328,dairy-eggs-fridge
5316464,dairy-eggs-fridge
5317795,dairy-eggs-fridge
5318812,dairy-eggs-fridge
5318947,dairy-eggs-fridge
5318969,dairy-eggs-fridge
5335527,dairy-eggs-fridge
5335550,dairy-eggs-fridge
5337624,dairy-eggs-fridge
5339878,dairy-eggs-fridge
5341257,dairy-eggs-fridge
5346590,dairy-eggs-fridge
5350575,dairy-eggs-fridge
5352209,dairy-eggs-fridge
5357053,dairy-eggs-fridge
5358770,dairy-eggs-fridge
5362360,dairy-eggs-fridge
5362891,dairy-eggs-fridge
5362916,dairy-eggs-fridge
5362971,dairy-eggs-fridge
5363001,dairy-eggs-fridge
5363012,dairy-eggs-fridge
5369052,dairy-eggs-fridge
5371939,dairy-eggs-fridge
5376659,dairy-eggs-fridge
5384679,dairy-eggs-fridge
5392724,dairy-eggs-fridge
5392735,dairy-eggs-fridge
5393090,dairy-eggs-fridge
5393104,dairy-eggs-fridge
5393910,dairy-eggs-fridge
5394129,dairy-eggs-fridge
5400130,dairy-eggs-fridge
5400210,dairy-eggs-fridge
5400232,dairy-eggs-fridge
5400243,dairy-eggs-fridge
5404109,dairy-eggs-fridge
5404110,dairy-eggs-fridge
5404131,dairy-eggs-fridge
5406294,dairy-eggs-fridge
5407399,dairy-eggs-fridge
5407446,dairy-eggs-fridge
5410316,dairy-eggs-fridge
5411614,dairy-eggs-fridge
5415670,dairy-eggs-fridge
5417778,dairy-eggs-fridge
5417789,dairy-eggs-fridge
5418704,dairy-eggs-fridge
5419194,dairy-eggs-fridge
5419300,dairy-eggs-fridge
5420025,dairy-eggs-fridge
5420590,dairy-eggs-fridge
5420692,dairy-eggs-fridge
5420943,dairy-eggs-fridge
5421480,dairy-eggs-fridge
5422042,dairy-eggs-fridge
5422166,dairy-eggs-fridge
5422177,dairy-eggs-fridge
5428639,dairy-eggs-fridge
5429085,dairy-eggs-fridge
5429766,dairy-eggs-fridge
5430299,dairy-eggs-fridge
5431928,dairy-eggs-fridge
5432035,dairy-eggs-fridge
5432057,dairy-eggs-fridge
5432320,dairy-eggs-fridge
5432669,dairy-eggs-fridge
5432830,dairy-eggs-fridge
5433027,dairy-eggs-fridge
5433050,dairy-eggs-fridge
5434992,dairy-eggs-fridge
5435340,dairy-eggs-fridge
5435645,dairy-eggs-fridge
5437968,dairy-eggs-fridge
5438406,dairy-eggs-fridge
5438440,dairy-eggs-fridge
5438483,dairy-eggs-fridge
5438520,dairy-eggs-fridge
5438574,dairy-eggs-fridge
5438778,dairy-eggs-fridge
5443202,dairy-eggs-fridge
5443304,dairy-eggs-fridge
5443315,dairy-eggs-fridge
5443337,dairy-eggs-fridge
5448589,dairy-eggs-fridge
5458210,dairy-eggs-fridge
5458243,dairy-eggs-fridge
5459938,dairy-eggs-fridge
5467200,dairy-eggs-fridge
5467233,dairy-eggs-fridge
5469035,dairy-eggs-fridge
5469181,dairy-eggs-fridge
5476937,dairy-eggs-fridge
5477930,dairy-eggs-fridge
5484210,dairy-eggs-fridge
5484243,dairy-eggs-fridge
5487977,dairy-eggs-fridge
5488110,dairy-eggs-fridge
5492310,dairy-eggs-fridge
5498703,dairy-eggs-fridge
5519494,dairy-eggs-fridge
5532299,dairy-eggs-fridge
5543105,dairy-eggs-fridge
5547740,dairy-eggs-fridge
5552263,dairy-eggs-fridge
5552570,dairy-eggs-fridge
5552638,dairy-eggs-fridge
5552650,dairy-eggs-fridge
5559502,dairy-eggs-fridge
5559524,dairy-eggs-fridge
5559535,dairy-eggs-fridge
5559546,dairy-eggs-fridge
5559557,dairy-eggs-fridge
5561082,dairy-eggs-fridge
5562926,dairy-eggs-fridge
5573911,dairy-eggs-fridge
5577548,dairy-eggs-fridge
5578256,dairy-eggs-fridge
5582388,dairy-eggs-fridge
5582537,dairy-eggs-fridge
5584984,dairy-eggs-fridge
5585502,dairy-eggs-fridge
5586017,dairy-eggs-fridge
5586800,dairy-eggs-fridge
5586833,dairy-eggs-fridge
5587100,dairy-eggs-fridge
5587111,dairy-eggs-fridge
5587508,dairy-eggs-fridge
5588963,dairy-eggs-fridge
5590885,dairy-eggs-fridge
5590987,dairy-eggs-fridge
5593191,dairy-eggs-fridge
5601653,dairy-eggs-fridge
5602521,dairy-eggs-fridge
5605213,dairy-eggs-fridge
5610177,dairy-eggs-fridge
5612376,dairy-eggs-fridge
5618146,dairy-eggs-fridge
5620760,dairy-eggs-fridge
5624659,dairy-eggs-fridge
5626326,dairy-eggs-fridge
5626654,dairy-eggs-fridge
5626676,dairy-eggs-fridge
5633922,dairy-eggs-fridge
5638449,dairy-eggs-fridge
5641137,dairy-eggs-fridge
5643960,dairy-eggs-fridge
5644102,dairy-eggs-fridge
5644168,dairy-eggs-fridge
5644237,dairy-eggs-fridge
5648602,dairy-eggs-fridge
5649059,dairy-eggs-fridge
5652767,dairy-eggs-fridge
5652789,dairy-eggs-fridge
5658209,dairy-eggs-fridge
5658661,dairy-eggs-fridge
5686317,dairy-eggs-fridge
5686339,dairy-eggs-fridge
5686714,dairy-eggs-fridge
5717603,dairy-eggs-fridge
5717658,dairy-eggs-fridge
5717670,dairy-eggs-fridge
5723490,dairy-eggs-fridge
5726014,dairy-eggs-fridge
5726058,dairy-eggs-fridge
5738160,dairy-eggs-fridge
5738556,dairy-eggs-fridge
5740445,dairy-eggs-fridge
5763167,dairy-eggs-fridge
5763473,dairy-eggs-fridge
5763510,dairy-eggs-fridge
5763699,dairy-eggs-fridge
5777296,dairy-eggs-fridge
5786082,dairy-eggs-fridge
5786093,dairy-eggs-fridge
5788496,dairy-eggs-fridge
5798296,dairy-eggs-fridge
5823407,dairy-eggs-fridge
5858445,dairy-eggs-fridge
5891600,dairy-eggs-fridge
5892512,dairy-eggs-fridge
5903696,dairy-eggs-fridge
5923944,dairy-eggs-fridge
5937417,dairy-eggs-fridge
5938602,dairy-eggs-fridge
5938613,dairy-eggs-fridge
5938668,dairy-eggs-fridge
5938690,dairy-eggs-fridge
5938704,dairy-eggs-fridge
5938715,dairy-eggs-fridge
5938726,dairy-eggs-fridge
5939332,dairy-eggs-fridge
5939412,dairy-eggs-fridge
5939570,dairy-eggs-fridge
5946032,dairy-eggs-fridge
5972917,dairy-eggs-fridge
5984520,dairy-eggs-fridge
5990351,dairy-eggs-fridge
5990410,dairy-eggs-fridge
5991525,dairy-eggs-fridge
5994046,dairy-eggs-fridge
6002734,dairy-eggs-fridge
6004015,dairy-eggs-fridge
6007487,dairy-eggs-fridge
6008640,dairy-eggs-fridge
6008650,dairy-eggs-fridge
6009880,dairy-eggs-fridge
6009904,dairy-eggs-fridge
6011305,dairy-eggs-fridge
6011688,dairy-eggs-fridge
6026890,dairy-eggs-fridge
6033363,dairy-eggs-fridge
6037761,dairy-eggs-fridge
6082530,dairy-eggs-fridge
6090560,dairy-eggs-fridge
6091177,dairy-eggs-fridge
6097399,dairy-eggs-fridge
6098256,dairy-eggs-fridge
6098267,dairy-eggs-fridge
6110023,dairy-eggs-fridge
6113633,dairy-eggs-fridge
6120821,dairy-eggs-fridge
6120912,dairy-eggs-fridge
6126307,dairy-eggs-fridge
6126351,dairy-eggs-fridge
6130520,dairy-eggs-fridge
6132525,dairy-eggs-fridge
6139229,dairy-eggs-fridge
6139320,dairy-eggs-fridge
6144160,dairy-eggs-fridge
6144193,dairy-eggs-fridge
6146213,dairy-eggs-fridge
6152158,dairy-eggs-fridge
6165014,dairy-eggs-fridge
6165047,dairy-eggs-fridge
6166527,dairy-eggs-fridge
6169489,dairy-eggs-fridge
6169580,dairy-eggs-fridge
6187447,dairy-eggs-fridge
6205946,dairy-eggs-fridge
6210163,dairy-eggs-fridge
6210174,dairy-eggs-fridge
6248519,dairy-eggs-fridge
6253950,dairy-eggs-fridge
6255671,dairy-eggs-fridge
6255682,dairy-eggs-fridge
6257418,dairy-eggs-fridge
6257553,dairy-eggs-fridge
6258498,dairy-eggs-fridge
6259377,dairy-eggs-fridge
6261313,dairy-eggs-fridge
6266816,dairy-eggs-fridge
6269177,dairy-eggs-fridge
6272604,dairy-eggs-fridge
6272615,dairy-eggs-fridge
6272626,dairy-eggs-fridge
6272852,dairy-eggs-fridge
6277776,dairy-eggs-fridge
6277801,dairy-eggs-fridge
6277812,dairy-eggs-fridge
6277834,dairy-eggs-fridge
6277856,dairy-eggs-fridge
6277878,dairy-eggs-fridge
6278520,dairy-eggs-fridge
6282685,dairy-eggs-fridge
6284545,dairy-eggs-fridge
6284567,dairy-eggs-fridge
6284589,dairy-eggs-fridge
6284590,dairy-eggs-fridge
6284603,dairy-eggs-fridge
6284614,dairy-eggs-fridge
6284625,dairy-eggs-fridge
6284680,dairy-eggs-fridge
6305237,dairy-eggs-fridge
6312855,dairy-eggs-fridge
6313166,dairy-eggs-fridge
6313188,dairy-eggs-fridge
6319071,dairy-eggs-fridge
6337674,dairy-eggs-fridge
6339498,dairy-eggs-fridge
6339512,dairy-eggs-fridge
6339534,dairy-eggs-fridge
6372019,dairy-eggs-fridge
6393915,dairy-eggs-fridge
6393926,dairy-eggs-fridge
6413590,dairy-eggs-fridge
6415075,dairy-eggs-fridge
6415097,dairy-eggs-fridge
6416624,dairy-eggs-fridge
6416861,dairy-eggs-fridge
6416883,dairy-eggs-fridge
6435684,dairy-eggs-fridge
6435899,dairy-eggs-fridge
6436359,dairy-eggs-fridge
6437431,dairy-eggs-fridge
6450203,dairy-eggs-fridge
6450214,dairy-eggs-fridge
6450917,dairy-eggs-fridge
6451013,dairy-eggs-fridge
6501075,dairy-eggs-fridge
6501188,dairy-eggs-fridge
6501290,dairy-eggs-fridge
6501304,dairy-eggs-fridge
6501315,dairy-eggs-fridge
6502566,dairy-eggs-fridge
6506589,dairy-eggs-fridge
6523216,dairy-eggs-fridge
6525030,dairy-eggs-fridge
6530710,dairy-eggs-fridge
6530721,dairy-eggs-fridge
6530743,dairy-eggs-fridge
6533005,dairy-eggs-fridge
6533060,dairy-eggs-fridge
6560008,dairy-eggs-fridge
6567776,dairy-eggs-fridge
6569217,dairy-eggs-fridge
6569239,dairy-eggs-fridge
6569240,dairy-eggs-fridge
6572583,dairy-eggs-fridge
6572608,dairy-eggs-fridge
6572620,dairy-eggs-fridge
6576347,dairy-eggs-fridge
6576788,dairy-eggs-fridge
6577000,dairy-eggs-fridge
6577780,dairy-eggs-fridge
6578069,dairy-eggs-fridge
6580253,dairy-eggs-fridge
6580480,dairy-eggs-fridge
6580526,dairy-eggs-fridge
6581201,dairy-eggs-fridge
6581256,dairy-eggs-fridge
6593164,dairy-eggs-fridge
6600678,dairy-eggs-fridge
6600689,dairy-eggs-fridge
6600805,dairy-eggs-fridge
6601309,dairy-eggs-fridge
6601310,dairy-eggs-fridge
6601896,dairy-eggs-fridge
6604351,dairy-eggs-fridge
6604500,dairy-eggs-fridge
6606878,dairy-eggs-fridge
6608148,dairy-eggs-fridge
6614581,dairy-eggs-fridge
6614592,dairy-eggs-fridge
6614617,dairy-eggs-fridge
6614639,dairy-eggs-fridge
6614640,dairy-eggs-fridge
6614650,dairy-eggs-fridge
6618607,dairy-eggs-fridge
6621645,dairy-eggs-fridge
6623287,dairy-eggs-fridge
6623323,dairy-eggs-fridge
6623414,dairy-eggs-fridge
6623469,dairy-eggs-fridge
6623505,dairy-eggs-fridge
6648685,dairy-eggs-fridge
6684146,dairy-eggs-fridge
6696327,dairy-eggs-fridge
6696393,dairy-eggs-fridge
6701132,dairy-eggs-fridge
6704323,dairy-eggs-fridge
6704811,dairy-eggs-fridge
6706012,dairy-eggs-fridge
6725811,dairy-eggs-fridge
6733423,dairy-eggs-fridge
6734890,dairy-eggs-fridge
6734903,dairy-eggs-fridge
6734914,dairy-eggs-fridge
6736931,dairy-eggs-fridge
6736942,dairy-eggs-fridge
6736953,dairy-eggs-fridge
6759482,dairy-eggs-fridge
6766808,dairy-eggs-fridge
6767243,dairy-eggs-fridge
6767254,dairy-eggs-fridge
6769169,dairy-eggs-fridge
6769170,dairy-eggs-fridge
6776754,dairy-eggs-fridge
6793651,dairy-eggs-fridge
6795613,dairy-eggs-fridge
6795646,dairy-eggs-fridge
6796660,dairy-eggs-fridge
6797368,dairy-eggs-fridge
6798531,dairy-eggs-fridge
6800134,dairy-eggs-fridge
6801964,dairy-eggs-fridge
6802242,dairy-eggs-fridge
6802377,dairy-eggs-fridge
6802424,dairy-eggs-fridge
6802490,dairy-eggs-fridge
6802515,dairy-eggs-fridge
6804769,dairy-eggs-fridge
6804805,dairy-eggs-fridge
6804816,dairy-eggs-fridge
6814842,dairy-eggs-fridge
6824063,dairy-eggs-fridge
6824290,dairy-eggs-fridge
6840762,dairy-eggs-fridge
6841288,dairy-eggs-fridge
6844876,dairy-eggs-fridge
6845438,dairy-eggs-fridge
6846860,dairy-eggs-fridge
6848120,dairy-eggs-fridge
6854734,dairy-eggs-fridge
6854745,dairy-eggs-fridge
6892100,dairy-eggs-fridge
6892143,dairy-eggs-fridge
6900933,dairy-eggs-fridge
6913232,dairy-eggs-fridge
6927420,dairy-eggs-fridge
6934797,dairy-eggs-fridge
6934800,dairy-eggs-fridge
6941577,dairy-eggs-fridge
6949240,dairy-eggs-fridge
6949783,dairy-eggs-fridge
6959426,dairy-eggs-fridge
6992465,dairy-eggs-fridge
6995102,dairy-eggs-fridge
6996841,dairy-eggs-fridge
6998745,dairy-eggs-fridge
7007096,dairy-eggs-fridge
7009375,dairy-eggs-fridge
7014535,dairy-eggs-fridge
7014590,dairy-eggs-fridge
7016075,dairy-eggs-fridge
7016097,dairy-eggs-fridge
7016100,dairy-eggs-fridge
7016417,dairy-eggs-fridge
7016494,dairy-eggs-fridge
7016520,dairy-eggs-fridge
7016541,dairy-eggs-fridge
7016610,dairy-eggs-fridge
7016654,dairy-eggs-fridge
7016676,dairy-eggs-fridge
7017395,dairy-eggs-fridge
7017781,dairy-eggs-fridge
7018354,dairy-eggs-fridge
7018376,dairy-eggs-fridge
7019324,dairy-eggs-fridge
7019460,dairy-eggs-fridge
7021348,dairy-eggs-fridge
7021450,dairy-eggs-fridge
7024030,dairy-eggs-fridge
7024040,dairy-eggs-fridge
7027559,dairy-eggs-fridge
7030826,dairy-eggs-fridge
7033482,dairy-eggs-fridge
7034180,dairy-eggs-fridge
7035874,dairy-eggs-fridge
7050324,dairy-eggs-fridge
7060248,dairy-eggs-fridge
7060317,dairy-eggs-fridge
7065751,dairy-eggs-fridge
7069016,dairy-eggs-fridge
7069038,dairy-eggs-fridge
7069402,dairy-eggs-fridge
7070241,dairy-eggs-fridge
7073090,dairy-eggs-fridge
7074311,dairy-eggs-fridge
7075278,dairy-eggs-fridge
7076850,dairy-eggs-fridge
7078345,dairy-eggs-fridge
7078390,dairy-eggs-fridge
7078582,dairy-eggs-fridge
7078618,dairy-eggs-fridge
7078742,dairy-eggs-fridge
7078844,dairy-eggs-fridge
7081055,dairy-eggs-fridge
7081995,dairy-eggs-fridge
7083119,dairy-eggs-fridge
7083120,dairy-eggs-fridge
7083130,dairy-eggs-fridge
7083152,dairy-eggs-fridge
7083185,dairy-eggs-fridge
7084858,dairy-eggs-fridge
7084880,dairy-eggs-fridge
7085056,dairy-eggs-fridge
7085089,dairy-eggs-fridge
7089851,dairy-eggs-fridge
7106189,dairy-eggs-fridge
7109609,dairy-eggs-fridge
7109686,dairy-eggs-fridge
7109813,dairy-eggs-fridge
7109868,dairy-eggs-fridge
7109970,dairy-eggs-fridge
7110073,dairy-eggs-fridge
7117243,dairy-eggs-fridge
7117447,dairy-eggs-fridge
7119409,dairy-eggs-fridge
7127600,dairy-eggs-fridge
7132451,dairy-eggs-fridge
7136441,dairy-eggs-fridge
7152346,dairy-eggs-fridge
7154997,dairy-eggs-fridge
7155060,dairy-eggs-fridge
7155093,dairy-eggs-fridge
7155129,dairy-eggs-fridge
7155480,dairy-eggs-fridge
7155559,dairy-eggs-fridge
7156915,dairy-eggs-fridge
7160016,dairy-eggs-fridge
7161008,dairy-eggs-fridge
7161020,dairy-eggs-fridge
7161449,dairy-eggs-fridge
7162769,dairy-eggs-fridge
7163819,dairy-eggs-fridge
7163820,dairy-eggs-fridge
7164141,dairy-eggs-fridge
7169892,dairy-eggs-fridge
7173288,dairy-eggs-fridge
7174906,dairy-eggs-fridge
7175363,dairy-eggs-fridge
7181195,dairy-eggs-fridge
7193274,dairy-eggs-fridge
7197990,dairy-eggs-fridge
7199055,dairy-eggs-fridge
7239433,dairy-eggs-fridge
7246869,dairy-eggs-fridge
7246870,dairy-eggs-fridge
7246880,dairy-eggs-fridge
7247191,dairy-eggs-fridge
7250935,dairy-eggs-fridge
7258880,dairy-eggs-fridge
7272982,dairy-eggs-fridge
7272993,dairy-eggs-fridge
7273023,dairy-eggs-fridge
7292254,dairy-eggs-fridge
7294409,dairy-eggs-fridge
7319725,dairy-eggs-fridge
7323100,dairy-eggs-fridge
7323198,dairy-eggs-fridge
7325091,dairy-eggs-fridge
7325863,dairy-eggs-fridge
7327870,dairy-eggs-fridge
7327880,dairy-eggs-fridge
7327891,dairy-eggs-fridge
7327905,dairy-eggs-fridge
7327916,dairy-eggs-fridge
7327927,dairy-eggs-fridge
7327938,dairy-eggs-fridge
7339063,dairy-eggs-fridge
7340801,dairy-eggs-fridge
7342002,dairy-eggs-fridge
7342057,dairy-eggs-fridge
7357123,dairy-eggs-fridge
7372058,dairy-eggs-fridge
7372513,dairy-eggs-fridge
7373720,dairy-eggs-fridge
7374858,dairy-eggs-fridge
7381220,dairy-eggs-fridge
7381230,dairy-eggs-fridge
7381241,dairy-eggs-fridge
7391234,dairy-eggs-fridge
7399167,dairy-eggs-fridge
7404813,dairy-eggs-fridge
7411819,dairy-eggs-fridge
7430290,dairy-eggs-fridge
7430369,dairy-eggs-fridge
7452645,dairy-eggs-fridge
7452656,dairy-eggs-fridge
7458390,dairy-eggs-fridge
7470487,dairy-eggs-fridge
7481440,dairy-eggs-fridge
7490189,dairy-eggs-fridge
7493518,dairy-eggs-fridge
7497450,dairy-eggs-fridge
7497461,dairy-eggs-fridge
7497483,dairy-eggs-fridge
7497814,dairy-eggs-fridge
7504647,dairy-eggs-fridge
7570222,dairy-eggs-fridge
7602067,dairy-eggs-fridge
7604867,dairy-eggs-fridge
7646109,dairy-eggs-fridge
7648283,dairy-eggs-fridge
7648465,dairy-eggs-fridge
7648556,dairy-eggs-fridge
7648589,dairy-eggs-fridge
7648603,dairy-eggs-fridge
7650208,dairy-eggs-fridge
7650219,dairy-eggs-fridge
7653658,dairy-eggs-fridge
7654107,dairy-eggs-fridge
7654435,dairy-eggs-fridge
7657477,dairy-eggs-fridge
7657513,dairy-eggs-fridge
7657535,dairy-eggs-fridge
7657637,dairy-eggs-fridge
7657648,dairy-eggs-fridge
7657885,dairy-eggs-fridge
7667244,dairy-eggs-fridge
7667368,dairy-eggs-fridge
7669556,dairy-eggs-fridge
7670114,dairy-eggs-fridge
7670395,dairy-eggs-fridge
7670410,dairy-eggs-fridge
7671580,dairy-eggs-fridge
7671693,dairy-eggs-fridge
7671707,dairy-eggs-fridge
7674465,dairy-eggs-fridge
7675173,dairy-eggs-fridge
7680560,dairy-eggs-fridge
7682044,dairy-eggs-fridge
7682441,dairy-eggs-fridge
7696570,dairy-eggs-fridge
7696581,dairy-eggs-fridge
7699284,dairy-eggs-fridge
7712156,dairy-eggs-fridge
7714413,dairy-eggs-fridge
7716113,dairy-eggs-fridge
7716500,dairy-eggs-fridge
7716827,dairy-eggs-fridge
7716850,dairy-eggs-fridge
7738604,dairy-eggs-fridge
7738740,dairy-eggs-fridge
7738750,dairy-eggs-fridge
7738761,dairy-eggs-fridge
7739731,dairy-eggs-fridge
7740344,dairy-eggs-fridge
7745450,dairy-eggs-fridge
7748732,dairy-eggs-fridge
7748925,dairy-eggs-fridge
7749021,dairy-eggs-fridge
7749032,dairy-eggs-fridge
7749203,dairy-eggs-fridge
7749848,dairy-eggs-fridge
7749917,dairy-eggs-fridge
7749928,dairy-eggs-fridge
7750337,dairy-eggs-fridge
7757085,dairy-eggs-fridge
7757110,dairy-eggs-fridge
7757530,dairy-eggs-fridge
7757609,dairy-eggs-fridge
7757697,dairy-eggs-fridge
7766155,dairy-eggs-fridge
7781192,dairy-eggs-fridge
7781240,dairy-eggs-fridge
7781283,dairy-eggs-fridge
7781320,dairy-eggs-fridge
7789048,dairy-eggs-fridge
7824896,dairy-eggs-fridge
7825039,dairy-eggs-fridge
7825050,dairy-eggs-fridge
7825367,dairy-eggs-fridge
7825389,dairy-eggs-fridge
7828977,dairy-eggs-fridge
7829051,dairy-eggs-fridge
7829120,dairy-eggs-fridge
7829197,dairy-eggs-fridge
7829200,dairy-eggs-fridge
7829222,dairy-eggs-fridge
7829244,dairy-eggs-fridge
7829313,dairy-eggs-fridge
7829357,dairy-eggs-fridge
7829368,dairy-eggs-fridge
7829379,dairy-eggs-fridge
7829380,dairy-eggs-fridge
7830550,dairy-eggs-fridge
7831246,dairy-eggs-fridge
7831440,dairy-eggs-fridge
7840531,dairy-eggs-fridge
7844306,dairy-eggs-fridge
7844317,dairy-eggs-fridge
7850783,dairy-eggs-fridge
7851550,dairy-eggs-fridge
7863854,dairy-eggs-fridge
7866070,dairy-eggs-fridge
7866105,dairy-eggs-fridge
7866149,dairy-eggs-fridge
7866150,dairy-eggs-fridge
7870554,dairy-eggs-fridge
7895067,dairy-eggs-fridge
7895759,dairy-eggs-fridge
7895817,dairy-eggs-fridge
7910535,dairy-eggs-fridge
7910660,dairy-eggs-fridge
7921575,dairy-eggs-fridge
7974083,dairy-eggs-fridge
8009494,dairy-eggs-fridge
8011532,dairy-eggs-fridge
8011598,dairy-eggs-fridge
8016729,dairy-eggs-fridge
8050454,dairy-eggs-fridge
8055549,dairy-eggs-fridge
8060050,dairy-eggs-fridge
8067468,dairy-eggs-fridge
8067640,dairy-eggs-fridge
8068008,dairy-eggs-fridge
8068019,dairy-eggs-fridge
8068471,dairy-eggs-fridge
8068551,dairy-eggs-fridge
8070860,dairy-eggs-fridge
8071272,dairy-eggs-fridge
8071319,dairy-eggs-fridge
8071487,dairy-eggs-fridge
8071590,dairy-eggs-fridge
8071873,dairy-eggs-fridge
8071953,dairy-eggs-fridge
8072005,dairy-eggs-fridge
8072016,dairy-eggs-fridge
8072082,dairy-eggs-fridge
8072162,dairy-eggs-fridge
8072242,dairy-eggs-fridge
8072548,dairy-eggs-fridge
8072559,dairy-eggs-fridge
8073530,dairy-eggs-fridge
8073562,dairy-eggs-fridge
8073595,dairy-eggs-fridge
8073620,dairy-eggs-fridge
8073642,dairy-eggs-fridge
8076469,dairy-eggs-fridge
8076505,dairy-eggs-fridge
8077133,dairy-eggs-fridge
8077370,dairy-eggs-fridge
8078125,dairy-eggs-fridge
8078624,dairy-eggs-fridge
8079536,dairy-eggs-fridge
8080284,dairy-eggs-fridge
8083147,dairy-eggs-fridge
8084220,dairy-eggs-fridge
8085029,dairy-eggs-fridge
8085619,dairy-eggs-fridge
8087352,dairy-eggs-fridge
8087476,dairy-eggs-fridge
8087523,dairy-eggs-fridge
8087545,dairy-eggs-fridge
8087578,dairy-eggs-fridge
8087589,dairy-eggs-fridge
8087625,dairy-eggs-fridge
8091972,dairy-eggs-fridge
8091994,dairy-eggs-fridge
8092160,dairy-eggs-fridge
8092261,dairy-eggs-fridge
8093253,dairy-eggs-fridge
8093297,dairy-eggs-fridge
8093300,dairy-eggs-fridge
8093311,dairy-eggs-fridge
8093344,dairy-eggs-fridge
8093366,dairy-eggs-fridge
8093399,dairy-eggs-fridge
8097061,dairy-eggs-fridge
8100360,dairy-eggs-fridge
8100461,dairy-eggs-fridge
8100494,dairy-eggs-fridge
8100520,dairy-eggs-fridge
8100541,dairy-eggs-fridge
8100585,dairy-eggs-fridge
8118740,dairy-eggs-fridge
8126057,dairy-eggs-fridge
8128256,dairy-eggs-fridge
8128278,dairy-eggs-fridge
8133824,dairy-eggs-fridge
8135863,dairy-eggs-fridge
8137836,dairy-eggs-fridge
8139809,dairy-eggs-fridge
8140524,dairy-eggs-fridge
8140557,dairy-eggs-fridge
8140568,dairy-eggs-fridge
8140604,dairy-eggs-fridge
8141618,dairy-eggs-fridge
8145335,dairy-eggs-fridge
8145346,dairy-eggs-fridge
8145856,dairy-eggs-fridge
8146087,dairy-eggs-fridge
8150288,dairy-eggs-fridge
8153661,dairy-eggs-fridge
8166936,dairy-eggs-fridge
8167484,dairy-eggs-fridge
8167860,dairy-eggs-fridge
8169355,dairy-eggs-fridge
8169424,dairy-eggs-fridge
8169435,dairy-eggs-fridge
8177557,dairy-eggs-fridge
8190089,dairy-eggs-fridge
8190158,dairy-eggs-fridge
8224511,dairy-eggs-fridge
8224533,dairy-eggs-fridge
8225864,dairy-eggs-fridge
8227892,dairy-eggs-fridge
8242670,dairy-eggs-fridge
8379529,dairy-eggs-fridge
8389680,dairy-eggs-fridge
8390918,dairy-eggs-fridge
8390951,dairy-eggs-fridge
8400352,dairy-eggs-fridge
8411676,dairy-eggs-fridge
8411698,dairy-eggs-fridge
8419543,dairy-eggs-fridge
8419554,dairy-eggs-fridge
8419565,dairy-eggs-fridge
8419601,dairy-eggs-fridge
8419623,dairy-eggs-fridge
8419634,dairy-eggs-fridge
8423405,dairy-eggs-fridge
8423507,dairy-eggs-fridge
8423529,dairy-eggs-fridge
8423530,dairy-eggs-fridge
8425397,dairy-eggs-fridge
8425637,dairy-eggs-fridge
8427610,dairy-eggs-fridge
8428114,dairy-eggs-fridge
8429106,dairy-eggs-fridge
8430400,dairy-eggs-fridge
8430411,dairy-eggs-fridge
8430488,dairy-eggs-fridge
8441371,dairy-eggs-fridge
8453381,dairy-eggs-fridge
8460354,dairy-eggs-fridge
8469971,dairy-eggs-fridge
8474520,dairy-eggs-fridge
8474541,dairy-eggs-fridge
8474585,dairy-eggs-fridge
8476117,dairy-eggs-fridge
8476128,dairy-eggs-fridge
8476172,dairy-eggs-fridge
8477109,dairy-eggs-fridge
8482641,dairy-eggs-fridge
8482980,dairy-eggs-fridge
8489210,dairy-eggs-fridge
8498619,dairy-eggs-fridge
8500186,dairy-eggs-fridge
8505066,dairy-eggs-fridge
8505077,dairy-eggs-fridge
8505088,dairy-eggs-fridge
8508042,dairy-eggs-fridge
8508701,dairy-eggs-fridge
8536999,dairy-eggs-fridge
8537062,dairy-eggs-fridge
8544126,dairy-eggs-fridge
8544432,dairy-eggs-fridge
8544443,dairy-eggs-fridge
8544454,dairy-eggs-fridge
8547113,dairy-eggs-fridge
8551777,dairy-eggs-fridge
8559688,dairy-eggs-fridge
8562274,dairy-eggs-fridge
8563390,dairy-eggs-fridge
8569772,dairy-eggs-fridge
8583220,dairy-eggs-fridge
8583230,dairy-eggs-fridge
8587253,dairy-eggs-fridge
8588132,dairy-eggs-fridge
8588358,dairy-eggs-fridge
8588369,dairy-eggs-fridge
8588530,dairy-eggs-fridge
8588926,dairy-eggs-fridge
8589099,dairy-eggs-fridge
8589281,dairy-eggs-fridge
8590145,dairy-eggs-fridge
8656040,dairy-eggs-fridge
8660080,dairy-eggs-fridge
8670878,dairy-eggs-fridge
8670903,dairy-eggs-fridge
8670914,dairy-eggs-fridge
8676295,dairy-eggs-fridge
8676524,dairy-eggs-fridge
8677436,dairy-eggs-fridge
8677447,dairy-eggs-fridge
8678916,dairy-eggs-fridge
8678950,dairy-eggs-fridge
8678971,dairy-eggs-fridge
8679588,dairy-eggs-fridge
8679624,dairy-eggs-fridge
8679930,dairy-eggs-fridge
8684883,dairy-eggs-fridge
8685445,dairy-eggs-fridge
8687677,dairy-eggs-fridge
8693090,dairy-eggs-fridge
8699836,dairy-eggs-fridge
8699847,dairy-eggs-fridge
8704346,dairy-eggs-fridge
8705917,dairy-eggs-fridge
8705961,dairy-eggs-fridge
8705972,dairy-eggs-fridge
8711261,dairy-eggs-fridge
8712446,dairy-eggs-fridge
8714656,dairy-eggs-fridge
8716913,dairy-eggs-fridge
8717348,dairy-eggs-fridge
8724423,dairy-eggs-fridge
8736750,dairy-eggs-fridge
8736885,dairy-eggs-fridge
8738439,dairy-eggs-fridge
8738520,dairy-eggs-fridge
8738530,dairy-eggs-fridge
8738552,dairy-eggs-fridge
8750208,dairy-eggs-fridge
8756102,dairy-eggs-fridge
8757058,dairy-eggs-fridge
8757069,dairy-eggs-fridge
8769487,dairy-eggs-fridge
8769556,dairy-eggs-fridge
8769614,dairy-eggs-fridge
8771820,dairy-eggs-fridge
8771842,dairy-eggs-fridge
8771853,dairy-eggs-fridge
8772700,dairy-eggs-fridge
8773043,dairy-eggs-fridge
8792988,dairy-eggs-fridge
8792999,dairy-eggs-fridge
8793029,dairy-eggs-fridge
8793030,dairy-eggs-fridge
8793040,dairy-eggs-fridge
8793051,dairy-eggs-fridge
8796694,dairy-eggs-fridge
8818094,dairy-eggs-fridge
8836256,dairy-eggs-fridge
8838218,dairy-eggs-fridge
8840843,dairy-eggs-fridge
8851668,dairy-eggs-fridge
8851680,dairy-eggs-fridge
8855636,dairy-eggs-fridge
8857482,dairy-eggs-fridge
8857507,dairy-eggs-fridge
8864976,dairy-eggs-fridge
8868081,dairy-eggs-fridge
8868128,dairy-eggs-fridge
8868310,dairy-eggs-fridge
8870550,dairy-eggs-fridge
8870990,dairy-eggs-fridge
8871654,dairy-eggs-fridge
8871723,dairy-eggs-fridge
8872012,dairy-eggs-fridge
8872089,dairy-eggs-fridge
8872409,dairy-eggs-fridge
8872420,dairy-eggs-fridge
8872577,dairy-eggs-fridge
8873161,dairy-eggs-fridge
8873172,dairy-eggs-fridge
8877173,dairy-eggs-fridge
8877195,dairy-eggs-fridge
8877311,dairy-eggs-fridge
8879601,dairy-eggs-fridge
8879758,dairy-eggs-fridge
8879769,dairy-eggs-fridge
8882854,dairy-eggs-fridge
8883631,dairy-eggs-fridge
8893963,dairy-eggs-fridge
8894456,dairy-eggs-fridge
8909189,dairy-eggs-fridge
8934765,dairy-eggs-fridge
8946775,dairy-eggs-fridge
8947111,dairy-eggs-fridge
8949092,dairy-eggs-fridge
8951356,dairy-eggs-fridge
8951367,dairy-eggs-fridge
8953577,dairy-eggs-fridge
8963264,dairy-eggs-fridge
8967050,dairy-eggs-fridge
8968370,dairy-eggs-fridge
8969500,dairy-eggs-fridge
8969533,dairy-eggs-fridge
8969646,dairy-eggs-fridge
8969872,dairy-eggs-fridge
8972436,dairy-eggs-fridge
8975401,dairy-eggs-fridge
8981404,dairy-eggs-fridge
8981415,dairy-eggs-fridge
8983320,dairy-eggs-fridge
8983432,dairy-eggs-fridge
8985631,dairy-eggs-fridge
8985642,dairy-eggs-fridge
8985697,dairy-eggs-fridge
8991361,dairy-eggs-fridge
9017115,dairy-eggs-fridge
9020029,dairy-eggs-fridge
9021258,dairy-eggs-fridge
9021666,dairy-eggs-fridge
9023752,dairy-eggs-fridge
9024019,dairy-eggs-fridge
9024529,dairy-eggs-fridge
9028009,dairy-eggs-fridge
9028778,dairy-eggs-fridge
9028971,dairy-eggs-fridge
9032378,dairy-eggs-fridge
9033009,dairy-eggs-fridge
9033406,dairy-eggs-fridge
9033654,dairy-eggs-fridge
9033756,dairy-eggs-fridge
9052375,dairy-eggs-fridge
9052681,dairy-eggs-fridge
9053720,dairy-eggs-fridge
9055817,dairy-eggs-fridge
9056707,dairy-eggs-fridge
9058101,dairy-eggs-fridge
9059363,dairy-eggs-fridge
9059421,dairy-eggs-fridge
9065548,dairy-eggs-fridge
9067496,dairy-eggs-fridge
9073932,dairy-eggs-fridge
9073976,dairy-eggs-fridge
9073998,dairy-eggs-fridge
9089036,dairy-eggs-fridge
9091898,dairy-eggs-fridge
9098809,dairy-eggs-fridge
9099120,dairy-eggs-fridge
9106645,dairy-eggs-fridge
9107728,dairy-eggs-fridge
9131063,dairy-eggs-fridge
9152518,dairy-eggs-fridge
9161610,dairy-eggs-fridge
9164255,dairy-eggs-fridge
9182202,dairy-eggs-fridge
9182213,dairy-eggs-fridge
9184139,dairy-eggs-fridge
9194482,dairy-eggs-fridge
9194573,dairy-eggs-fridge
9194584,dairy-eggs-fridge
9194802,dairy-eggs-fridge
9202172,dairy-eggs-fridge
9230270,dairy-eggs-fridge
9232490,dairy-eggs-fridge
9232504,dairy-eggs-fridge
9238792,dairy-eggs-fridge
9241480,dairy-eggs-fridge
9269093,dairy-eggs-fridge
9269424,dairy-eggs-fridge
9269479,dairy-eggs-fridge
9269490,dairy-eggs-fridge
9274050,dairy-eggs-fridge
9278276,dairy-eggs-fridge
9317935,dairy-eggs-fridge
9321070,dairy-eggs-fridge
9321138,dairy-eggs-fridge
9321230,dairy-eggs-fridge
9321240,dairy-eggs-fridge
9332746,dairy-eggs-fridge
9334672,dairy-eggs-fridge
9363954,dairy-eggs-fridge
9400960,dairy-eggs-fridge
9410760,dairy-eggs-fridge
9411773,dairy-eggs-fridge
9411784,dairy-eggs-fridge
9435160,dairy-eggs-fridge
9441570,dairy-eggs-fridge
9444047,dairy-eggs-fridge
9453456,dairy-eggs-fridge
9453478,dairy-eggs-fridge
9456002,dairy-eggs-fridge
9485565,dairy-eggs-fridge
9488552,dairy-eggs-fridge
9508026,dairy-eggs-fridge
9536247,dairy-eggs-fridge
9536258,dairy-eggs-fridge
9553971,dairy-eggs-fridge
9554497,dairy-eggs-fridge
9554500,dairy-eggs-fridge
9554511,dairy-eggs-fridge
9560820,dairy-eggs-fridge
9567400,dairy-eggs-fridge
9580657,dairy-eggs-fridge
9580680,dairy-eggs-fridge
9580704,dairy-eggs-fridge
9580715,dairy-eggs-fridge
9615263,dairy-eggs-fridge
9615296,dairy-eggs-fridge
9641809,dairy-eggs-fridge
9643622,dairy-eggs-fridge
9671628,dairy-eggs-fridge
9695364,dairy-eggs-fridge
9728215,dairy-eggs-fridge
9728532,dairy-eggs-fridge
9728565,dairy-eggs-fridge
9728587,dairy-eggs-fridge
9759365,dairy-eggs-fridge
9759944,dairy-eggs-fridge
9760047,dairy-eggs-fridge
9760070,dairy-eggs-fridge
9760091,dairy-eggs-fridge
9808405,dairy-eggs-fridge
9808755,dairy-eggs-fridge
9834926,dairy-eggs-fridge
9849286,dairy-eggs-fridge
9849300,dairy-eggs-fridge
9896220,dairy-eggs-fridge
9896264,dairy-eggs-fridge
9896275,dairy-eggs-fridge
9896286,dairy-eggs-fridge
9901681,dairy-eggs-fridge
9907917,dairy-eggs-fridge
9907940,dairy-eggs-fridge
9907994,dairy-eggs-fridge
9933757,dairy-eggs-fridge
9938604,dairy-eggs-fridge
9949190,dairy-eggs-fridge
9949203,dairy-eggs-fridge
9953437,dairy-eggs-fridge
9954600,dairy-eggs-fridge
9954622,dairy-eggs-fridge
9954644,dairy-eggs-fridge
9955385,dairy-eggs-fridge
9957675,dairy-eggs-fridge
9958420,dairy-eggs-fridge
9958430,dairy-eggs-fridge
9961344,dairy-eggs-fridge
9961366,dairy-eggs-fridge
9961399,dairy-eggs-fridge
9961967,dairy-eggs-fridge
9964116,dairy-eggs-fridge
9969663,dairy-eggs-fridge
9970505,dairy-eggs-fridge
9970629,dairy-eggs-fridge
9970709,dairy-eggs-fridge
9972158,dairy-eggs-fridge
9972169,dairy-eggs-fridge
9972170,dairy-eggs-fridge
9972191,dairy-eggs-fridge
9972216,dairy-eggs-fridge
9972260,dairy-eggs-fridge
9972293,dairy-eggs-fridge
9978370,dairy-eggs-fridge
9978529,dairy-eggs-fridge
9978540,dairy-eggs-fridge
9978562,dairy-eggs-fridge
9980892,dairy-eggs-fridge
9981159,dairy-eggs-fridge
9985513,dairy-eggs-fridge
9990637,dairy-eggs-fridge
9990648,dairy-eggs-fridge
9990660,dairy-eggs-fridge
9990670,dairy-eggs-fridge
9991287,dairy-eggs-fridge
9991298,dairy-eggs-fridge
9991390,dairy-eggs-fridge
9991414,dairy-eggs-fridge
9992814,dairy-eggs-fridge
91673,deli
128183,deli
197732,deli
212188,deli
222782,deli
459125,deli
499618,deli
1003853,deli
1015411,deli
1024423,deli
1026564,deli
1026702,deli
1028220,deli
1032830,deli
1037367,deli
1038483,deli
1051856,deli
1051947,deli
1075934,deli
1077543,deli
1078036,deli
1089881,deli
1091941,deli
1092376,deli
1095975,deli
1096027,deli
1096264,deli
1096275,deli
1096377,deli
1096446,deli
1096457,deli
1102061,deli
1102083,deli
1102775,deli
1105795,deli
1106470,deli
1108363,deli
1108374,deli
1108432,deli
1108476,deli
1108487,deli
1108501,deli
1110081,deli
1118040,deli
1131015,deli
1131026,deli
1131081,deli
1134851,deli
1135060,deli
1135071,deli
1138160,deli
1155997,deli
1159003,deli
1159025,deli
1202102,deli
1203138,deli
1312075,deli
1364079,deli
1435519,deli
1435676,deli
1435778,deli
1435790,deli
1435803,deli
1435814,deli
1435825,deli
1435847,deli
1435858,deli
1439509,deli
1445840,deli
1445862,deli
1451708,deli
1460491,deli
1466862,deli
1466910,deli
1466920,deli
1466931,deli
1466942,deli
1470564,deli
1471636,deli
1471953,deli
1472253,deli
1472617,deli
1475070,deli
1475080,deli
1475091,deli
1476902,deli
1476913,deli
1476946,deli
1476979,deli
1476980,deli
1490845,deli
1497469,deli
1497527,deli
1498596,deli
1499431,deli
1500290,deli
1500304,deli
1501147,deli
1507482,deli
1507507,deli
1509386,deli
1509397,deli
1509400,deli
1509422,deli
1509444,deli
1515946,deli
1528187,deli
1601334,deli
1601403,deli
1601447,deli
1608151,deli
1608162,deli
1608173,deli
1619963,deli
1640981,deli
1641022,deli
1641044,deli
1641055,deli
1649986,deli
1650001,deli
1710726,deli
1724899,deli
1741388,deli
1741832,deli
1756330,deli
1784835,deli
1838901,deli
1838912,deli
1839030,deli
1839493,deli
1844391,deli
1844427,deli
1844449,deli
1844450,deli
1845973,deli
1846637,deli
1848199,deli
1848290,deli
1851706,deli
1855591,deli
1873039,deli
1881922,deli
1890118,deli
1960086,deli
1962117,deli
1962751,deli
1973281,deli
1988438,deli
1988460,deli
1988529,deli
1988551,deli
2042442,deli
2072997,deli
2076524,deli
2076615,deli
2076717,deli
2090081,deli
2090139,deli
2090310,deli
2108380,deli
2140860,deli
2140871,deli
2210208,deli
2210591,deli
2214016,deli
2240730,deli
2240763,deli
2244582,deli
2260465,deli
2260476,deli
2271188,deli
2271199,deli
2271643,deli
2272715,deli
2421280,deli
2442167,deli
2442247,deli
2449676,deli
2449847,deli
2452976,deli
2466450,deli
2517845,deli
2517856,deli
2531664,deli
2686693,deli
2699072,deli
2699390,deli
2699844,deli
2700080,deli
2739199,deli
2739202,deli
2791280,deli
2791574,deli
2791621,deli
2792395,deli
2792420,deli
2792431,deli
2801736,deli
2801758,deli
2805362,deli
2807120,deli
2807277,deli
2807460,deli
2807856,deli
2808735,deli
2814013,deli
2814057,deli
2819312,deli
2819334,deli
2819436,deli
2822259,deli
2822260,deli
2848547,deli
2904648,deli
2917720,deli
2917752,deli
2917785,deli
2917821,deli
2919634,deli
2930310,deli
2984046,deli
2984104,deli
3014136,deli
3020580,deli
3029086,deli
3029326,deli
3029712,deli
3029767,deli
3039454,deli
3048069,deli
3048772,deli
3048794,deli
3052601,deli
3052623,deli
3052929,deli
3052973,deli
3053058,deli
3053080,deli
3053091,deli
3053353,deli
3053513,deli
3053965,deli
3054287,deli
3054549,deli
3054560,deli
3054720,deli
3054731,deli
3055086,deli
3055494,deli
3055519,deli
3066934,deli
3067008,deli
3067824,deli
3067835,deli
3067868,deli
3075040,deli
3075050,deli
3075083,deli
3075119,deli
3081290,deli
3087355,deli
3089394,deli
3098748,deli
3110752,deli
3110832,deli
3115009,deli
3162031,deli
3162053,deli
3162086,deli
3165594,deli
3174868,deli
3174904,deli
3209714,deli
3218395,deli
3218409,deli
3222552,deli
3222600,deli
3226655,deli
3234824,deli
3258607,deli
3269170,deli
3269250,deli
3269261,deli
3270963,deli
3273189,deli
3273270,deli
3273316,deli
3275854,deli
3275901,deli
3275945,deli
3275978,deli
3275990,deli
3276879,deli
3276970,deli
3277463,deli
3301820,deli
3301830,deli
3302549,deli
3309275,deli
3328473,deli
3359400,deli
3386072,deli
3397498,deli
3397614,deli
3397670,deli
3434200,deli
3453330,deli
3465543,deli
3467039,deli
3498702,deli
3512541,deli
3524347,deli
3524540,deli
3536674,deli
3536798,deli
3536801,deli
3536812,deli
3560453,deli
3560770,deli
3563440,deli
3563473,deli
3566008,deli
3566019,deli
3566020,deli
3566100,deli
3566176,deli
3566245,deli
3575927,deli
3576271,deli
3576690,deli
3580111,deli
3580122,deli
3580166,deli
3580177,deli
3580188,deli
3580199,deli
3580202,deli
3580213,deli
3580246,deli
3605380,deli
3605405,deli
3606022,deli
3609315,deli
3623134,deli
3628058,deli
3628568,deli
3631370,deli
3633499,deli
3633626,deli
3635122,deli
3635199,deli
3635701,deli
3635891,deli
3635916,deli
3636792,deli
3673369,deli
3673460,deli
3673518,deli
3673653,deli
3673675,deli
3681560,deli
3694777,deli
3694799,deli
3694835,deli
3694857,deli
3694868,deli
3737009,deli
3737031,deli
3738034,deli
3754380,deli
3755430,deli
3796380,deli
3796405,deli
3796427,deli
3827054,deli
3829796,deli
3830274,deli
3830296,deli
3830300,deli
3830580,deli
3830616,deli
3830751,deli
3830886,deli
3830944,deli
3842750,deli
3842932,deli
3843356,deli
3845180,deli
3847903,deli
3881570,deli
3881639,deli
3892599,deli
3893445,deli
3895236,deli
3896931,deli
3899383,deli
3899500,deli
3902820,deli
3902852,deli
3904530,deli
3910704,deli
3910715,deli
3911730,deli
3911773,deli
3911820,deli
3911900,deli
3913043,deli
3913087,deli
3913101,deli
3913145,deli
3930440,deli
3930461,deli
3934994,deli
3935079,deli
3935090,deli
3935115,deli
3935137,deli
3935160,deli
3944524,deli
3950811,deli
3954674,deli
3958879,deli
3984438,deli
3984460,deli
3984482,deli
3991728,deli
4144829,deli
4222321,deli
4222354,deli
4238285,deli
4250790,deli
4253303,deli
4253314,deli
4258996,deli
4259897,deli
4260568,deli
4261040,deli
4304233,deli
4304255,deli
4304277,deli
4304302,deli
4307231,deli
4317858,deli
4332396,deli
4357466,deli
4360471,deli
4360529,deli
4362580,deli
4368804,deli
4379731,deli
4379855,deli
4381879,deli
4381880,deli
4381904,deli
4395647,deli
4395749,deli
4418684,deli
4418957,deli
4442510,deli
4442532,deli
4505337,deli
4509983,deli
4510009,deli
4512605,deli
4513200,deli
4513211,deli
4660373,deli
4699357,deli
4699368,deli
4712863,deli
4803506,deli
4819368,deli
4847192,deli
4959301,deli
4960173,deli
4962361,deli
4998880,deli
5003618,deli
5008360,deli
5009261,deli
5009272,deli
5051494,deli
5079755,deli
5088938,deli
5094125,deli
5142170,deli
5145758,deli
5170008,deli
5185661,deli
5199702,deli
5202080,deli
5217291,deli
5217371,deli
5218013,deli
5225212,deli
5249527,deli
5269091,deli
5342715,deli
5350575,deli
5351115,deli
5358012,deli
5358090,deli
5358147,deli
5358191,deli
5358227,deli
5362869,deli
5362891,deli
5362916,deli
5362938,deli
5362960,deli
5362971,deli
5363001,deli
5363012,deli
5400130,deli
5400210,deli
5400232,deli
5400243,deli
5413915,deli
5414000,deli
5429766,deli
5434948,deli
5435215,deli
5435645,deli
5437968,deli
5438406,deli
5438440,deli
5438483,deli
5438520,deli
5438574,deli
5443202,deli
5443304,deli
5443315,deli
5443337,deli
5476937,deli
5487977,deli
5488110,deli
5545687,deli
5554156,deli
5582388,deli
5582537,deli
5583970,deli
5584361,deli
5584419,deli
5601143,deli
5634787,deli
5644102,deli
5644237,deli
5651120,deli
5652767,deli
5652789,deli
5658424,deli
5725656,deli
5738556,deli
5923944,deli
5946032,deli
6091177,deli
6097606,deli
6113000,deli
6120821,deli
6120912,deli
6139229,deli
6139320,deli
6169489,deli
6169580,deli
6210163,deli
6210174,deli
6268979,deli
6269360,deli
6270970,deli
6272353,deli
6272364,deli
6284545,deli
6284567,deli
6284589,deli
6284590,deli
6284603,deli
6284614,deli
6284680,deli
6298641,deli
6320445,deli
6320467,deli
6372019,deli
6377602,deli
6408739,deli
6435684,deli
6435899,deli
6438081,deli
6438092,deli
6475022,deli
6481444,deli
6481546,deli
6483585,deli
6483596,deli
6484963,deli
6484974,deli
6487531,deli
6509022,deli
6509350,deli
6509827,deli
6519853,deli
6520397,deli
6524570,deli
6524955,deli
6525030,deli
6525073,deli
6533005,deli
6533060,deli
6553294,deli
6572583,deli
6572608,deli
6572620,deli
6578069,deli
6580253,deli
6580526,deli
6581201,deli
6581256,deli
6582667,deli
6620799,deli
6621022,deli
6621215,deli
6623174,deli
6670935,deli
6670979,deli
6671009,deli
6677184,deli
6677242,deli
6725811,deli
6754831,deli
6826590,deli
6834125,deli
6845438,deli
6846860,deli
6934797,deli
6934800,deli
6992465,deli
6996841,deli
6998745,deli
7017431,deli
7017464,deli
7030790,deli
7035874,deli
7046123,deli
7046327,deli
7060248,deli
7060317,deli
7061819,deli
7108785,deli
7111338,deli
7127600,deli
7129898,deli
7160016,deli
7161008,deli
7161020,deli
7162769,deli
7163819,deli
7163820,deli
7164141,deli
7169892,deli
7173288,deli
7263766,deli
7312850,deli
7388070,deli
7407356,deli
7428265,deli
7507135,deli
7524269,deli
7570222,deli
7670395,deli
7670410,deli
7745450,deli
7766155,deli
7781240,deli
7781283,deli
7781320,deli
7825640,deli
7825651,deli
7825673,deli
7828944,deli
7831246,deli
7834131,deli
7999696,deli
8009199,deli
8009257,deli
8009359,deli
8009439,deli
8016729,deli
8083147,deli
8085619,deli
8094460,deli
8100698,deli
8104860,deli
8106800,deli
8118740,deli
8124619,deli
8135863,deli
8137869,deli
8140524,deli
8141618,deli
8145856,deli
8146087,deli
8153661,deli
8166936,deli
8167484,deli
8167860,deli
8177557,deli
8280895,deli
8288300,deli
8390918,deli
8390951,deli
8391069,deli
8421614,deli
8425397,deli
8425637,deli
8427610,deli
8427701,deli
8428114,deli
8430400,deli
8430411,deli
8437625,deli
8547113,deli
8551777,deli
8555494,deli
8559688,deli
8562274,deli
8569772,deli
8588530,deli
8589099,deli
8589281,deli
8590145,deli
8686980,deli
8687677,deli
8690300,deli
8705917,deli
8705961,deli
8705972,deli
8739941,deli
8796402,deli
8796581,deli
8857482,deli
8882560,deli
8882628,deli
8882661,deli
8882672,deli
8882821,deli
8882832,deli
8882843,deli
8895492,deli
8969500,deli
8974679,deli
8981379,deli
9003686,deli
9020029,deli
9020062,deli
9021076,deli
9021258,deli
9021666,deli
9028009,deli
9028428,deli
9028450,deli
9028654,deli
9028665,deli
9028701,deli
9028723,deli
9028778,deli
9032378,deli
9033406,deli
9033654,deli
9033756,deli
9038432,deli
9038443,deli
9052375,deli
9053720,deli
9054144,deli
9061139,deli
9065548,deli
9068116,deli
9152518,deli
9161348,deli
9358230,deli
9363954,deli
9398755,deli
9498228,deli
9498250,deli
9586449,deli
9672959,deli
9681767,deli
9728215,deli
9728532,deli
9728565,deli
9777083,deli
9777094,deli
9808405,deli
9860267,deli
9946690,deli
9949350,deli
9949393,deli
9949429,deli
9949484,deli
1047,dietary-world-foods
5988,dietary-world-foods
14639,dietary-world-foods
35996,dietary-world-foods
46522,dietary-world-foods
54485,dietary-world-foods
57460,dietary-world-foods
60614,dietary-world-foods
62926,dietary-world-foods
63816,dietary-world-foods
68321,dietary-world-foods
73092,dietary-world-foods
76534,dietary-world-foods
91710,dietary-world-foods
116107,dietary-world-foods
116220,dietary-world-foods
116322,dietary-world-foods
116402,dietary-world-foods
117788,dietary-world-foods
119455,dietary-world-foods
119466,dietary-world-foods
119535,dietary-world-foods
119546,dietary-world-foods
120239,dietary-world-foods
125345,dietary-world-foods
125389,dietary-world-foods
126745,dietary-world-foods
126814,dietary-world-foods
127431,dietary-world-foods
128150,dietary-world-foods
128183,dietary-world-foods
129426,dietary-world-foods
134110,dietary-world-foods
145590,dietary-world-foods
145604,dietary-world-foods
152009,dietary-world-foods
152020,dietary-world-foods
153941,dietary-world-foods
156757,dietary-world-foods
156768,dietary-world-foods
162749,dietary-world-foods
162760,dietary-world-foods
164370,dietary-world-foods
166557,dietary-world-foods
166568,dietary-world-foods
169012,dietary-world-foods
170838,dietary-world-foods
174114,dietary-world-foods
174136,dietary-world-foods
177178,dietary-world-foods
180682,dietary-world-foods
181594,dietary-world-foods
187546,dietary-world-foods
189712,dietary-world-foods
197732,dietary-world-foods
198393,dietary-world-foods
199206,dietary-world-foods
202672,dietary-world-foods
202843,dietary-world-foods
204714,dietary-world-foods
206196,dietary-world-foods
206221,dietary-world-foods
207825,dietary-world-foods
208205,dietary-world-foods
208216,dietary-world-foods
209161,dietary-world-foods
212790,dietary-world-foods
216247,dietary-world-foods
220426,dietary-world-foods
234577,dietary-world-foods
238716,dietary-world-foods
239785,dietary-world-foods
242407,dietary-world-foods
242418,dietary-world-foods
242917,dietary-world-foods
254971,dietary-world-foods
267496,dietary-world-foods
275723,dietary-world-foods
283652,dietary-world-foods
291377,dietary-world-foods
291388,dietary-world-foods
291457,dietary-world-foods
292212,dietary-world-foods
292223,dietary-world-foods
293340,dietary-world-foods
295764,dietary-world-foods
296392,dietary-world-foods
296712,dietary-world-foods
299732,dietary-world-foods
311929,dietary-world-foods
315690,dietary-world-foods
317029,dietary-world-foods
321401,dietary-world-foods
338856,dietary-world-foods
340246,dietary-world-foods
343415,dietary-world-foods
344859,dietary-world-foods
348598,dietary-world-foods
381312,dietary-world-foods
381323,dietary-world-foods
386021,dietary-world-foods
386032,dietary-world-foods
389799,dietary-world-foods
393989,dietary-world-foods
394008,dietary-world-foods
403029,dietary-world-foods
404021,dietary-world-foods
404542,dietary-world-foods
412799,dietary-world-foods
416701,dietary-world-foods
419448,dietary-world-foods
419492,dietary-world-foods
422599,dietary-world-foods
428154,dietary-world-foods
442916,dietary-world-foods
450550,dietary-world-foods
455827,dietary-world-foods
469912,dietary-world-foods
476022,dietary-world-foods
480530,dietary-world-foods
480960,dietary-world-foods
490012,dietary-world-foods
498014,dietary-world-foods
927451,dietary-world-foods
927468,dietary-world-foods
1002170,dietary-world-foods
1012016,dietary-world-foods
1018329,dietary-world-foods
1019671,dietary-world-foods
1019682,dietary-world-foods
1019707,dietary-world-foods
1019718,dietary-world-foods
1019729,dietary-world-foods
1019740,dietary-world-foods
1019762,dietary-world-foods
1019773,dietary-world-foods
1019795,dietary-world-foods
1019809,dietary-world-foods
1019810,dietary-world-foods
1019831,dietary-world-foods
1019842,dietary-world-foods
1019853,dietary-world-foods
1019875,dietary-world-foods
1020070,dietary-world-foods
1020080,dietary-world-foods
1020965,dietary-world-foods
1031189,dietary-world-foods
1031349,dietary-world-foods
1031677,dietary-world-foods
1031688,dietary-world-foods
1031699,dietary-world-foods
1031779,dietary-world-foods
1031780,dietary-world-foods
1031859,dietary-world-foods
1031860,dietary-world-foods
1032024,dietary-world-foods
1032421,dietary-world-foods
1032636,dietary-world-foods
1032669,dietary-world-foods
1032670,dietary-world-foods
1032680,dietary-world-foods
1032691,dietary-world-foods
1032716,dietary-world-foods
1032727,dietary-world-foods
1033209,dietary-world-foods
1039770,dietary-world-foods
1040678,dietary-world-foods
1040689,dietary-world-foods
1045310,dietary-world-foods
1051211,dietary-world-foods
1056281,dietary-world-foods
1059279,dietary-world-foods
1083036,dietary-world-foods
1083058,dietary-world-foods
1092310,dietary-world-foods
1093721,dietary-world-foods
1098930,dietary-world-foods
1098951,dietary-world-foods
1099229,dietary-world-foods
1129727,dietary-world-foods
1129749,dietary-world-foods
1129782,dietary-world-foods
1132970,dietary-world-foods
1132980,dietary-world-foods
1133430,dietary-world-foods
1149520,dietary-world-foods
1155068,dietary-world-foods
1156468,dietary-world-foods
1156479,dietary-world-foods
1156490,dietary-world-foods
1156526,dietary-world-foods
1156617,dietary-world-foods
1164080,dietary-world-foods
1164681,dietary-world-foods
1164692,dietary-world-foods
1164852,dietary-world-foods
1164874,dietary-world-foods
1164900,dietary-world-foods
1165083,dietary-world-foods
1166075,dietary-world-foods
1166097,dietary-world-foods
1166100,dietary-world-foods
1167760,dietary-world-foods
1169845,dietary-world-foods
1169867,dietary-world-foods
1170130,dietary-world-foods
1171869,dietary-world-foods
1171870,dietary-world-foods
1171880,dietary-world-foods
1181261,dietary-world-foods
1188464,dietary-world-foods
1198118,dietary-world-foods
1198435,dietary-world-foods
1198468,dietary-world-foods
1198479,dietary-world-foods
1198480,dietary-world-foods
1198490,dietary-world-foods
1198515,dietary-world-foods
1198537,dietary-world-foods
1198548,dietary-world-foods
1199245,dietary-world-foods
1200107,dietary-world-foods
1200118,dietary-world-foods
1210698,dietary-world-foods
1224422,dietary-world-foods
1224524,dietary-world-foods
1224535,dietary-world-foods
1224546,dietary-world-foods
1229379,dietary-world-foods
1233220,dietary-world-foods
1251527,dietary-world-foods
1252166,dietary-world-foods
1260754,dietary-world-foods
1262363,dietary-world-foods
1277484,dietary-world-foods
1277575,dietary-world-foods
1279209,dietary-world-foods
1279821,dietary-world-foods
1282848,dietary-world-foods
1299851,dietary-world-foods
1301953,dietary-world-foods
1301964,dietary-world-foods
1301975,dietary-world-foods
1301986,dietary-world-foods
1301997,dietary-world-foods
1302005,dietary-world-foods
1302016,dietary-world-foods
1302027,dietary-world-foods
1302038,dietary-world-foods
1302049,dietary-world-foods
1304940,dietary-world-foods
1305976,dietary-world-foods
1306436,dietary-world-foods
1306458,dietary-world-foods
1306469,dietary-world-foods
1306470,dietary-world-foods
1306491,dietary-world-foods
1306505,dietary-world-foods
1306516,dietary-world-foods
1306527,dietary-world-foods
1306753,dietary-world-foods
1306764,dietary-world-foods
1306775,dietary-world-foods
1306786,dietary-world-foods
1306797,dietary-world-foods
1306800,dietary-world-foods
1306811,dietary-world-foods
1306822,dietary-world-foods
1306844,dietary-world-foods
1306855,dietary-world-foods
1306877,dietary-world-foods
1306902,dietary-world-foods
1306913,dietary-world-foods
1306924,dietary-world-foods
1306935,dietary-world-foods
1306946,dietary-world-foods
1306957,dietary-world-foods
1307950,dietary-world-foods
1307960,dietary-world-foods
1307971,dietary-world-foods
1307982,dietary-world-foods
1307993,dietary-world-foods
1309060,dietary-world-foods
1309810,dietary-world-foods
1309820,dietary-world-foods
1311345,dietary-world-foods
1311414,dietary-world-foods
1315878,dietary-world-foods
1316112,dietary-world-foods
1323322,dietary-world-foods
1325871,dietary-world-foods
1329170,dietary-world-foods
1329180,dietary-world-foods
1330168,dietary-world-foods
1330180,dietary-world-foods
1330204,dietary-world-foods
1331477,dietary-world-foods
1331502,dietary-world-foods
1331513,dietary-world-foods
1332163,dietary-world-foods
1334410,dietary-world-foods
1336197,dietary-world-foods
1337189,dietary-world-foods
1349461,dietary-world-foods
1369946,dietary-world-foods
1382525,dietary-world-foods
1382536,dietary-world-foods
1384145,dietary-world-foods
1384178,dietary-world-foods
1384190,dietary-world-foods
1384316,dietary-world-foods
1384338,dietary-world-foods
1386118,dietary-world-foods
1387132,dietary-world-foods
1387154,dietary-world-foods
1387165,dietary-world-foods
1401925,dietary-world-foods
1402655,dietary-world-foods
1403250,dietary-world-foods
1404377,dietary-world-foods
1412874,dietary-world-foods
1412954,dietary-world-foods
1416194,dietary-world-foods
1418291,dietary-world-foods
1418305,dietary-world-foods
1436271,dietary-world-foods
1436282,dietary-world-foods
1436737,dietary-world-foods
1437219,dietary-world-foods
1437682,dietary-world-foods
1443594,dietary-world-foods
1446242,dietary-world-foods
1446286,dietary-world-foods
1463194,dietary-world-foods
1464346,dietary-world-foods
1464357,dietary-world-foods
1466217,dietary-world-foods
1466272,dietary-world-foods
1467195,dietary-world-foods
1468020,dietary-world-foods
1471727,dietary-world-foods
1473052,dietary-world-foods
1473085,dietary-world-foods
1473096,dietary-world-foods
1473290,dietary-world-foods
1473369,dietary-world-foods
1473584,dietary-world-foods
1473686,dietary-world-foods
1473857,dietary-world-foods
1474180,dietary-world-foods
1474190,dietary-world-foods
1474204,dietary-world-foods
1474215,dietary-world-foods
1474340,dietary-world-foods
1474350,dietary-world-foods
1474372,dietary-world-foods
1474394,dietary-world-foods
1474419,dietary-world-foods
1474441,dietary-world-foods
1474463,dietary-world-foods
1474485,dietary-world-foods
1474496,dietary-world-foods
1474500,dietary-world-foods
1478544,dietary-world-foods
1484401,dietary-world-foods
1489085,dietary-world-foods
1491338,dietary-world-foods
1491360,dietary-world-foods
1495259,dietary-world-foods
1498155,dietary-world-foods
1499577,dietary-world-foods
1499602,dietary-world-foods
1500304,dietary-world-foods
1511923,dietary-world-foods
1511934,dietary-world-foods
1511945,dietary-world-foods
1511967,dietary-world-foods
1512008,dietary-world-foods
1512019,dietary-world-foods
1512052,dietary-world-foods
1512074,dietary-world-foods
1512085,dietary-world-foods
1513995,dietary-world-foods
1516585,dietary-world-foods
1534306,dietary-world-foods
1548719,dietary-world-foods
1549370,dietary-world-foods
1549427,dietary-world-foods
1555962,dietary-world-foods
1555984,dietary-world-foods
1557491,dietary-world-foods
1582499,dietary-world-foods
1591274,dietary-world-foods
1597124,dietary-world-foods
1597180,dietary-world-foods
1598160,dietary-world-foods
1609325,dietary-world-foods
1616626,dietary-world-foods
1616637,dietary-world-foods
1616820,dietary-world-foods
1623472,dietary-world-foods
1638152,dietary-world-foods
1642218,dietary-world-foods
1644494,dietary-world-foods
1647164,dietary-world-foods
1655242,dietary-world-foods
1655570,dietary-world-foods
1673674,dietary-world-foods
1673685,dietary-world-foods
1678565,dietary-world-foods
1688977,dietary-world-foods
1689142,dietary-world-foods
1691086,dietary-world-foods
1708076,dietary-world-foods
1711784,dietary-world-foods
1716562,dietary-world-foods
1727638,dietary-world-foods
1728200,dietary-world-foods
1734666,dietary-world-foods
1736763,dietary-world-foods
1751235,dietary-world-foods
1755600,dietary-world-foods
1755611,dietary-world-foods
1755713,dietary-world-foods
1757560,dietary-world-foods
1760101,dietary-world-foods
1768668,dietary-world-foods
1768679,dietary-world-foods
1789486,dietary-world-foods
1804502,dietary-world-foods
1804513,dietary-world-foods
1824882,dietary-world-foods
1850656,dietary-world-foods
1850667,dietary-world-foods
1852210,dietary-world-foods
1852367,dietary-world-foods
1855456,dietary-world-foods
1855762,dietary-world-foods
1855809,dietary-world-foods
1856110,dietary-world-foods
1857101,dietary-world-foods
1868130,dietary-world-foods
1868287,dietary-world-foods
1868323,dietary-world-foods
1870540,dietary-world-foods
1872637,dietary-world-foods
1872739,dietary-world-foods
1872740,dietary-world-foods
1877299,dietary-world-foods
1898903,dietary-world-foods
1902465,dietary-world-foods
1933629,dietary-world-foods
1937641,dietary-world-foods
1943065,dietary-world-foods
1944192,dietary-world-foods
1952554,dietary-world-foods
1954050,dietary-world-foods
1958018,dietary-world-foods
1967369,dietary-world-foods
1973099,dietary-world-foods
1973102,dietary-world-foods
1973113,dietary-world-foods
1987118,dietary-world-foods
1987162,dietary-world-foods
1994565,dietary-world-foods
1994907,dietary-world-foods
1995058,dietary-world-foods
1995070,dietary-world-foods
1995229,dietary-world-foods
1996094,dietary-world-foods
1997166,dietary-world-foods
1997177,dietary-world-foods
1997199,dietary-world-foods
1999092,dietary-world-foods
2000544,dietary-world-foods
2000555,dietary-world-foods
2001365,dietary-world-foods
2001398,dietary-world-foods
2001401,dietary-world-foods
2001423,dietary-world-foods
2001434,dietary-world-foods
2001445,dietary-world-foods
2001682,dietary-world-foods
2002095,dietary-world-foods
2002540,dietary-world-foods
2005388,dietary-world-foods
2006234,dietary-world-foods
2007099,dietary-world-foods
2008921,dietary-world-foods
2010559,dietary-world-foods
2011471,dietary-world-foods
2017230,dietary-world-foods
2017412,dietary-world-foods
2017434,dietary-world-foods
2017467,dietary-world-foods
2017616,dietary-world-foods
2017795,dietary-world-foods
2020585,dietary-world-foods
2021500,dietary-world-foods
2034230,dietary-world-foods
2035287,dietary-world-foods
2040414,dietary-world-foods
2048358,dietary-world-foods
2051090,dietary-world-foods
2057461,dietary-world-foods
2060615,dietary-world-foods
2067341,dietary-world-foods
2080124,dietary-world-foods
2080135,dietary-world-foods
2080714,dietary-world-foods
2107480,dietary-world-foods
2108471,dietary-world-foods
2108960,dietary-world-foods
2108981,dietary-world-foods
2108992,dietary-world-foods
2113438,dietary-world-foods
2113653,dietary-world-foods
2121990,dietary-world-foods
2122010,dietary-world-foods
2123089,dietary-world-foods
2125460,dietary-world-foods
2127352,dietary-world-foods
2129482,dietary-world-foods
2130313,dietary-world-foods
2131553,dietary-world-foods
2132137,dietary-world-foods
2132192,dietary-world-foods
2134256,dietary-world-foods
2134289,dietary-world-foods
2134303,dietary-world-foods
2134325,dietary-world-foods
2134336,dietary-world-foods
2134347,dietary-world-foods
2134358,dietary-world-foods
2134369,dietary-world-foods
2136229,dietary-world-foods
2136660,dietary-world-foods
2136772,dietary-world-foods
2140918,dietary-world-foods
2140929,dietary-world-foods
2143224,dietary-world-foods
2143235,dietary-world-foods
2143360,dietary-world-foods
2143406,dietary-world-foods
2143417,dietary-world-foods
2151324,dietary-world-foods
2151970,dietary-world-foods
2153090,dietary-world-foods
2153308,dietary-world-foods
2153352,dietary-world-foods
2154730,dietary-world-foods
2154741,dietary-world-foods
2154752,dietary-world-foods
2154763,dietary-world-foods
2154810,dietary-world-foods
2154990,dietary-world-foods
2155008,dietary-world-foods
2157105,dietary-world-foods
2157229,dietary-world-foods
2157262,dietary-world-foods
2158276,dietary-world-foods
2158298,dietary-world-foods
2158593,dietary-world-foods
2158607,dietary-world-foods
2158618,dietary-world-foods
2158630,dietary-world-foods
2158651,dietary-world-foods
2158695,dietary-world-foods
2158731,dietary-world-foods
2158797,dietary-world-foods
2158800,dietary-world-foods
2158811,dietary-world-foods
2158822,dietary-world-foods
2194225,dietary-world-foods
2194258,dietary-world-foods
2194269,dietary-world-foods
2194270,dietary-world-foods
2194349,dietary-world-foods
2212575,dietary-world-foods
2219392,dietary-world-foods
2226310,dietary-world-foods
2232528,dietary-world-foods
2233779,dietary-world-foods
2233826,dietary-world-foods
2235661,dietary-world-foods
2235796,dietary-world-foods
2236030,dietary-world-foods
2236041,dietary-world-foods
2236370,dietary-world-foods
2248302,dietary-world-foods
2255487,dietary-world-foods
2261060,dietary-world-foods
2262336,dietary-world-foods
2270436,dietary-world-foods
2271450,dietary-world-foods
2271520,dietary-world-foods
2272726,dietary-world-foods
2276501,dietary-world-foods
2289321,dietary-world-foods
2298297,dietary-world-foods
2303386,dietary-world-foods
2303411,dietary-world-foods
2344601,dietary-world-foods
2352246,dietary-world-foods
2352257,dietary-world-foods
2352370,dietary-world-foods
2360288,dietary-world-foods
2360380,dietary-world-foods
2360890,dietary-world-foods
2360991,dietary-world-foods
2361189,dietary-world-foods
2361190,dietary-world-foods
2361203,dietary-world-foods
2363300,dietary-world-foods
2367367,dietary-world-foods
2368610,dietary-world-foods
2372301,dietary-world-foods
2373530,dietary-world-foods
2379210,dietary-world-foods
2385879,dietary-world-foods
2385880,dietary-world-foods
2389600,dietary-world-foods
2390697,dietary-world-foods
2390700,dietary-world-foods
2390744,dietary-world-foods
2392513,dietary-world-foods
2404689,dietary-world-foods
2404736,dietary-world-foods
2404747,dietary-world-foods
2409220,dietary-world-foods
2409274,dietary-world-foods
2409285,dietary-world-foods
2409296,dietary-world-foods
2409300,dietary-world-foods
2409310,dietary-world-foods
2412360,dietary-world-foods
2413067,dietary-world-foods
2426138,dietary-world-foods
2426251,dietary-world-foods
2426262,dietary-world-foods
2449676,dietary-world-foods
2449847,dietary-world-foods
2452976,dietary-world-foods
2454778,dietary-world-foods
2458600,dietary-world-foods
2461650,dietary-world-foods
2466267,dietary-world-foods
2471234,dietary-world-foods
2474913,dietary-world-foods
2477650,dietary-world-foods
2477671,dietary-world-foods
2478197,dietary-world-foods
2478200,dietary-world-foods
2480508,dietary-world-foods
2481373,dietary-world-foods
2481930,dietary-world-foods
2481952,dietary-world-foods
2481963,dietary-world-foods
2483380,dietary-world-foods
2483390,dietary-world-foods
2483426,dietary-world-foods
2483470,dietary-world-foods
2485002,dietary-world-foods
2485068,dietary-world-foods
2486785,dietary-world-foods
2494218,dietary-world-foods
2494229,dietary-world-foods
2496461,dietary-world-foods
2496790,dietary-world-foods
2497668,dietary-world-foods
2502305,dietary-world-foods
2504821,dietary-world-foods
2505096,dietary-world-foods
2505256,dietary-world-foods
2507320,dietary-world-foods
2507331,dietary-world-foods
2507910,dietary-world-foods
2507921,dietary-world-foods
2507932,dietary-world-foods
2510201,dietary-world-foods
2515216,dietary-world-foods
2516730,dietary-world-foods
2517517,dietary-world-foods
2523586,dietary-world-foods
2529470,dietary-world-foods
2531530,dietary-world-foods
2531992,dietary-world-foods
2563489,dietary-world-foods
2563740,dietary-world-foods
2564357,dietary-world-foods
2579434,dietary-world-foods
2580342,dietary-world-foods
2586768,dietary-world-foods
2587964,dietary-world-foods
2589981,dietary-world-foods
2589992,dietary-world-foods
2598520,dietary-world-foods
2598971,dietary-world-foods
2599023,dietary-world-foods
2599602,dietary-world-foods
2599613,dietary-world-foods
2601318,dietary-world-foods
2601329,dietary-world-foods
2603007,dietary-world-foods
2603030,dietary-world-foods
2607380,dietary-world-foods
2617817,dietary-world-foods
2617828,dietary-world-foods
2617894,dietary-world-foods
2621789,dietary-world-foods
2623795,dietary-world-foods
2624390,dietary-world-foods
2624437,dietary-world-foods
2635444,dietary-world-foods
2649471,dietary-world-foods
2649482,dietary-world-foods
2649493,dietary-world-foods
2655102,dietary-world-foods
2655135,dietary-world-foods
2655146,dietary-world-foods
2656364,dietary-world-foods
2662196,dietary-world-foods
2664216,dietary-world-foods
2679042,dietary-world-foods
2680530,dietary-world-foods
2680755,dietary-world-foods
2680766,dietary-world-foods
2680802,dietary-world-foods
2682127,dietary-world-foods
2684326,dietary-world-foods
2684337,dietary-world-foods
2684381,dietary-world-foods
2688280,dietary-world-foods
2692856,dietary-world-foods
2692878,dietary-world-foods
2714289,dietary-world-foods
2714303,dietary-world-foods
2714948,dietary-world-foods
2715088,dietary-world-foods
2715099,dietary-world-foods
2715816,dietary-world-foods
2715962,dietary-world-foods
2716080,dietary-world-foods
2724170,dietary-world-foods
2724760,dietary-world-foods
2724828,dietary-world-foods
2725922,dietary-world-foods
2726379,dietary-world-foods
2728964,dietary-world-foods
2734832,dietary-world-foods
2739199,dietary-world-foods
2744734,dietary-world-foods
2745293,dietary-world-foods
2745985,dietary-world-foods
2746820,dietary-world-foods
2746966,dietary-world-foods
2748032,dietary-world-foods
2748542,dietary-world-foods
2748961,dietary-world-foods
2749975,dietary-world-foods
2750034,dietary-world-foods
2750056,dietary-world-foods
2750089,dietary-world-foods
2752255,dietary-world-foods
2752674,dietary-world-foods
2752685,dietary-world-foods
2752700,dietary-world-foods
2762022,dietary-world-foods
2783510,dietary-world-foods
2783532,dietary-world-foods
2789620,dietary-world-foods
2791280,dietary-world-foods
2791574,dietary-world-foods
2791621,dietary-world-foods
2792395,dietary-world-foods
2792420,dietary-world-foods
2792431,dietary-world-foods
2793831,dietary-world-foods
2793842,dietary-world-foods
2795542,dietary-world-foods
2795575,dietary-world-foods
2795586,dietary-world-foods
2797162,dietary-world-foods
2797606,dietary-world-foods
2797683,dietary-world-foods
2798143,dietary-world-foods
2800347,dietary-world-foods
2800711,dietary-world-foods
2800799,dietary-world-foods
2800846,dietary-world-foods
2803425,dietary-world-foods
2803458,dietary-world-foods
2806730,dietary-world-foods
2806762,dietary-world-foods
2806773,dietary-world-foods
2806784,dietary-world-foods
2806795,dietary-world-foods
2806809,dietary-world-foods
2806864,dietary-world-foods
2807029,dietary-world-foods
2807142,dietary-world-foods
2807164,dietary-world-foods
2807233,dietary-world-foods
2815151,dietary-world-foods
2818364,dietary-world-foods
2819265,dietary-world-foods
2819436,dietary-world-foods
2819855,dietary-world-foods
2822260,dietary-world-foods
2823342,dietary-world-foods
2824582,dietary-world-foods
2833798,dietary-world-foods
2834225,dietary-world-foods
2834247,dietary-world-foods
2848398,dietary-world-foods
2858165,dietary-world-foods
2862016,dietary-world-foods
2872199,dietary-world-foods
2872202,dietary-world-foods
2872213,dietary-world-foods
2875095,dietary-world-foods
2875109,dietary-world-foods
2875110,dietary-world-foods
2875120,dietary-world-foods
2877090,dietary-world-foods
2877104,dietary-world-foods
2877217,dietary-world-foods
2877363,dietary-world-foods
2877523,dietary-world-foods
2882578,dietary-world-foods
2885521,dietary-world-foods
2885532,dietary-world-foods
2887855,dietary-world-foods
2896131,dietary-world-foods
2896142,dietary-world-foods
2896732,dietary-world-foods
2898567,dietary-world-foods
2898807,dietary-world-foods
2898818,dietary-world-foods
2899650,dietary-world-foods
2900385,dietary-world-foods
2900396,dietary-world-foods
2901446,dietary-world-foods
2901978,dietary-world-foods
2901989,dietary-world-foods
2903168,dietary-world-foods
2903292,dietary-world-foods
2903317,dietary-world-foods
2903339,dietary-world-foods
2903816,dietary-world-foods
2903827,dietary-world-foods
2903838,dietary-world-foods
2903907,dietary-world-foods
2915724,dietary-world-foods
2917050,dietary-world-foods
2917060,dietary-world-foods
2917720,dietary-world-foods
2917752,dietary-world-foods
2917763,dietary-world-foods
2917785,dietary-world-foods
2917796,dietary-world-foods
2917821,dietary-world-foods
2918165,dietary-world-foods
2918325,dietary-world-foods
2921830,dietary-world-foods
2927064,dietary-world-foods
2931946,dietary-world-foods
2935936,dietary-world-foods
2938118,dietary-world-foods
2941203,dietary-world-foods
2941214,dietary-world-foods
2944154,dietary-world-foods
2944165,dietary-world-foods
2944176,dietary-world-foods
2946310,dietary-world-foods
2946659,dietary-world-foods
2962203,dietary-world-foods
2962214,dietary-world-foods
2962225,dietary-world-foods
2962236,dietary-world-foods
2978961,dietary-world-foods
2978972,dietary-world-foods
2983837,dietary-world-foods
2985377,dietary-world-foods
2990140,dietary-world-foods
2995982,dietary-world-foods
2995993,dietary-world-foods
3003661,dietary-world-foods
3014001,dietary-world-foods
3014293,dietary-world-foods
3014453,dietary-world-foods
3015296,dietary-world-foods
3018024,dietary-world-foods
3018057,dietary-world-foods
3018137,dietary-world-foods
3018374,dietary-world-foods
3018556,dietary-world-foods
3019140,dietary-world-foods
3019210,dietary-world-foods
3022247,dietary-world-foods
3022892,dietary-world-foods
3022961,dietary-world-foods
3023352,dietary-world-foods
3023374,dietary-world-foods
3025846,dietary-world-foods
3025970,dietary-world-foods
3025981,dietary-world-foods
3026000,dietary-world-foods
3026011,dietary-world-foods
3026099,dietary-world-foods
3026168,dietary-world-foods
3026179,dietary-world-foods
3034472,dietary-world-foods
3034494,dietary-world-foods
3034508,dietary-world-foods
3034665,dietary-world-foods
3041252,dietary-world-foods
3048820,dietary-world-foods
3050945,dietary-world-foods
3051074,dietary-world-foods
3051154,dietary-world-foods
3053058,dietary-world-foods
3053080,dietary-world-foods
3053091,dietary-world-foods
3054720,dietary-world-foods
3054731,dietary-world-foods
3055133,dietary-world-foods
3056920,dietary-world-foods
3058313,dietary-world-foods
3068893,dietary-world-foods
3068929,dietary-world-foods
3071821,dietary-world-foods
3077282,dietary-world-foods
3083139,dietary-world-foods
3083332,dietary-world-foods
3083343,dietary-world-foods
3083365,dietary-world-foods
3083376,dietary-world-foods
3083387,dietary-world-foods
3083434,dietary-world-foods
3083456,dietary-world-foods
3084787,dietary-world-foods
3087060,dietary-world-foods
3087071,dietary-world-foods
3091046,dietary-world-foods
3091148,dietary-world-foods
3091556,dietary-world-foods
3098249,dietary-world-foods
3112882,dietary-world-foods
3113218,dietary-world-foods
3117977,dietary-world-foods
3117988,dietary-world-foods
3118110,dietary-world-foods
3119043,dietary-world-foods
3119076,dietary-world-foods
3119087,dietary-world-foods
3119190,dietary-world-foods
3125148,dietary-world-foods
3125840,dietary-world-foods
3128317,dietary-world-foods
3129783,dietary-world-foods
3130206,dietary-world-foods
3131071,dietary-world-foods
3131093,dietary-world-foods
3131107,dietary-world-foods
3131242,dietary-world-foods
3131253,dietary-world-foods
3132198,dietary-world-foods
3132256,dietary-world-foods
3134240,dietary-world-foods
3134706,dietary-world-foods
3136494,dietary-world-foods
3136585,dietary-world-foods
3139426,dietary-world-foods
3139823,dietary-world-foods
3144787,dietary-world-foods
3145123,dietary-world-foods
3145972,dietary-world-foods
3147640,dietary-world-foods
3148686,dietary-world-foods
3148722,dietary-world-foods
3150780,dietary-world-foods
3163409,dietary-world-foods
3163410,dietary-world-foods
3163431,dietary-world-foods
3164398,dietary-world-foods
3165991,dietary-world-foods
3166043,dietary-world-foods
3166054,dietary-world-foods
3166087,dietary-world-foods
3167363,dietary-world-foods
3169697,dietary-world-foods
3169960,dietary-world-foods
3179680,dietary-world-foods
3183097,dietary-world-foods
3185296,dietary-world-foods
3185300,dietary-world-foods
3187484,dietary-world-foods
3187597,dietary-world-foods
3187633,dietary-world-foods
3187724,dietary-world-foods
3187746,dietary-world-foods
3189504,dietary-world-foods
3189515,dietary-world-foods
3189526,dietary-world-foods
3198640,dietary-world-foods
3198684,dietary-world-foods
3198695,dietary-world-foods
3207581,dietary-world-foods
3208074,dietary-world-foods
3208085,dietary-world-foods
3208256,dietary-world-foods
3208290,dietary-world-foods
3210000,dietary-world-foods
3214430,dietary-world-foods
3216913,dietary-world-foods
3217950,dietary-world-foods
3218169,dietary-world-foods
3218180,dietary-world-foods
3218828,dietary-world-foods
3218850,dietary-world-foods
3222483,dietary-world-foods
3222508,dietary-world-foods
3222563,dietary-world-foods
3222585,dietary-world-foods
3222621,dietary-world-foods
3224274,dietary-world-foods
3227159,dietary-world-foods
3228468,dietary-world-foods
3233617,dietary-world-foods
3233639,dietary-world-foods
3233640,dietary-world-foods
3233661,dietary-world-foods
3233708,dietary-world-foods
3236262,dietary-world-foods
3237196,dietary-world-foods
3237899,dietary-world-foods
3237913,dietary-world-foods
3237957,dietary-world-foods
3237968,dietary-world-foods
3240805,dietary-world-foods
3242968,dietary-world-foods
3243439,dietary-world-foods
3243585,dietary-world-foods
3245037,dietary-world-foods
3245048,dietary-world-foods
3245591,dietary-world-foods
3246404,dietary-world-foods
3246415,dietary-world-foods
3246437,dietary-world-foods
3246925,dietary-world-foods
3247451,dietary-world-foods
3247510,dietary-world-foods
3247520,dietary-world-foods
3247542,dietary-world-foods
3248884,dietary-world-foods
3250048,dietary-world-foods
3251415,dietary-world-foods
3253170,dietary-world-foods
3253319,dietary-world-foods
3258640,dietary-world-foods
3259687,dietary-world-foods
3259701,dietary-world-foods
3259712,dietary-world-foods
3260686,dietary-world-foods
3263221,dietary-world-foods
3263458,dietary-world-foods
3263560,dietary-world-foods
3263618,dietary-world-foods
3263695,dietary-world-foods
3263877,dietary-world-foods
3264304,dietary-world-foods
3267970,dietary-world-foods
3268440,dietary-world-foods
3269691,dietary-world-foods
3270067,dietary-world-foods
3270511,dietary-world-foods
3270657,dietary-world-foods
3270679,dietary-world-foods
3270704,dietary-world-foods
3270715,dietary-world-foods
3271194,dietary-world-foods
3271208,dietary-world-foods
3272164,dietary-world-foods
3272415,dietary-world-foods
3272426,dietary-world-foods
3273564,dietary-world-foods
3273994,dietary-world-foods
3274024,dietary-world-foods
3274068,dietary-world-foods
3274148,dietary-world-foods
3274308,dietary-world-foods
3274760,dietary-world-foods
3274782,dietary-world-foods
3275424,dietary-world-foods
3275901,dietary-world-foods
3276096,dietary-world-foods
3277088,dietary-world-foods
3277452,dietary-world-foods
3281041,dietary-world-foods
3281063,dietary-world-foods
3287671,dietary-world-foods
3288787,dietary-world-foods
3288812,dietary-world-foods
3288834,dietary-world-foods
3288845,dietary-world-foods
3289553,dietary-world-foods
3290494,dietary-world-foods
3290825,dietary-world-foods
3292354,dietary-world-foods
3292718,dietary-world-foods
3292795,dietary-world-foods
3292809,dietary-world-foods
3293062,dietary-world-foods
3293110,dietary-world-foods
3295636,dietary-world-foods
3296071,dietary-world-foods
3299150,dietary-world-foods
3301681,dietary-world-foods
3301692,dietary-world-foods
3301706,dietary-world-foods
3301820,dietary-world-foods
3303519,dietary-world-foods
3305128,dietary-world-foods
3305570,dietary-world-foods
3305591,dietary-world-foods
3305660,dietary-world-foods
3305671,dietary-world-foods
3305810,dietary-world-foods
3306765,dietary-world-foods
3307779,dietary-world-foods
3307780,dietary-world-foods
3307870,dietary-world-foods
3308749,dietary-world-foods
3308750,dietary-world-foods
3311492,dietary-world-foods
3311506,dietary-world-foods
3311517,dietary-world-foods
3312189,dietary-world-foods
3313410,dietary-world-foods
3313421,dietary-world-foods
3313432,dietary-world-foods
3313760,dietary-world-foods
3318425,dietary-world-foods
3320165,dietary-world-foods
3320391,dietary-world-foods
3322251,dietary-world-foods
3324177,dietary-world-foods
3327685,dietary-world-foods
3327696,dietary-world-foods
3327700,dietary-world-foods
3328473,dietary-world-foods
3328768,dietary-world-foods
3335264,dietary-world-foods
3335286,dietary-world-foods
3335300,dietary-world-foods
3335480,dietary-world-foods
3336187,dietary-world-foods
3337270,dietary-world-foods
3337339,dietary-world-foods
3339163,dietary-world-foods
3339174,dietary-world-foods
3339185,dietary-world-foods
3339196,dietary-world-foods
3339200,dietary-world-foods
3339210,dietary-world-foods
3339221,dietary-world-foods
3339232,dietary-world-foods
3339254,dietary-world-foods
3339265,dietary-world-foods
3339276,dietary-world-foods
3339287,dietary-world-foods
3339301,dietary-world-foods
3339367,dietary-world-foods
3339378,dietary-world-foods
3339389,dietary-world-foods
3339390,dietary-world-foods
3340253,dietary-world-foods
3344390,dietary-world-foods
3346078,dietary-world-foods
3346089,dietary-world-foods
3354509,dietary-world-foods
3362960,dietary-world-foods
3362970,dietary-world-foods
3378289,dietary-world-foods
3378290,dietary-world-foods
3378303,dietary-world-foods
3378314,dietary-world-foods
3378325,dietary-world-foods
3380305,dietary-world-foods
3380316,dietary-world-foods
3380338,dietary-world-foods
3384430,dietary-world-foods
3387869,dietary-world-foods
3388522,dietary-world-foods
3397910,dietary-world-foods
3398650,dietary-world-foods
3398672,dietary-world-foods
3398796,dietary-world-foods
3401325,dietary-world-foods
3403331,dietary-world-foods
3403852,dietary-world-foods
3405144,dietary-world-foods
3405257,dietary-world-foods
3405734,dietary-world-foods
3405803,dietary-world-foods
3405825,dietary-world-foods
3405847,dietary-world-foods
3406114,dietary-world-foods
3407300,dietary-world-foods
3410268,dietary-world-foods
3410326,dietary-world-foods
3412478,dietary-world-foods
3431235,dietary-world-foods
3434856,dietary-world-foods
3446630,dietary-world-foods
3446673,dietary-world-foods
3446710,dietary-world-foods
3447643,dietary-world-foods
3448293,dietary-world-foods
3454682,dietary-world-foods
3454707,dietary-world-foods
3454718,dietary-world-foods
3454729,dietary-world-foods
3455313,dietary-world-foods
3455324,dietary-world-foods
3464573,dietary-world-foods
3465601,dietary-world-foods
3466761,dietary-world-foods
3466772,dietary-world-foods
3467902,dietary-world-foods
3467990,dietary-world-foods
3468042,dietary-world-foods
3468064,dietary-world-foods
3468144,dietary-world-foods
3468508,dietary-world-foods
3468519,dietary-world-foods
3468530,dietary-world-foods
3469475,dietary-world-foods
3470500,dietary-world-foods
3471386,dietary-world-foods
3472913,dietary-world-foods
3472957,dietary-world-foods
3474271,dietary-world-foods
3474282,dietary-world-foods
3475693,dietary-world-foods
3476517,dietary-world-foods
3476925,dietary-world-foods
3478400,dietary-world-foods
3478807,dietary-world-foods
3478997,dietary-world-foods
3479027,dietary-world-foods
3479173,dietary-world-foods
3479424,dietary-world-foods
3489508,dietary-world-foods
3492954,dietary-world-foods
3496423,dietary-world-foods
3498859,dietary-world-foods
3498917,dietary-world-foods
3499352,dietary-world-foods
3499670,dietary-world-foods
3499771,dietary-world-foods
3499782,dietary-world-foods
3500269,dietary-world-foods
3500270,dietary-world-foods
3500291,dietary-world-foods
3500327,dietary-world-foods
3500699,dietary-world-foods
3501250,dietary-world-foods
3501691,dietary-world-foods
3505444,dietary-world-foods
3505706,dietary-world-foods
3505717,dietary-world-foods
3505739,dietary-world-foods
3510150,dietary-world-foods
3512825,dietary-world-foods
3515550,dietary-world-foods
3515561,dietary-world-foods
3516054,dietary-world-foods
3516338,dietary-world-foods
3516350,dietary-world-foods
3517705,dietary-world-foods
3519416,dietary-world-foods
3519755,dietary-world-foods
3519802,dietary-world-foods
3520845,dietary-world-foods
3524347,dietary-world-foods
3524540,dietary-world-foods
3531546,dietary-world-foods
3532367,dietary-world-foods
3532389,dietary-world-foods
3534067,dietary-world-foods
3534078,dietary-world-foods
3534271,dietary-world-foods
3534282,dietary-world-foods
3534293,dietary-world-foods
3534307,dietary-world-foods
3534318,dietary-world-foods
3535230,dietary-world-foods
3539071,dietary-world-foods
3540412,dietary-world-foods
3540650,dietary-world-foods
3543217,dietary-world-foods
3544388,dietary-world-foods
3544490,dietary-world-foods
3550380,dietary-world-foods
3554111,dietary-world-foods
3561321,dietary-world-foods
3562164,dietary-world-foods
3562313,dietary-world-foods
3562914,dietary-world-foods
3563032,dietary-world-foods
3566030,dietary-world-foods
3572292,dietary-world-foods
3573499,dietary-world-foods
3573987,dietary-world-foods
3575508,dietary-world-foods
3575621,dietary-world-foods
3575643,dietary-world-foods
3575654,dietary-world-foods
3575891,dietary-world-foods
3576828,dietary-world-foods
3577219,dietary-world-foods
3577220,dietary-world-foods
3578845,dietary-world-foods
3581293,dietary-world-foods
3582387,dietary-world-foods
3582398,dietary-world-foods
3588146,dietary-world-foods
3588157,dietary-world-foods
3591130,dietary-world-foods
3591162,dietary-world-foods
3591457,dietary-world-foods
3591592,dietary-world-foods
3593113,dietary-world-foods
3593124,dietary-world-foods
3593190,dietary-world-foods
3593420,dietary-world-foods
3593430,dietary-world-foods
3593849,dietary-world-foods
3593893,dietary-world-foods
3594375,dietary-world-foods
3597861,dietary-world-foods
3597883,dietary-world-foods
3597920,dietary-world-foods
3605493,dietary-world-foods
3606157,dietary-world-foods
3609315,dietary-world-foods
3609869,dietary-world-foods
3610369,dietary-world-foods
3610391,dietary-world-foods
3612987,dietary-world-foods
3613050,dietary-world-foods
3613061,dietary-world-foods
3613072,dietary-world-foods
3613083,dietary-world-foods
3617142,dietary-world-foods
3620227,dietary-world-foods
3620249,dietary-world-foods
3620486,dietary-world-foods
3621004,dietary-world-foods
3621015,dietary-world-foods
3623134,dietary-world-foods
3624035,dietary-world-foods
3624603,dietary-world-foods
3625515,dietary-world-foods
3625559,dietary-world-foods
3626755,dietary-world-foods
3626766,dietary-world-foods
3627328,dietary-world-foods
3628364,dietary-world-foods
3628580,dietary-world-foods
3630672,dietary-world-foods
3630901,dietary-world-foods
3631223,dietary-world-foods
3631256,dietary-world-foods
3631711,dietary-world-foods
3631904,dietary-world-foods
3631970,dietary-world-foods
3631992,dietary-world-foods
3632419,dietary-world-foods
3632452,dietary-world-foods
3632758,dietary-world-foods
3633626,dietary-world-foods
3633681,dietary-world-foods
3635199,dietary-world-foods
3639098,dietary-world-foods
3639597,dietary-world-foods
3640202,dietary-world-foods
3641090,dietary-world-foods
3641125,dietary-world-foods
3642875,dietary-world-foods
3643255,dietary-world-foods
3643528,dietary-world-foods
3643539,dietary-world-foods
3646151,dietary-world-foods
3646606,dietary-world-foods
3652008,dietary-world-foods
3653124,dietary-world-foods
3653850,dietary-world-foods
3655108,dietary-world-foods
3655119,dietary-world-foods
3656519,dietary-world-foods
3657770,dietary-world-foods
3657792,dietary-world-foods
3657817,dietary-world-foods
3658489,dietary-world-foods
3661177,dietary-world-foods
3661304,dietary-world-foods
3661870,dietary-world-foods
3664812,dietary-world-foods
3664834,dietary-world-foods
3664845,dietary-world-foods
3665655,dietary-world-foods
3670054,dietary-world-foods
3671895,dietary-world-foods
3671920,dietary-world-foods
3672708,dietary-world-foods
3673493,dietary-world-foods
3673664,dietary-world-foods
3678293,dietary-world-foods
3678318,dietary-world-foods
3678657,dietary-world-foods
3678668,dietary-world-foods
3688366,dietary-world-foods
3688388,dietary-world-foods
3688446,dietary-world-foods
3693220,dietary-world-foods
3696513,dietary-world-foods
3696706,dietary-world-foods
3697200,dietary-world-foods
3697334,dietary-world-foods
3697356,dietary-world-foods
3697447,dietary-world-foods
3697505,dietary-world-foods
3702820,dietary-world-foods
3702831,dietary-world-foods
3704000,dietary-world-foods
3704087,dietary-world-foods
3708930,dietary-world-foods
3713510,dietary-world-foods
3714444,dietary-world-foods
3714513,dietary-world-foods
3714524,dietary-world-foods
3714557,dietary-world-foods
3715833,dietary-world-foods
3715844,dietary-world-foods
3716009,dietary-world-foods
3716246,dietary-world-foods
3721610,dietary-world-foods
3723478,dietary-world-foods
3723489,dietary-world-foods
3723503,dietary-world-foods
3723514,dietary-world-foods
3724368,dietary-world-foods
3725203,dietary-world-foods
3725327,dietary-world-foods
3725338,dietary-world-foods
3725510,dietary-world-foods
3727832,dietary-world-foods
3727901,dietary-world-foods
3728187,dietary-world-foods
3728267,dietary-world-foods
3728290,dietary-world-foods
3728609,dietary-world-foods
3729805,dietary-world-foods
3729816,dietary-world-foods
3731705,dietary-world-foods
3731716,dietary-world-foods
3731964,dietary-world-foods
3731975,dietary-world-foods
3732060,dietary-world-foods
3732923,dietary-world-foods
3733948,dietary-world-foods
3733981,dietary-world-foods
3734940,dietary-world-foods
3735615,dietary-world-foods
3735626,dietary-world-foods
3735637,dietary-world-foods
3735648,dietary-world-foods
3735660,dietary-world-foods
3735750,dietary-world-foods
3735841,dietary-world-foods
3735852,dietary-world-foods
3736425,dietary-world-foods
3736447,dietary-world-foods
3736833,dietary-world-foods
3736844,dietary-world-foods
3736924,dietary-world-foods
3736935,dietary-world-foods
3736957,dietary-world-foods
3736979,dietary-world-foods
3736990,dietary-world-foods
3737020,dietary-world-foods
3737031,dietary-world-foods
3737042,dietary-world-foods
3737075,dietary-world-foods
3737086,dietary-world-foods
3737097,dietary-world-foods
3737100,dietary-world-foods
3737144,dietary-world-foods
3737202,dietary-world-foods
3737257,dietary-world-foods
3737279,dietary-world-foods
3739310,dietary-world-foods
3740615,dietary-world-foods
3740626,dietary-world-foods
3741152,dietary-world-foods
3742508,dietary-world-foods
3742520,dietary-world-foods
3743544,dietary-world-foods
3743759,dietary-world-foods
3748672,dietary-world-foods
3748694,dietary-world-foods
3750700,dietary-world-foods
3750776,dietary-world-foods
3751724,dietary-world-foods
3751790,dietary-world-foods
3752716,dietary-world-foods
3753457,dietary-world-foods
3753559,dietary-world-foods
3753560,dietary-world-foods
3753661,dietary-world-foods
3755260,dietary-world-foods
3755383,dietary-world-foods
3755452,dietary-world-foods
3755463,dietary-world-foods
3757028,dietary-world-foods
3757050,dietary-world-foods
3757061,dietary-world-foods
3757072,dietary-world-foods
3757811,dietary-world-foods
3757844,dietary-world-foods
3757899,dietary-world-foods
3758042,dietary-world-foods
3758676,dietary-world-foods
3758938,dietary-world-foods
3760463,dietary-world-foods
3764737,dietary-world-foods
3766448,dietary-world-foods
3766459,dietary-world-foods
3767451,dietary-world-foods
3767473,dietary-world-foods
3767815,dietary-world-foods
3767837,dietary-world-foods
3767848,dietary-world-foods
3769990,dietary-world-foods
3771131,dietary-world-foods
3771266,dietary-world-foods
3771277,dietary-world-foods
3771368,dietary-world-foods
3771540,dietary-world-foods
3771550,dietary-world-foods
3771572,dietary-world-foods
3772473,dietary-world-foods
3772950,dietary-world-foods
3772961,dietary-world-foods
3773272,dietary-world-foods
3774140,dietary-world-foods
3774151,dietary-world-foods
3774617,dietary-world-foods
3777874,dietary-world-foods
3779905,dietary-world-foods
3782364,dietary-world-foods
3782932,dietary-world-foods
3783491,dietary-world-foods
3783549,dietary-world-foods
3783571,dietary-world-foods
3783618,dietary-world-foods
3783629,dietary-world-foods
3783630,dietary-world-foods
3783673,dietary-world-foods
3784348,dietary-world-foods
3785635,dietary-world-foods
3785930,dietary-world-foods
3786900,dietary-world-foods
3792652,dietary-world-foods
3792700,dietary-world-foods
3800444,dietary-world-foods
3800455,dietary-world-foods
3800987,dietary-world-foods
3801301,dietary-world-foods
3801345,dietary-world-foods
3801549,dietary-world-foods
3803464,dietary-world-foods
3804343,dietary-world-foods
3804740,dietary-world-foods
3806291,dietary-world-foods
3806531,dietary-world-foods
3806790,dietary-world-foods
3806859,dietary-world-foods
3812953,dietary-world-foods
3812975,dietary-world-foods
3812986,dietary-world-foods
3814380,dietary-world-foods
3814518,dietary-world-foods
3816874,dietary-world-foods
3816954,dietary-world-foods
3817550,dietary-world-foods
3817571,dietary-world-foods
3817582,dietary-world-foods
3817593,dietary-world-foods
3817607,dietary-world-foods
3817618,dietary-world-foods
3817822,dietary-world-foods
3821488,dietary-world-foods
3825219,dietary-world-foods
3825230,dietary-world-foods
3825310,dietary-world-foods
3828170,dietary-world-foods
3828192,dietary-world-foods
3828443,dietary-world-foods
3828454,dietary-world-foods
3828465,dietary-world-foods
3828476,dietary-world-foods
3828669,dietary-world-foods
3830274,dietary-world-foods
3830864,dietary-world-foods
3830911,dietary-world-foods
3837375,dietary-world-foods
3837411,dietary-world-foods
3837422,dietary-world-foods
3837433,dietary-world-foods
3838505,dietary-world-foods
3838516,dietary-world-foods
3842003,dietary-world-foods
3843072,dietary-world-foods
3843094,dietary-world-foods
3843119,dietary-world-foods
3843174,dietary-world-foods
3843196,dietary-world-foods
3843210,dietary-world-foods
3843298,dietary-world-foods
3843800,dietary-world-foods
3844086,dietary-world-foods
3844166,dietary-world-foods
3844246,dietary-world-foods
3844359,dietary-world-foods
3844360,dietary-world-foods
3844520,dietary-world-foods
3844723,dietary-world-foods
3845748,dietary-world-foods
3846139,dietary-world-foods
3846274,dietary-world-foods
3846922,dietary-world-foods
3847007,dietary-world-foods
3847110,dietary-world-foods
3847299,dietary-world-foods
3847313,dietary-world-foods
3849170,dietary-world-foods
3849818,dietary-world-foods
3850817,dietary-world-foods
3850828,dietary-world-foods
3850839,dietary-world-foods
3850861,dietary-world-foods
3854396,dietary-world-foods
3855107,dietary-world-foods
3855592,dietary-world-foods
3855763,dietary-world-foods
3855912,dietary-world-foods
3855990,dietary-world-foods
3856813,dietary-world-foods
3857703,dietary-world-foods
3860560,dietary-world-foods
3860887,dietary-world-foods
3861245,dietary-world-foods
3861471,dietary-world-foods
3861482,dietary-world-foods
3862930,dietary-world-foods
3863127,dietary-world-foods
3863670,dietary-world-foods
3864550,dietary-world-foods
3864582,dietary-world-foods
3866894,dietary-world-foods
3867183,dietary-world-foods
3868845,dietary-world-foods
3868856,dietary-world-foods
3868878,dietary-world-foods
3870144,dietary-world-foods
3870326,dietary-world-foods
3870825,dietary-world-foods
3871090,dietary-world-foods
3871329,dietary-world-foods
3871340,dietary-world-foods
3871362,dietary-world-foods
3871395,dietary-world-foods
3871410,dietary-world-foods
3871668,dietary-world-foods
3872026,dietary-world-foods
3872897,dietary-world-foods
3877380,dietary-world-foods
3877722,dietary-world-foods
3877802,dietary-world-foods
3877948,dietary-world-foods
3879284,dietary-world-foods
3880512,dietary-world-foods
3882370,dietary-world-foods
3882530,dietary-world-foods
3883215,dietary-world-foods
3883394,dietary-world-foods
3883420,dietary-world-foods
3883747,dietary-world-foods
3883758,dietary-world-foods
3883871,dietary-world-foods
3884660,dietary-world-foods
3889255,dietary-world-foods
3889743,dietary-world-foods
3889754,dietary-world-foods
3889776,dietary-world-foods
3889787,dietary-world-foods
3890006,dietary-world-foods
3890630,dietary-world-foods
3891177,dietary-world-foods
3893128,dietary-world-foods
3893172,dietary-world-foods
3893682,dietary-world-foods
3893718,dietary-world-foods
3893730,dietary-world-foods
3893740,dietary-world-foods
3893751,dietary-world-foods
3893773,dietary-world-foods
3894459,dietary-world-foods
3894460,dietary-world-foods
3894517,dietary-world-foods
3894608,dietary-world-foods
3894663,dietary-world-foods
3895305,dietary-world-foods
3896931,dietary-world-foods
3897402,dietary-world-foods
3897956,dietary-world-foods
3897967,dietary-world-foods
3899383,dietary-world-foods
3899500,dietary-world-foods
3899930,dietary-world-foods
3900642,dietary-world-foods
3900733,dietary-world-foods
3901521,dietary-world-foods
3902794,dietary-world-foods
3902820,dietary-world-foods
3902852,dietary-world-foods
3902943,dietary-world-foods
3902998,dietary-world-foods
3903389,dietary-world-foods
3903458,dietary-world-foods
3904712,dietary-world-foods
3905227,dietary-world-foods
3905307,dietary-world-foods
3907335,dietary-world-foods
3907608,dietary-world-foods
3907620,dietary-world-foods
3907845,dietary-world-foods
3908054,dietary-world-foods
3908779,dietary-world-foods
3908917,dietary-world-foods
3910442,dietary-world-foods
3912460,dietary-world-foods
3916256,dietary-world-foods
3919039,dietary-world-foods
3919094,dietary-world-foods
3920118,dietary-world-foods
3920195,dietary-world-foods
3920220,dietary-world-foods
3926657,dietary-world-foods
3926668,dietary-world-foods
3926679,dietary-world-foods
3926770,dietary-world-foods
3933153,dietary-world-foods
3934553,dietary-world-foods
3937595,dietary-world-foods
3938260,dietary-world-foods
3938725,dietary-world-foods
3939557,dietary-world-foods
3939568,dietary-world-foods
3940002,dietary-world-foods
3942020,dietary-world-foods
3942609,dietary-world-foods
3944058,dietary-world-foods
3944342,dietary-world-foods
3944364,dietary-world-foods
3944659,dietary-world-foods
3947351,dietary-world-foods
3948150,dietary-world-foods
3948274,dietary-world-foods
3951348,dietary-world-foods
3951359,dietary-world-foods
3953037,dietary-world-foods
3956159,dietary-world-foods
3956421,dietary-world-foods
3956705,dietary-world-foods
3963551,dietary-world-foods
3964496,dietary-world-foods
3964510,dietary-world-foods
3964532,dietary-world-foods
3967483,dietary-world-foods
3968680,dietary-world-foods
3970820,dietary-world-foods
3970943,dietary-world-foods
3971990,dietary-world-foods
3972858,dietary-world-foods
3972869,dietary-world-foods
3975018,dietary-world-foods
3977545,dietary-world-foods
3980743,dietary-world-foods
3980754,dietary-world-foods
3982636,dietary-world-foods
3984096,dietary-world-foods
3987844,dietary-world-foods
3988654,dietary-world-foods
3988676,dietary-world-foods
3988687,dietary-world-foods
3988712,dietary-world-foods
3990893,dietary-world-foods
3992549,dietary-world-foods
3992550,dietary-world-foods
3993042,dietary-world-foods
3993053,dietary-world-foods
3993133,dietary-world-foods
3993177,dietary-world-foods
3993202,dietary-world-foods
3995999,dietary-world-foods
3997961,dietary-world-foods
3997983,dietary-world-foods
4147689,dietary-world-foods
4147860,dietary-world-foods
4150480,dietary-world-foods
4150672,dietary-world-foods
4158743,dietary-world-foods
4158958,dietary-world-foods
4158969,dietary-world-foods
4159112,dietary-world-foods
4159611,dietary-world-foods
4160949,dietary-world-foods
4160960,dietary-world-foods
4160982,dietary-world-foods
4161056,dietary-world-foods
4161577,dietary-world-foods
4161635,dietary-world-foods
4162922,dietary-world-foods
4162944,dietary-world-foods
4162999,dietary-world-foods
4163051,dietary-world-foods
4163390,dietary-world-foods
4163437,dietary-world-foods
4163470,dietary-world-foods
4164495,dietary-world-foods
4179062,dietary-world-foods
4185826,dietary-world-foods
4191501,dietary-world-foods
4193799,dietary-world-foods
4197315,dietary-world-foods
4197767,dietary-world-foods
4201570,dietary-world-foods
4204341,dietary-world-foods
4205912,dietary-world-foods
4206642,dietary-world-foods
4206802,dietary-world-foods
4206960,dietary-world-foods
4207372,dietary-world-foods
4207543,dietary-world-foods
4207893,dietary-world-foods
4207962,dietary-world-foods
4208841,dietary-world-foods
4209094,dietary-world-foods
4212350,dietary-world-foods
4215337,dietary-world-foods
4217933,dietary-world-foods
4221067,dietary-world-foods
4221078,dietary-world-foods
4222300,dietary-world-foods
4223776,dietary-world-foods
4223889,dietary-world-foods
4223991,dietary-world-foods
4224790,dietary-world-foods
4225986,dietary-world-foods
4225997,dietary-world-foods
4226606,dietary-world-foods
4226821,dietary-world-foods
4226934,dietary-world-foods
4228656,dietary-world-foods
4228838,dietary-world-foods
4231399,dietary-world-foods
4233317,dietary-world-foods
4233383,dietary-world-foods
4233984,dietary-world-foods
4237930,dietary-world-foods
4238117,dietary-world-foods
4242602,dietary-world-foods
4248573,dietary-world-foods
4256833,dietary-world-foods
4261538,dietary-world-foods
4263602,dietary-world-foods
4264875,dietary-world-foods
4265110,dietary-world-foods
4265175,dietary-world-foods
4270787,dietary-world-foods
4270812,dietary-world-foods
4270856,dietary-world-foods
4271270,dietary-world-foods
4271780,dietary-world-foods
4274733,dietary-world-foods
4275510,dietary-world-foods
4275543,dietary-world-foods
4275634,dietary-world-foods
4275973,dietary-world-foods
4276820,dietary-world-foods
4277345,dietary-world-foods
4277356,dietary-world-foods
4289719,dietary-world-foods
4289763,dietary-world-foods
4291572,dietary-world-foods
4291878,dietary-world-foods
4292418,dietary-world-foods
4292429,dietary-world-foods
4292430,dietary-world-foods
4293035,dietary-world-foods
4293501,dietary-world-foods
4295697,dietary-world-foods
4297488,dietary-world-foods
4299519,dietary-world-foods
4299563,dietary-world-foods
4299585,dietary-world-foods
4299916,dietary-world-foods
4299982,dietary-world-foods
4300403,dietary-world-foods
4300516,dietary-world-foods
4301778,dietary-world-foods
4301905,dietary-world-foods
4304040,dietary-world-foods
4304051,dietary-world-foods
4304368,dietary-world-foods
4306818,dietary-world-foods
4307560,dietary-world-foods
4308100,dietary-world-foods
4308110,dietary-world-foods
4308132,dietary-world-foods
4308143,dietary-world-foods
4308416,dietary-world-foods
4308551,dietary-world-foods
4308631,dietary-world-foods
4308788,dietary-world-foods
4308813,dietary-world-foods
4310870,dietary-world-foods
4310892,dietary-world-foods
4310917,dietary-world-foods
4310928,dietary-world-foods
4310940,dietary-world-foods
4310961,dietary-world-foods
4310983,dietary-world-foods
4311829,dietary-world-foods
4311997,dietary-world-foods
4312184,dietary-world-foods
4312220,dietary-world-foods
4313948,dietary-world-foods
4314157,dietary-world-foods
4314871,dietary-world-foods
4315080,dietary-world-foods
4315091,dietary-world-foods
4316924,dietary-world-foods
4317177,dietary-world-foods
4317188,dietary-world-foods
4317199,dietary-world-foods
4317224,dietary-world-foods
4317483,dietary-world-foods
4319150,dietary-world-foods
4320309,dietary-world-foods
4320488,dietary-world-foods
4322530,dietary-world-foods
4322552,dietary-world-foods
4322563,dietary-world-foods
4324999,dietary-world-foods
4327240,dietary-world-foods
4327320,dietary-world-foods
4327341,dietary-world-foods
4327352,dietary-world-foods
4327363,dietary-world-foods
4330685,dietary-world-foods
4332385,dietary-world-foods
4333333,dietary-world-foods
4335780,dietary-world-foods
4336932,dietary-world-foods
4337899,dietary-world-foods
4339103,dietary-world-foods
4339544,dietary-world-foods
4339577,dietary-world-foods
4339599,dietary-world-foods
4339839,dietary-world-foods
4339985,dietary-world-foods
4344704,dietary-world-foods
4344715,dietary-world-foods
4346277,dietary-world-foods
4346299,dietary-world-foods
4350944,dietary-world-foods
4352291,dietary-world-foods
4354617,dietary-world-foods
4354661,dietary-world-foods
4357230,dietary-world-foods
4357251,dietary-world-foods
4357262,dietary-world-foods
4357273,dietary-world-foods
4357740,dietary-world-foods
4357841,dietary-world-foods
4357874,dietary-world-foods
4365806,dietary-world-foods
4365839,dietary-world-foods
4368940,dietary-world-foods
4369895,dietary-world-foods
4379720,dietary-world-foods
4379797,dietary-world-foods
4380854,dietary-world-foods
4380865,dietary-world-foods
4380887,dietary-world-foods
4382951,dietary-world-foods
4383740,dietary-world-foods
4383750,dietary-world-foods
4385756,dietary-world-foods
4387547,dietary-world-foods
4387730,dietary-world-foods
4387988,dietary-world-foods
4389633,dietary-world-foods
4393007,dietary-world-foods
4393288,dietary-world-foods
4394123,dietary-world-foods
4395487,dietary-world-foods
4395851,dietary-world-foods
4397904,dietary-world-foods
4401660,dietary-world-foods
4402505,dietary-world-foods
4405660,dietary-world-foods
4405740,dietary-world-foods
4406007,dietary-world-foods
4406109,dietary-world-foods
4406131,dietary-world-foods
4406608,dietary-world-foods
4406619,dietary-world-foods
4406630,dietary-world-foods
4406663,dietary-world-foods
4406674,dietary-world-foods
4406685,dietary-world-foods
4407462,dietary-world-foods
4408160,dietary-world-foods
4408192,dietary-world-foods
4412622,dietary-world-foods
4413658,dietary-world-foods
4419676,dietary-world-foods
4419825,dietary-world-foods
4420008,dietary-world-foods
4426059,dietary-world-foods
4432903,dietary-world-foods
4432914,dietary-world-foods
4444582,dietary-world-foods
4447230,dietary-world-foods
4448131,dietary-world-foods
4448142,dietary-world-foods
4448186,dietary-world-foods
4448812,dietary-world-foods
4449145,dietary-world-foods
4455115,dietary-world-foods
4455556,dietary-world-foods
4456130,dietary-world-foods
4456581,dietary-world-foods
4457187,dietary-world-foods
4457201,dietary-world-foods
4459240,dietary-world-foods
4459251,dietary-world-foods
4459262,dietary-world-foods
4459488,dietary-world-foods
4461785,dietary-world-foods
4461810,dietary-world-foods
4461821,dietary-world-foods
4461923,dietary-world-foods
4462245,dietary-world-foods
4462347,dietary-world-foods
4463474,dietary-world-foods
4463485,dietary-world-foods
4470684,dietary-world-foods
4470709,dietary-world-foods
4471440,dietary-world-foods
4472125,dietary-world-foods
4472147,dietary-world-foods
4472420,dietary-world-foods
4472657,dietary-world-foods
4472680,dietary-world-foods
4472806,dietary-world-foods
4475510,dietary-world-foods
4476090,dietary-world-foods
4476137,dietary-world-foods
4476170,dietary-world-foods
4476319,dietary-world-foods
4476498,dietary-world-foods
4476975,dietary-world-foods
4483438,dietary-world-foods
4484984,dietary-world-foods
4486367,dietary-world-foods
4487392,dietary-world-foods
4488410,dietary-world-foods
4491980,dietary-world-foods
4494026,dietary-world-foods
4494048,dietary-world-foods
4494060,dietary-world-foods
4494070,dietary-world-foods
4498344,dietary-world-foods
4498377,dietary-world-foods
4498480,dietary-world-foods
4498617,dietary-world-foods
4499631,dietary-world-foods
4500810,dietary-world-foods
4505337,dietary-world-foods
4506690,dietary-world-foods
4513572,dietary-world-foods
4513630,dietary-world-foods
4514510,dietary-world-foods
4514859,dietary-world-foods
4565292,dietary-world-foods
4565510,dietary-world-foods
4603154,dietary-world-foods
4604984,dietary-world-foods
4605070,dietary-world-foods
4605080,dietary-world-foods
4654020,dietary-world-foods
4654122,dietary-world-foods
4654133,dietary-world-foods
4654155,dietary-world-foods
4658247,dietary-world-foods
4660067,dietary-world-foods
4662765,dietary-world-foods
4670752,dietary-world-foods
4674458,dietary-world-foods
4674470,dietary-world-foods
4674491,dietary-world-foods
4677401,dietary-world-foods
4677412,dietary-world-foods
4679203,dietary-world-foods
4680552,dietary-world-foods
4682365,dietary-world-foods
4683390,dietary-world-foods
4683415,dietary-world-foods
4683426,dietary-world-foods
4683540,dietary-world-foods
4683594,dietary-world-foods
4683608,dietary-world-foods
4683619,dietary-world-foods
4683620,dietary-world-foods
4684225,dietary-world-foods
4684418,dietary-world-foods
4684429,dietary-world-foods
4684462,dietary-world-foods
4687132,dietary-world-foods
4687143,dietary-world-foods
4690319,dietary-world-foods
4692176,dietary-world-foods
4695403,dietary-world-foods
4695425,dietary-world-foods
4695436,dietary-world-foods
4695458,dietary-world-foods
4695662,dietary-world-foods
4696042,dietary-world-foods
4697409,dietary-world-foods
4699030,dietary-world-foods
4699040,dietary-world-foods
4699357,dietary-world-foods
4699368,dietary-world-foods
4700525,dietary-world-foods
4700547,dietary-world-foods
4700558,dietary-world-foods
4713072,dietary-world-foods
4714778,dietary-world-foods
4715318,dietary-world-foods
4715409,dietary-world-foods
4715420,dietary-world-foods
4715431,dietary-world-foods
4715442,dietary-world-foods
4715464,dietary-world-foods
4715475,dietary-world-foods
4715486,dietary-world-foods
4715497,dietary-world-foods
4715500,dietary-world-foods
4723270,dietary-world-foods
4727485,dietary-world-foods
4727612,dietary-world-foods
4727962,dietary-world-foods
4727995,dietary-world-foods
4732237,dietary-world-foods
4734618,dietary-world-foods
4735632,dietary-world-foods
4736373,dietary-world-foods
4739087,dietary-world-foods
4746683,dietary-world-foods
4750670,dietary-world-foods
4754433,dietary-world-foods
4754568,dietary-world-foods
4755141,dietary-world-foods
4763955,dietary-world-foods
4764007,dietary-world-foods
4764299,dietary-world-foods
4769496,dietary-world-foods
4770699,dietary-world-foods
4775626,dietary-world-foods
4777111,dietary-world-foods
4789449,dietary-world-foods
4791214,dietary-world-foods
4791225,dietary-world-foods
4799340,dietary-world-foods
4806480,dietary-world-foods
4807121,dietary-world-foods
4807325,dietary-world-foods
4807336,dietary-world-foods
4807347,dietary-world-foods
4815356,dietary-world-foods
4815367,dietary-world-foods
4815389,dietary-world-foods
4815403,dietary-world-foods
4819379,dietary-world-foods
4819380,dietary-world-foods
4821406,dietary-world-foods
4827606,dietary-world-foods
4838409,dietary-world-foods
4844820,dietary-world-foods
4845572,dietary-world-foods
4858494,dietary-world-foods
4862436,dietary-world-foods
4862505,dietary-world-foods
4866506,dietary-world-foods
4866539,dietary-world-foods
4866812,dietary-world-foods
4876281,dietary-world-foods
4876292,dietary-world-foods
4876420,dietary-world-foods
4882003,dietary-world-foods
4882025,dietary-world-foods
4883425,dietary-world-foods
4901345,dietary-world-foods
4928410,dietary-world-foods
4929515,dietary-world-foods
4929661,dietary-world-foods
4934796,dietary-world-foods
4934901,dietary-world-foods
4938243,dietary-world-foods
4938276,dietary-world-foods
4938312,dietary-world-foods
4944439,dietary-world-foods
4960173,dietary-world-foods
4962930,dietary-world-foods
4962940,dietary-world-foods
4963047,dietary-world-foods
4963295,dietary-world-foods
4963397,dietary-world-foods
4966395,dietary-world-foods
4966431,dietary-world-foods
4969258,dietary-world-foods
4969371,dietary-world-foods
4970213,dietary-world-foods
4970224,dietary-world-foods
4972387,dietary-world-foods
4975782,dietary-world-foods
4976130,dietary-world-foods
4977289,dietary-world-foods
4979058,dietary-world-foods
4981923,dietary-world-foods
4982450,dietary-world-foods
4982857,dietary-world-foods
4982948,dietary-world-foods
4982960,dietary-world-foods
4984310,dietary-world-foods
4984648,dietary-world-foods
4989561,dietary-world-foods
4991100,dietary-world-foods
4992191,dietary-world-foods
4992250,dietary-world-foods
4992351,dietary-world-foods
4992409,dietary-world-foods
4992522,dietary-world-foods
4995826,dietary-world-foods
4997504,dietary-world-foods
4998880,dietary-world-foods
5003210,dietary-world-foods
5003221,dietary-world-foods
5005602,dietary-world-foods
5005613,dietary-world-foods
5007594,dietary-world-foods
5011831,dietary-world-foods
5015898,dietary-world-foods
5015956,dietary-world-foods
5015978,dietary-world-foods
5016267,dietary-world-foods
5016303,dietary-world-foods
5016325,dietary-world-foods
5016336,dietary-world-foods
5016904,dietary-world-foods
5017430,dietary-world-foods
5019458,dietary-world-foods
5019651,dietary-world-foods
5019742,dietary-world-foods
5020209,dietary-world-foods
5020242,dietary-world-foods
5020435,dietary-world-foods
5020468,dietary-world-foods
5020763,dietary-world-foods
5022180,dietary-world-foods
5023546,dietary-world-foods
5023580,dietary-world-foods
5023615,dietary-world-foods
5024866,dietary-world-foods
5024899,dietary-world-foods
5025202,dietary-world-foods
5025370,dietary-world-foods
5025439,dietary-world-foods
5025552,dietary-world-foods
5025585,dietary-world-foods
5025596,dietary-world-foods
5029713,dietary-world-foods
5029917,dietary-world-foods
5030450,dietary-world-foods
5030734,dietary-world-foods
5032219,dietary-world-foods
5032467,dietary-world-foods
5033583,dietary-world-foods
5033663,dietary-world-foods
5033685,dietary-world-foods
5033845,dietary-world-foods
5042303,dietary-world-foods
5042347,dietary-world-foods
5042405,dietary-world-foods
5042460,dietary-world-foods
5042584,dietary-world-foods
5042620,dietary-world-foods
5042664,dietary-world-foods
5043066,dietary-world-foods
5044069,dietary-world-foods
5044091,dietary-world-foods
5044513,dietary-world-foods
5044568,dietary-world-foods
5044626,dietary-world-foods
5044681,dietary-world-foods
5045470,dietary-world-foods
5046009,dietary-world-foods
5047872,dietary-world-foods
5048693,dietary-world-foods
5048740,dietary-world-foods
5048784,dietary-world-foods
5048810,dietary-world-foods
5049084,dietary-world-foods
5049109,dietary-world-foods
5049255,dietary-world-foods
5049823,dietary-world-foods
5049834,dietary-world-foods
5049856,dietary-world-foods
5050072,dietary-world-foods
5050913,dietary-world-foods
5051177,dietary-world-foods
5051836,dietary-world-foods
5051858,dietary-world-foods
5055611,dietary-world-foods
5055860,dietary-world-foods
5055940,dietary-world-foods
5056024,dietary-world-foods
5056953,dietary-world-foods
5057311,dietary-world-foods
5057683,dietary-world-foods
5057708,dietary-world-foods
5059237,dietary-world-foods
5066050,dietary-world-foods
5066822,dietary-world-foods
5066888,dietary-world-foods
5066902,dietary-world-foods
5066946,dietary-world-foods
5067064,dietary-world-foods
5070896,dietary-world-foods
5070932,dietary-world-foods
5071196,dietary-world-foods
5071232,dietary-world-foods
5071833,dietary-world-foods
5072836,dietary-world-foods
5074219,dietary-world-foods
5075299,dietary-world-foods
5075313,dietary-world-foods
5075324,dietary-world-foods
5075335,dietary-world-foods
5075368,dietary-world-foods
5075583,dietary-world-foods
5075641,dietary-world-foods
5075970,dietary-world-foods
5076236,dietary-world-foods
5076305,dietary-world-foods
5076600,dietary-world-foods
5076848,dietary-world-foods
5077013,dietary-world-foods
5077035,dietary-world-foods
5077046,dietary-world-foods
5077080,dietary-world-foods
5077283,dietary-world-foods
5077363,dietary-world-foods
5077374,dietary-world-foods
5077534,dietary-world-foods
5077556,dietary-world-foods
5077567,dietary-world-foods
5077590,dietary-world-foods
5077636,dietary-world-foods
5077647,dietary-world-foods
5077658,dietary-world-foods
5077691,dietary-world-foods
5078118,dietary-world-foods
5079358,dietary-world-foods
5079416,dietary-world-foods
5081270,dietary-world-foods
5081473,dietary-world-foods
5081484,dietary-world-foods
5081520,dietary-world-foods
5081553,dietary-world-foods
5081564,dietary-world-foods
5082910,dietary-world-foods
5088494,dietary-world-foods
5089012,dietary-world-foods
5089883,dietary-world-foods
5091692,dietary-world-foods
5093440,dietary-world-foods
5099093,dietary-world-foods
5100240,dietary-world-foods
5101286,dietary-world-foods
5101300,dietary-world-foods
5111428,dietary-world-foods
5111440,dietary-world-foods
5111880,dietary-world-foods
5111982,dietary-world-foods
5112147,dietary-world-foods
5112170,dietary-world-foods
5115134,dietary-world-foods
5120269,dietary-world-foods
5126797,dietary-world-foods
5132155,dietary-world-foods
5138490,dietary-world-foods
5141804,dietary-world-foods
5141815,dietary-world-foods
5142534,dietary-world-foods
5142556,dietary-world-foods
5143399,dietary-world-foods
5152833,dietary-world-foods
5153202,dietary-world-foods
5153439,dietary-world-foods
5159741,dietary-world-foods
5159796,dietary-world-foods
5160434,dietary-world-foods
5161460,dietary-world-foods
5162214,dietary-world-foods
5164388,dietary-world-foods
5169596,dietary-world-foods
5171521,dietary-world-foods
5173243,dietary-world-foods
5182302,dietary-world-foods
5185209,dietary-world-foods
5185479,dietary-world-foods
5185661,dietary-world-foods
5190945,dietary-world-foods
5193502,dietary-world-foods
5193874,dietary-world-foods
5196840,dietary-world-foods
5202080,dietary-world-foods
5202104,dietary-world-foods
5203129,dietary-world-foods
5203515,dietary-world-foods
5203537,dietary-world-foods
5203560,dietary-world-foods
5203570,dietary-world-foods
5203581,dietary-world-foods
5205179,dietary-world-foods
5207458,dietary-world-foods
5207469,dietary-world-foods
5207560,dietary-world-foods
5207571,dietary-world-foods
5207582,dietary-world-foods
5212618,dietary-world-foods
5213075,dietary-world-foods
5213360,dietary-world-foods
5213439,dietary-world-foods
5213440,dietary-world-foods
5213790,dietary-world-foods
5216619,dietary-world-foods
5218046,dietary-world-foods
5218068,dietary-world-foods
5219162,dietary-world-foods
5219173,dietary-world-foods
5220241,dietary-world-foods
5220274,dietary-world-foods
5229541,dietary-world-foods
5229552,dietary-world-foods
5232590,dietary-world-foods
5233232,dietary-world-foods
5235307,dietary-world-foods
5235431,dietary-world-foods
5235442,dietary-world-foods
5235464,dietary-world-foods
5235500,dietary-world-foods
5235566,dietary-world-foods
5242357,dietary-world-foods
5242380,dietary-world-foods
5242390,dietary-world-foods
5242404,dietary-world-foods
5249684,dietary-world-foods
5249753,dietary-world-foods
5249775,dietary-world-foods
5252179,dietary-world-foods
5252281,dietary-world-foods
5252328,dietary-world-foods
5252340,dietary-world-foods
5252452,dietary-world-foods
5252463,dietary-world-foods
5252521,dietary-world-foods
5252565,dietary-world-foods
5252758,dietary-world-foods
5252780,dietary-world-foods
5252791,dietary-world-foods
5252962,dietary-world-foods
5253069,dietary-world-foods
5253116,dietary-world-foods
5253207,dietary-world-foods
5253568,dietary-world-foods
5253579,dietary-world-foods
5253681,dietary-world-foods
5253820,dietary-world-foods
5253874,dietary-world-foods
5254378,dietary-world-foods
5254979,dietary-world-foods
5255166,dietary-world-foods
5255177,dietary-world-foods
5255188,dietary-world-foods
5255199,dietary-world-foods
5255224,dietary-world-foods
5255235,dietary-world-foods
5255246,dietary-world-foods
5255279,dietary-world-foods
5255280,dietary-world-foods
5255360,dietary-world-foods
5255370,dietary-world-foods
5255381,dietary-world-foods
5258109,dietary-world-foods
5258404,dietary-world-foods
5258437,dietary-world-foods
5258517,dietary-world-foods
5259429,dietary-world-foods
5259430,dietary-world-foods
5260188,dietary-world-foods
5266402,dietary-world-foods
5266865,dietary-world-foods
5268408,dietary-world-foods
5268419,dietary-world-foods
5268452,dietary-world-foods
5268485,dietary-world-foods
5268565,dietary-world-foods
5272766,dietary-world-foods
5272777,dietary-world-foods
5280232,dietary-world-foods
5292231,dietary-world-foods
5292989,dietary-world-foods
5293041,dietary-world-foods
5299740,dietary-world-foods
5299922,dietary-world-foods
5300646,dietary-world-foods
5303611,dietary-world-foods
5305093,dietary-world-foods
5306008,dietary-world-foods
5308692,dietary-world-foods
5309378,dietary-world-foods
5309425,dietary-world-foods
5310322,dietary-world-foods
5311879,dietary-world-foods
5322140,dietary-world-foods
5322558,dietary-world-foods
5322591,dietary-world-foods
5325217,dietary-world-foods
5325465,dietary-world-foods
5337624,dietary-world-foods
5338387,dietary-world-foods
5338423,dietary-world-foods
5338490,dietary-world-foods
5338547,dietary-world-foods
5338580,dietary-world-foods
5339878,dietary-world-foods
5344743,dietary-world-foods
5351090,dietary-world-foods
5352209,dietary-world-foods
5352796,dietary-world-foods
5353358,dietary-world-foods
5355932,dietary-world-foods
5357053,dietary-world-foods
5358770,dietary-world-foods
5361709,dietary-world-foods
5361710,dietary-world-foods
5363078,dietary-world-foods
5366972,dietary-world-foods
5366983,dietary-world-foods
5369052,dietary-world-foods
5369358,dietary-world-foods
5369846,dietary-world-foods
5370776,dietary-world-foods
5370812,dietary-world-foods
5370823,dietary-world-foods
5372250,dietary-world-foods
5373639,dietary-world-foods
5376659,dietary-world-foods
5377390,dietary-world-foods
5381262,dietary-world-foods
5384679,dietary-world-foods
5392724,dietary-world-foods
5404109,dietary-world-foods
5404110,dietary-world-foods
5404131,dietary-world-foods
5407446,dietary-world-foods
5410316,dietary-world-foods
5417199,dietary-world-foods
5417202,dietary-world-foods
5419194,dietary-world-foods
5419300,dietary-world-foods
5420998,dietary-world-foods
5422199,dietary-world-foods
5422202,dietary-world-foods
5422290,dietary-world-foods
5422869,dietary-world-foods
5423125,dietary-world-foods
5435270,dietary-world-foods
5435281,dietary-world-foods
5435306,dietary-world-foods
5435317,dietary-world-foods
5435339,dietary-world-foods
5435361,dietary-world-foods
5435420,dietary-world-foods
5435430,dietary-world-foods
5435441,dietary-world-foods
5438778,dietary-world-foods
5445536,dietary-world-foods
5445570,dietary-world-foods
5449923,dietary-world-foods
5457874,dietary-world-foods
5458210,dietary-world-foods
5458243,dietary-world-foods
5459836,dietary-world-foods
5462524,dietary-world-foods
5462954,dietary-world-foods
5463196,dietary-world-foods
5466412,dietary-world-foods
5469080,dietary-world-foods
5469680,dietary-world-foods
5475650,dietary-world-foods
5477204,dietary-world-foods
5477930,dietary-world-foods
5482973,dietary-world-foods
5484491,dietary-world-foods
5484775,dietary-world-foods
5484786,dietary-world-foods
5484844,dietary-world-foods
5487467,dietary-world-foods
5487795,dietary-world-foods
5487810,dietary-world-foods
5487842,dietary-world-foods
5487864,dietary-world-foods
5488448,dietary-world-foods
5488460,dietary-world-foods
5489247,dietary-world-foods
5489316,dietary-world-foods
5489407,dietary-world-foods
5490541,dietary-world-foods
5491737,dietary-world-foods
5491748,dietary-world-foods
5493765,dietary-world-foods
5493776,dietary-world-foods
5494327,dietary-world-foods
5494622,dietary-world-foods
5494677,dietary-world-foods
5495534,dietary-world-foods
5496796,dietary-world-foods
5497234,dietary-world-foods
5497267,dietary-world-foods
5498769,dietary-world-foods
5498770,dietary-world-foods
5503563,dietary-world-foods
5512644,dietary-world-foods
5525340,dietary-world-foods
5526434,dietary-world-foods
5526955,dietary-world-foods
5536551,dietary-world-foods
5536609,dietary-world-foods
5540231,dietary-world-foods
5547740,dietary-world-foods
5548153,dietary-world-foods
5548200,dietary-world-foods
5549101,dietary-world-foods
5549145,dietary-world-foods
5549349,dietary-world-foods
5549702,dietary-world-foods
5550268,dietary-world-foods
5550304,dietary-world-foods
5550326,dietary-world-foods
5552570,dietary-world-foods
5552638,dietary-world-foods
5552650,dietary-world-foods
5559218,dietary-world-foods
5559273,dietary-world-foods
5565312,dietary-world-foods
5566971,dietary-world-foods
5567840,dietary-world-foods
5567850,dietary-world-foods
5568401,dietary-world-foods
5568605,dietary-world-foods
5573911,dietary-world-foods
5574051,dietary-world-foods
5574335,dietary-world-foods
5576126,dietary-world-foods
5577548,dietary-world-foods
5577628,dietary-world-foods
5577719,dietary-world-foods
5577990,dietary-world-foods
5581080,dietary-world-foods
5583085,dietary-world-foods
5583970,dietary-world-foods
5584361,dietary-world-foods
5584419,dietary-world-foods
5585579,dietary-world-foods
5586017,dietary-world-foods
5587100,dietary-world-foods
5588963,dietary-world-foods
5592075,dietary-world-foods
5593191,dietary-world-foods
5596837,dietary-world-foods
5596848,dietary-world-foods
5596940,dietary-world-foods
5598333,dietary-world-foods
5604764,dietary-world-foods
5605213,dietary-world-foods
5605530,dietary-world-foods
5608324,dietary-world-foods
5608335,dietary-world-foods
5609484,dietary-world-foods
5612490,dietary-world-foods
5612503,dietary-world-foods
5613302,dietary-world-foods
5615771,dietary-world-foods
5625006,dietary-world-foods
5625017,dietary-world-foods
5626122,dietary-world-foods
5633922,dietary-world-foods
5643879,dietary-world-foods
5643904,dietary-world-foods
5648602,dietary-world-foods
5654230,dietary-world-foods
5658209,dietary-world-foods
5659471,dietary-world-foods
5662636,dietary-world-foods
5666513,dietary-world-foods
5686543,dietary-world-foods
5689698,dietary-world-foods
5693695,dietary-world-foods
5694676,dietary-world-foods
5695690,dietary-world-foods
5696252,dietary-world-foods
5696569,dietary-world-foods
5696751,dietary-world-foods
5696762,dietary-world-foods
5702672,dietary-world-foods
5703165,dietary-world-foods
5703176,dietary-world-foods
5703314,dietary-world-foods
5703405,dietary-world-foods
5703540,dietary-world-foods
5711593,dietary-world-foods
5716382,dietary-world-foods
5717320,dietary-world-foods
5717341,dietary-world-foods
5717603,dietary-world-foods
5720743,dietary-world-foods
5723490,dietary-world-foods
5725656,dietary-world-foods
5726091,dietary-world-foods
5727695,dietary-world-foods
5740445,dietary-world-foods
5748389,dietary-world-foods
5748403,dietary-world-foods
5749687,dietary-world-foods
5749698,dietary-world-foods
5749712,dietary-world-foods
5749723,dietary-world-foods
5749734,dietary-world-foods
5752808,dietary-world-foods
5754745,dietary-world-foods
5776919,dietary-world-foods
5777401,dietary-world-foods
5777897,dietary-world-foods
5784939,dietary-world-foods
5788496,dietary-world-foods
5789579,dietary-world-foods
5792267,dietary-world-foods
5795130,dietary-world-foods
5799991,dietary-world-foods
5800026,dietary-world-foods
5803341,dietary-world-foods
5814870,dietary-world-foods
5821671,dietary-world-foods
5823407,dietary-world-foods
5826992,dietary-world-foods
5846606,dietary-world-foods
5851151,dietary-world-foods
5856010,dietary-world-foods
5862180,dietary-world-foods
5862588,dietary-world-foods
5868529,dietary-world-foods
5868573,dietary-world-foods
5871669,dietary-world-foods
5872796,dietary-world-foods
5873664,dietary-world-foods
5874248,dietary-world-foods
5877359,dietary-world-foods
5878792,dietary-world-foods
5879140,dietary-world-foods
5882381,dietary-world-foods
5884194,dietary-world-foods
5884220,dietary-world-foods
5884467,dietary-world-foods
5884478,dietary-world-foods
5884490,dietary-world-foods
5885970,dietary-world-foods
5885991,dietary-world-foods
5886043,dietary-world-foods
5888402,dietary-world-foods
5888446,dietary-world-foods
5888480,dietary-world-foods
5891600,dietary-world-foods
5892283,dietary-world-foods
5892294,dietary-world-foods
5892512,dietary-world-foods
5901329,dietary-world-foods
5901340,dietary-world-foods
5903696,dietary-world-foods
5927956,dietary-world-foods
5931782,dietary-world-foods
5933744,dietary-world-foods
5934022,dietary-world-foods
5934033,dietary-world-foods
5934361,dietary-world-foods
5934394,dietary-world-foods
5934689,dietary-world-foods
5935014,dietary-world-foods
5939570,dietary-world-foods
5956444,dietary-world-foods
5969435,dietary-world-foods
5972291,dietary-world-foods
5974719,dietary-world-foods
5974741,dietary-world-foods
5978334,dietary-world-foods
5982943,dietary-world-foods
5983040,dietary-world-foods
5988699,dietary-world-foods
5990522,dietary-world-foods
5991015,dietary-world-foods
5991525,dietary-world-foods
5998852,dietary-world-foods
6006247,dietary-world-foods
6007997,dietary-world-foods
6009530,dietary-world-foods
6009880,dietary-world-foods
6010561,dietary-world-foods
6011688,dietary-world-foods
6011735,dietary-world-foods
6011940,dietary-world-foods
6022924,dietary-world-foods
6023031,dietary-world-foods
6026890,dietary-world-foods
6027622,dietary-world-foods
6032906,dietary-world-foods
6032961,dietary-world-foods
6037761,dietary-world-foods
6038006,dietary-world-foods
6038390,dietary-world-foods
6038538,dietary-world-foods
6040460,dietary-world-foods
6040493,dietary-world-foods
6040507,dietary-world-foods
6040584,dietary-world-foods
6040642,dietary-world-foods
6043866,dietary-world-foods
6048848,dietary-world-foods
6059356,dietary-world-foods
6059709,dietary-world-foods
6062474,dietary-world-foods
6063820,dietary-world-foods
6063841,dietary-world-foods
6065596,dietary-world-foods
6065698,dietary-world-foods
6065982,dietary-world-foods
6066136,dietary-world-foods
6067693,dietary-world-foods
6067740,dietary-world-foods
6068980,dietary-world-foods
6069043,dietary-world-foods
6069054,dietary-world-foods
6069101,dietary-world-foods
6069134,dietary-world-foods
6069178,dietary-world-foods
6069837,dietary-world-foods
6070520,dietary-world-foods
6072332,dietary-world-foods
6073018,dietary-world-foods
6073460,dietary-world-foods
6079397,dietary-world-foods
6080170,dietary-world-foods
6082030,dietary-world-foods
6082427,dietary-world-foods
6082824,dietary-world-foods
6082835,dietary-world-foods
6083645,dietary-world-foods
6084499,dietary-world-foods
6086520,dietary-world-foods
6093015,dietary-world-foods
6094255,dietary-world-foods
6098256,dietary-world-foods
6098267,dietary-world-foods
6099565,dietary-world-foods
6107459,dietary-world-foods
6108531,dietary-world-foods
6111376,dietary-world-foods
6115708,dietary-world-foods
6122532,dietary-world-foods
6122543,dietary-world-foods
6123116,dietary-world-foods
6126307,dietary-world-foods
6126351,dietary-world-foods
6126475,dietary-world-foods
6126486,dietary-world-foods
6131759,dietary-world-foods
6132570,dietary-world-foods
6132580,dietary-world-foods
6139513,dietary-world-foods
6144025,dietary-world-foods
6144036,dietary-world-foods
6144047,dietary-world-foods
6144160,dietary-world-foods
6144193,dietary-world-foods
6146927,dietary-world-foods
6147089,dietary-world-foods
6149313,dietary-world-foods
6149335,dietary-world-foods
6156068,dietary-world-foods
6161454,dietary-world-foods
6161534,dietary-world-foods
6161545,dietary-world-foods
6161567,dietary-world-foods
6164805,dietary-world-foods
6164849,dietary-world-foods
6165003,dietary-world-foods
6165127,dietary-world-foods
6165772,dietary-world-foods
6166560,dietary-world-foods
6173715,dietary-world-foods
6175594,dietary-world-foods
6177035,dietary-world-foods
6177181,dietary-world-foods
6177374,dietary-world-foods
6179551,dietary-world-foods
6184391,dietary-world-foods
6187254,dietary-world-foods
6190204,dietary-world-foods
6190215,dietary-world-foods
6190259,dietary-world-foods
6190260,dietary-world-foods
6205946,dietary-world-foods
6238038,dietary-world-foods
6240721,dietary-world-foods
6241655,dietary-world-foods
6242840,dietary-world-foods
6243162,dietary-world-foods
6248519,dietary-world-foods
6255682,dietary-world-foods
6258498,dietary-world-foods
6259377,dietary-world-foods
6268979,dietary-world-foods
6269360,dietary-world-foods
6270970,dietary-world-foods
6272353,dietary-world-foods
6272364,dietary-world-foods
6272604,dietary-world-foods
6272615,dietary-world-foods
6272626,dietary-world-foods
6277754,dietary-world-foods
6282561,dietary-world-foods
6282685,dietary-world-foods
6293648,dietary-world-foods
6293659,dietary-world-foods
6293660,dietary-world-foods
6293943,dietary-world-foods
6295290,dietary-world-foods
6295304,dietary-world-foods
6295326,dietary-world-foods
6295440,dietary-world-foods
6295450,dietary-world-foods
6309409,dietary-world-foods
6310871,dietary-world-foods
6313392,dietary-world-foods
6327310,dietary-world-foods
6327320,dietary-world-foods
6327513,dietary-world-foods
6329698,dietary-world-foods
6330788,dietary-world-foods
6332499,dietary-world-foods
6334905,dietary-world-foods
6339590,dietary-world-foods
6339680,dietary-world-foods
6339738,dietary-world-foods
6340034,dietary-world-foods
6340293,dietary-world-foods
6341660,dietary-world-foods
6351325,dietary-world-foods
6358255,dietary-world-foods
6360370,dietary-world-foods
6360428,dietary-world-foods
6360439,dietary-world-foods
6362730,dietary-world-foods
6362922,dietary-world-foods
6362933,dietary-world-foods
6363528,dietary-world-foods
6367450,dietary-world-foods
6367471,dietary-world-foods
6375593,dietary-world-foods
6375607,dietary-world-foods
6378161,dietary-world-foods
6378616,dietary-world-foods
6379437,dietary-world-foods
6380083,dietary-world-foods
6380120,dietary-world-foods
6383081,dietary-world-foods
6384164,dietary-world-foods
6384969,dietary-world-foods
6388256,dietary-world-foods
6393915,dietary-world-foods
6393926,dietary-world-foods
6397009,dietary-world-foods
6410617,dietary-world-foods
6411595,dietary-world-foods
6414618,dietary-world-foods
6420563,dietary-world-foods
6420585,dietary-world-foods
6420621,dietary-world-foods
6421362,dietary-world-foods
6435786,dietary-world-foods
6437431,dietary-world-foods
6437475,dietary-world-foods
6438172,dietary-world-foods
6448799,dietary-world-foods
6448824,dietary-world-foods
6450203,dietary-world-foods
6450214,dietary-world-foods
6451013,dietary-world-foods
6467498,dietary-world-foods
6480260,dietary-world-foods
6480918,dietary-world-foods
6481058,dietary-world-foods
6487735,dietary-world-foods
6499610,dietary-world-foods
6501224,dietary-world-foods
6501290,dietary-world-foods
6502566,dietary-world-foods
6509485,dietary-world-foods
6510054,dietary-world-foods
6510123,dietary-world-foods
6510145,dietary-world-foods
6510746,dietary-world-foods
6510757,dietary-world-foods
6510815,dietary-world-foods
6514135,dietary-world-foods
6517654,dietary-world-foods
6518362,dietary-world-foods
6519730,dietary-world-foods
6521673,dietary-world-foods
6522552,dietary-world-foods
6530572,dietary-world-foods
6530700,dietary-world-foods
6541105,dietary-world-foods
6541284,dietary-world-foods
6542684,dietary-world-foods
6545365,dietary-world-foods
6545387,dietary-world-foods
6545434,dietary-world-foods
6551540,dietary-world-foods
6551583,dietary-world-foods
6553159,dietary-world-foods
6557841,dietary-world-foods
6567776,dietary-world-foods
6569217,dietary-world-foods
6569239,dietary-world-foods
6569240,dietary-world-foods
6576347,dietary-world-foods
6576427,dietary-world-foods
6576438,dietary-world-foods
6576449,dietary-world-foods
6577000,dietary-world-foods
6597245,dietary-world-foods
6600678,dietary-world-foods
6600689,dietary-world-foods
6600805,dietary-world-foods
6601309,dietary-world-foods
6601310,dietary-world-foods
6601896,dietary-world-foods
6604351,dietary-world-foods
6608148,dietary-world-foods
6609560,dietary-world-foods
6614581,dietary-world-foods
6614592,dietary-world-foods
6614617,dietary-world-foods
6614639,dietary-world-foods
6614640,dietary-world-foods
6614650,dietary-world-foods
6616860,dietary-world-foods
6617808,dietary-world-foods
6617830,dietary-world-foods
6617863,dietary-world-foods
6617874,dietary-world-foods
6622885,dietary-world-foods
6622910,dietary-world-foods
6623141,dietary-world-foods
6623185,dietary-world-foods
6623210,dietary-world-foods
6624494,dietary-world-foods
6624519,dietary-world-foods
6635934,dietary-world-foods
6636110,dietary-world-foods
6636165,dietary-world-foods
6636460,dietary-world-foods
6636482,dietary-world-foods
6636766,dietary-world-foods
6638070,dietary-world-foods
6638740,dietary-world-foods
6647401,dietary-world-foods
6648700,dietary-world-foods
6672023,dietary-world-foods
6676716,dietary-world-foods
6684146,dietary-world-foods
6696407,dietary-world-foods
6701132,dietary-world-foods
6704323,dietary-world-foods
6704811,dietary-world-foods
6706012,dietary-world-foods
6712445,dietary-world-foods
6743278,dietary-world-foods
6749810,dietary-world-foods
6751403,dietary-world-foods
6751469,dietary-world-foods
6762534,dietary-world-foods
6765135,dietary-world-foods
6765190,dietary-world-foods
6765463,dietary-world-foods
6765500,dietary-world-foods
6766808,dietary-world-foods
6767243,dietary-world-foods
6767254,dietary-world-foods
6767470,dietary-world-foods
6767709,dietary-world-foods
6768745,dietary-world-foods
6768960,dietary-world-foods
6768971,dietary-world-foods
6768982,dietary-world-foods
6769169,dietary-world-foods
6769170,dietary-world-foods
6772593,dietary-world-foods
6774340,dietary-world-foods
6783942,dietary-world-foods
6783953,dietary-world-foods
6797368,dietary-world-foods
6799829,dietary-world-foods
6799942,dietary-world-foods
6800021,dietary-world-foods
6800779,dietary-world-foods
6801035,dietary-world-foods
6801057,dietary-world-foods
6801068,dietary-world-foods
6801080,dietary-world-foods
6801115,dietary-world-foods
6801749,dietary-world-foods
6801782,dietary-world-foods
6802071,dietary-world-foods
6803020,dietary-world-foods
6803642,dietary-world-foods
6803799,dietary-world-foods
6814842,dietary-world-foods
6823151,dietary-world-foods
6823322,dietary-world-foods
6823344,dietary-world-foods
6823377,dietary-world-foods
6823413,dietary-world-foods
6823683,dietary-world-foods
6825918,dietary-world-foods
6830180,dietary-world-foods
6830463,dietary-world-foods
6836197,dietary-world-foods
6840762,dietary-world-foods
6841222,dietary-world-foods
6845799,dietary-world-foods
6848120,dietary-world-foods
6863815,dietary-world-foods
6868080,dietary-world-foods
6879123,dietary-world-foods
6893441,dietary-world-foods
6907954,dietary-world-foods
6908403,dietary-world-foods
6913695,dietary-world-foods
6920090,dietary-world-foods
6920442,dietary-world-foods
6920566,dietary-world-foods
6921434,dietary-world-foods
6923940,dietary-world-foods
6935042,dietary-world-foods
6935723,dietary-world-foods
6943721,dietary-world-foods
6949091,dietary-world-foods
6955436,dietary-world-foods
6955662,dietary-world-foods
6955673,dietary-world-foods
6956450,dietary-world-foods
6961870,dietary-world-foods
6984106,dietary-world-foods
6984503,dietary-world-foods
6989187,dietary-world-foods
6989493,dietary-world-foods
6989529,dietary-world-foods
6990878,dietary-world-foods
6994132,dietary-world-foods
6994187,dietary-world-foods
6995383,dietary-world-foods
7002037,dietary-world-foods
7009637,dietary-world-foods
7010920,dietary-world-foods
7017431,dietary-world-foods
7017464,dietary-world-foods
7023729,dietary-world-foods
7024856,dietary-world-foods
7024878,dietary-world-foods
7024889,dietary-world-foods
7030826,dietary-world-foods
7032843,dietary-world-foods
7032854,dietary-world-foods
7032901,dietary-world-foods
7032978,dietary-world-foods
7033799,dietary-world-foods
7033802,dietary-world-foods
7033926,dietary-world-foods
7033937,dietary-world-foods
7033948,dietary-world-foods
7034099,dietary-world-foods
7034850,dietary-world-foods
7044140,dietary-world-foods
7044161,dietary-world-foods
7054482,dietary-world-foods
7061819,dietary-world-foods
7062265,dietary-world-foods
7063676,dietary-world-foods
7065944,dietary-world-foods
7070070,dietary-world-foods
7070092,dietary-world-foods
7072917,dietary-world-foods
7073079,dietary-world-foods
7073884,dietary-world-foods
7073895,dietary-world-foods
7074016,dietary-world-foods
7078345,dietary-world-foods
7078390,dietary-world-foods
7078607,dietary-world-foods
7078742,dietary-world-foods
7080019,dietary-world-foods
7080030,dietary-world-foods
7080449,dietary-world-foods
7081044,dietary-world-foods
7083200,dietary-world-foods
7083221,dietary-world-foods
7083243,dietary-world-foods
7083254,dietary-world-foods
7084858,dietary-world-foods
7084880,dietary-world-foods
7089851,dietary-world-foods
7097703,dietary-world-foods
7097725,dietary-world-foods
7108796,dietary-world-foods
7108923,dietary-world-foods
7109132,dietary-world-foods
7109609,dietary-world-foods
7109686,dietary-world-foods
7109813,dietary-world-foods
7109868,dietary-world-foods
7109970,dietary-world-foods
7110073,dietary-world-foods
7111860,dietary-world-foods
7111917,dietary-world-foods
7116070,dietary-world-foods
7120758,dietary-world-foods
7121900,dietary-world-foods
7126663,dietary-world-foods
7129118,dietary-world-foods
7135020,dietary-world-foods
7136736,dietary-world-foods
7137740,dietary-world-foods
7144530,dietary-world-foods
7144632,dietary-world-foods
7152550,dietary-world-foods
7156915,dietary-world-foods
7159108,dietary-world-foods
7167649,dietary-world-foods
7168801,dietary-world-foods
7168823,dietary-world-foods
7168845,dietary-world-foods
7168878,dietary-world-foods
7168903,dietary-world-foods
7168969,dietary-world-foods
7169000,dietary-world-foods
7169010,dietary-world-foods
7169189,dietary-world-foods
7169190,dietary-world-foods
7169429,dietary-world-foods
7169860,dietary-world-foods
7169928,dietary-world-foods
7169994,dietary-world-foods
7170723,dietary-world-foods
7170949,dietary-world-foods
7171330,dietary-world-foods
7171409,dietary-world-foods
7171453,dietary-world-foods
7171500,dietary-world-foods
7172161,dietary-world-foods
7172241,dietary-world-foods
7172274,dietary-world-foods
7172321,dietary-world-foods
7172558,dietary-world-foods
7173619,dietary-world-foods
7173641,dietary-world-foods
7173674,dietary-world-foods
7173889,dietary-world-foods
7174393,dietary-world-foods
7174407,dietary-world-foods
7174542,dietary-world-foods
7174600,dietary-world-foods
7174611,dietary-world-foods
7174622,dietary-world-foods
7174655,dietary-world-foods
7179444,dietary-world-foods
7180829,dietary-world-foods
7186122,dietary-world-foods
7187442,dietary-world-foods
7193274,dietary-world-foods
7196750,dietary-world-foods
7196760,dietary-world-foods
7196829,dietary-world-foods
7199055,dietary-world-foods
7200020,dietary-world-foods
7201984,dietary-world-foods
7201995,dietary-world-foods
7202863,dietary-world-foods
7202874,dietary-world-foods
7203017,dietary-world-foods
7203039,dietary-world-foods
7204428,dietary-world-foods
7204439,dietary-world-foods
7205624,dietary-world-foods
7205635,dietary-world-foods
7205657,dietary-world-foods
7205668,dietary-world-foods
7205679,dietary-world-foods
7205680,dietary-world-foods
7208994,dietary-world-foods
7209691,dietary-world-foods
7209862,dietary-world-foods
7209975,dietary-world-foods
7209986,dietary-world-foods
7210001,dietary-world-foods
7210089,dietary-world-foods
7210103,dietary-world-foods
7210680,dietary-world-foods
7219265,dietary-world-foods
7219276,dietary-world-foods
7219298,dietary-world-foods
7219301,dietary-world-foods
7219390,dietary-world-foods
7219403,dietary-world-foods
7219414,dietary-world-foods
7223830,dietary-world-foods
7226034,dietary-world-foods
7233448,dietary-world-foods
7233856,dietary-world-foods
7238350,dietary-world-foods
7242267,dietary-world-foods
7258278,dietary-world-foods
7259703,dietary-world-foods
7260000,dietary-world-foods
7266287,dietary-world-foods
7266367,dietary-world-foods
7267847,dietary-world-foods
7275903,dietary-world-foods
7277239,dietary-world-foods
7284904,dietary-world-foods
7294409,dietary-world-foods
7306177,dietary-world-foods
7308048,dietary-world-foods
7325091,dietary-world-foods
7325863,dietary-world-foods
7327870,dietary-world-foods
7327880,dietary-world-foods
7327891,dietary-world-foods
7327905,dietary-world-foods
7327916,dietary-world-foods
7327927,dietary-world-foods
7327938,dietary-world-foods
7362575,dietary-world-foods
7363512,dietary-world-foods
7368571,dietary-world-foods
7368582,dietary-world-foods
7372058,dietary-world-foods
7372513,dietary-world-foods
7373720,dietary-world-foods
7374858,dietary-world-foods
7376310,dietary-world-foods
7381220,dietary-world-foods
7381230,dietary-world-foods
7381241,dietary-world-foods
7384206,dietary-world-foods
7390537,dietary-world-foods
7393433,dietary-world-foods
7395337,dietary-world-foods
7395392,dietary-world-foods
7395450,dietary-world-foods
7398663,dietary-world-foods
7398674,dietary-world-foods
7398798,dietary-world-foods
7398845,dietary-world-foods
7398856,dietary-world-foods
7399065,dietary-world-foods
7399167,dietary-world-foods
7400700,dietary-world-foods
7401010,dietary-world-foods
7402920,dietary-world-foods
7404813,dietary-world-foods
7411819,dietary-world-foods
7416641,dietary-world-foods
7428130,dietary-world-foods
7432921,dietary-world-foods
7436467,dietary-world-foods
7437200,dietary-world-foods
7437335,dietary-world-foods
7437426,dietary-world-foods
7443597,dietary-world-foods
7443600,dietary-world-foods
7443611,dietary-world-foods
7443644,dietary-world-foods
7444294,dietary-world-foods
7445402,dietary-world-foods
7450504,dietary-world-foods
7456216,dietary-world-foods
7477613,dietary-world-foods
7477668,dietary-world-foods
7477941,dietary-world-foods
7490167,dietary-world-foods
7495772,dietary-world-foods
7497814,dietary-world-foods
7501332,dietary-world-foods
7502073,dietary-world-foods
7505162,dietary-world-foods
7505173,dietary-world-foods
7505300,dietary-world-foods
7510184,dietary-world-foods
7510297,dietary-world-foods
7523211,dietary-world-foods
7524203,dietary-world-foods
7524214,dietary-world-foods
7525556,dietary-world-foods
7525567,dietary-world-foods
7525578,dietary-world-foods
7533587,dietary-world-foods
7533598,dietary-world-foods
7534885,dietary-world-foods
7543208,dietary-world-foods
7545928,dietary-world-foods
7547606,dietary-world-foods
7550655,dietary-world-foods
7551920,dietary-world-foods
7552264,dietary-world-foods
7560965,dietary-world-foods
7570233,dietary-world-foods
7572986,dietary-world-foods
7576808,dietary-world-foods
7577731,dietary-world-foods
7602067,dietary-world-foods
7610214,dietary-world-foods
7611046,dietary-world-foods
7620921,dietary-world-foods
7641160,dietary-world-foods
7642731,dietary-world-foods
7643042,dietary-world-foods
7643064,dietary-world-foods
7644920,dietary-world-foods
7645139,dietary-world-foods
7647983,dietary-world-foods
7648341,dietary-world-foods
7650343,dietary-world-foods
7650354,dietary-world-foods
7650376,dietary-world-foods
7651539,dietary-world-foods
7653658,dietary-world-foods
7654107,dietary-world-foods
7654435,dietary-world-foods
7654887,dietary-world-foods
7657477,dietary-world-foods
7657535,dietary-world-foods
7669002,dietary-world-foods
7669013,dietary-world-foods
7669024,dietary-world-foods
7670362,dietary-world-foods
7670420,dietary-world-foods
7673917,dietary-world-foods
7673939,dietary-world-foods
7674104,dietary-world-foods
7675297,dietary-world-foods
7679356,dietary-world-foods
7685348,dietary-world-foods
7695272,dietary-world-foods
7699615,dietary-world-foods
7701240,dietary-world-foods
7702119,dietary-world-foods
7702403,dietary-world-foods
7702414,dietary-world-foods
7714413,dietary-world-foods
7715868,dietary-world-foods
7716850,dietary-world-foods
7717036,dietary-world-foods
7730941,dietary-world-foods
7731081,dietary-world-foods
7736085,dietary-world-foods
7736438,dietary-world-foods
7736450,dietary-world-foods
7736460,dietary-world-foods
7736653,dietary-world-foods
7736664,dietary-world-foods
7736675,dietary-world-foods
7736890,dietary-world-foods
7737940,dietary-world-foods
7737962,dietary-world-foods
7738740,dietary-world-foods
7738750,dietary-world-foods
7738761,dietary-world-foods
7738808,dietary-world-foods
7738819,dietary-world-foods
7738820,dietary-world-foods
7739571,dietary-world-foods
7741030,dietary-world-foods
7742124,dietary-world-foods
7742146,dietary-world-foods
7742157,dietary-world-foods
7742328,dietary-world-foods
7744935,dietary-world-foods
7744946,dietary-world-foods
7745122,dietary-world-foods
7748732,dietary-world-foods
7749021,dietary-world-foods
7749032,dietary-world-foods
7749203,dietary-world-foods
7749848,dietary-world-foods
7749917,dietary-world-foods
7750337,dietary-world-foods
7752241,dietary-world-foods
7752650,dietary-world-foods
7757165,dietary-world-foods
7761060,dietary-world-foods
7761129,dietary-world-foods
7761876,dietary-world-foods
7813233,dietary-world-foods
7817642,dietary-world-foods
7817904,dietary-world-foods
7825470,dietary-world-foods
7825491,dietary-world-foods
7828977,dietary-world-foods
7829051,dietary-world-foods
7829120,dietary-world-foods
7829244,dietary-world-foods
7829357,dietary-world-foods
7832384,dietary-world-foods
7832544,dietary-world-foods
7834131,dietary-world-foods
7837606,dietary-world-foods
7837617,dietary-world-foods
7840531,dietary-world-foods
7844306,dietary-world-foods
7844317,dietary-world-foods
7846389,dietary-world-foods
7850783,dietary-world-foods
7855970,dietary-world-foods
7855980,dietary-world-foods
7855991,dietary-world-foods
7861134,dietary-world-foods
7863592,dietary-world-foods
7863606,dietary-world-foods
7864449,dietary-world-foods
7864450,dietary-world-foods
7864722,dietary-world-foods
7864744,dietary-world-foods
7866105,dietary-world-foods
7866149,dietary-world-foods
7866150,dietary-world-foods
7866524,dietary-world-foods
7868520,dietary-world-foods
7868530,dietary-world-foods
7868541,dietary-world-foods
7868552,dietary-world-foods
7868596,dietary-world-foods
7870180,dietary-world-foods
7870226,dietary-world-foods
7870248,dietary-world-foods
7870259,dietary-world-foods
7870328,dietary-world-foods
7875536,dietary-world-foods
7875660,dietary-world-foods
7875897,dietary-world-foods
7877586,dietary-world-foods
7878534,dietary-world-foods
7878590,dietary-world-foods
7880730,dietary-world-foods
7884606,dietary-world-foods
7885766,dietary-world-foods
7886168,dietary-world-foods
7908023,dietary-world-foods
7908034,dietary-world-foods
7910590,dietary-world-foods
7910660,dietary-world-foods
7921575,dietary-world-foods
7962481,dietary-world-foods
7977434,dietary-world-foods
7977467,dietary-world-foods
7977784,dietary-world-foods
7978120,dietary-world-foods
7978186,dietary-world-foods
7978211,dietary-world-foods
7979746,dietary-world-foods
7979815,dietary-world-foods
7979950,dietary-world-foods
7982445,dietary-world-foods
7999459,dietary-world-foods
7999470,dietary-world-foods
7999481,dietary-world-foods
8005347,dietary-world-foods
8009199,dietary-world-foods
8009257,dietary-world-foods
8009279,dietary-world-foods
8009359,dietary-world-foods
8009439,dietary-world-foods
8011033,dietary-world-foods
8013582,dietary-world-foods
8015056,dietary-world-foods
8015114,dietary-world-foods
8015657,dietary-world-foods
8020635,dietary-world-foods
8030617,dietary-world-foods
8037809,dietary-world-foods
8047915,dietary-world-foods
8049604,dietary-world-foods
8051661,dietary-world-foods
8053452,dietary-world-foods
8057001,dietary-world-foods
8057078,dietary-world-foods
8059776,dietary-world-foods
8060050,dietary-world-foods
8060367,dietary-world-foods
8060378,dietary-world-foods
8060469,dietary-world-foods
8060470,dietary-world-foods
8060480,dietary-world-foods
8062577,dietary-world-foods
8062588,dietary-world-foods
8062599,dietary-world-foods
8062602,dietary-world-foods
8062635,dietary-world-foods
8062690,dietary-world-foods
8063514,dietary-world-foods
8064958,dietary-world-foods
8066920,dietary-world-foods
8066953,dietary-world-foods
8066986,dietary-world-foods
8067016,dietary-world-foods
8067027,dietary-world-foods
8067038,dietary-world-foods
8067049,dietary-world-foods
8067130,dietary-world-foods
8067242,dietary-world-foods
8067435,dietary-world-foods
8067446,dietary-world-foods
8067457,dietary-world-foods
8067468,dietary-world-foods
8067490,dietary-world-foods
8067640,dietary-world-foods
8067694,dietary-world-foods
8068008,dietary-world-foods
8068019,dietary-world-foods
8068471,dietary-world-foods
8068551,dietary-world-foods
8069340,dietary-world-foods
8069383,dietary-world-foods
8069408,dietary-world-foods
8069420,dietary-world-foods
8070190,dietary-world-foods
8070688,dietary-world-foods
8071272,dietary-world-foods
8071319,dietary-world-foods
8071363,dietary-world-foods
8071636,dietary-world-foods
8071749,dietary-world-foods
8071873,dietary-world-foods
8072016,dietary-world-foods
8072242,dietary-world-foods
8072377,dietary-world-foods
8072435,dietary-world-foods
8072537,dietary-world-foods
8072548,dietary-world-foods
8072559,dietary-world-foods
8073427,dietary-world-foods
8073460,dietary-world-foods
8073493,dietary-world-foods
8073518,dietary-world-foods
8073529,dietary-world-foods
8073530,dietary-world-foods
8073551,dietary-world-foods
8073562,dietary-world-foods
8073595,dietary-world-foods
8073610,dietary-world-foods
8073620,dietary-world-foods
8073642,dietary-world-foods
8073653,dietary-world-foods
8073904,dietary-world-foods
8073937,dietary-world-foods
8073959,dietary-world-foods
8073981,dietary-world-foods
8074000,dietary-world-foods
8074011,dietary-world-foods
8074022,dietary-world-foods
8074044,dietary-world-foods
8074066,dietary-world-foods
8074088,dietary-world-foods
8074306,dietary-world-foods
8074328,dietary-world-foods
8074441,dietary-world-foods
8074463,dietary-world-foods
8074496,dietary-world-foods
8074521,dietary-world-foods
8076378,dietary-world-foods
8076640,dietary-world-foods
8076673,dietary-world-foods
8076684,dietary-world-foods
8076731,dietary-world-foods
8076775,dietary-world-foods
8076786,dietary-world-foods
8076888,dietary-world-foods
8076946,dietary-world-foods
8076990,dietary-world-foods
8077009,dietary-world-foods
8077010,dietary-world-foods
8077020,dietary-world-foods
8077133,dietary-world-foods
8077370,dietary-world-foods
8077439,dietary-world-foods
8078125,dietary-world-foods
8078500,dietary-world-foods
8078624,dietary-world-foods
8079536,dietary-world-foods
8079795,dietary-world-foods
8080251,dietary-world-foods
8080411,dietary-world-foods
8080626,dietary-world-foods
8080670,dietary-world-foods
8080681,dietary-world-foods
8082020,dietary-world-foods
8082596,dietary-world-foods
8082701,dietary-world-foods
8084183,dietary-world-foods
8084220,dietary-world-foods
8084285,dietary-world-foods
8084310,dietary-world-foods
8084343,dietary-world-foods
8084365,dietary-world-foods
8084456,dietary-world-foods
8084467,dietary-world-foods
8084591,dietary-world-foods
8084605,dietary-world-foods
8084649,dietary-world-foods
8084660,dietary-world-foods
8085029,dietary-world-foods
8085404,dietary-world-foods
8086258,dietary-world-foods
8086940,dietary-world-foods
8087760,dietary-world-foods
8088435,dietary-world-foods
8088457,dietary-world-foods
8088479,dietary-world-foods
8088628,dietary-world-foods
8088661,dietary-world-foods
8088672,dietary-world-foods
8089289,dietary-world-foods
8089358,dietary-world-foods
8089416,dietary-world-foods
8089664,dietary-world-foods
8089755,dietary-world-foods
8089802,dietary-world-foods
8091972,dietary-world-foods
8092115,dietary-world-foods
8092148,dietary-world-foods
8092192,dietary-world-foods
8092217,dietary-world-foods
8092261,dietary-world-foods
8093297,dietary-world-foods
8093300,dietary-world-foods
8096251,dietary-world-foods
8096262,dietary-world-foods
8096273,dietary-world-foods
8096295,dietary-world-foods
8096309,dietary-world-foods
8096331,dietary-world-foods
8096626,dietary-world-foods
8096648,dietary-world-foods
8097061,dietary-world-foods
8097710,dietary-world-foods
8097720,dietary-world-foods
8097800,dietary-world-foods
8097811,dietary-world-foods
8100348,dietary-world-foods
8100360,dietary-world-foods
8100461,dietary-world-foods
8100585,dietary-world-foods
8100950,dietary-world-foods
8101180,dietary-world-foods
8102547,dietary-world-foods
8104280,dietary-world-foods
8104382,dietary-world-foods
8104473,dietary-world-foods
8104972,dietary-world-foods
8105090,dietary-world-foods
8105782,dietary-world-foods
8109229,dietary-world-foods
8109273,dietary-world-foods
8109284,dietary-world-foods
8118081,dietary-world-foods
8118092,dietary-world-foods
8121643,dietary-world-foods
8123660,dietary-world-foods
8124674,dietary-world-foods
8126057,dietary-world-foods
8127854,dietary-world-foods
8128223,dietary-world-foods
8128256,dietary-world-foods
8128303,dietary-world-foods
8129022,dietary-world-foods
8129099,dietary-world-foods
8129146,dietary-world-foods
8129157,dietary-world-foods
8129179,dietary-world-foods
8129237,dietary-world-foods
8129394,dietary-world-foods
8129474,dietary-world-foods
8132800,dietary-world-foods
8132843,dietary-world-foods
8133176,dietary-world-foods
8133267,dietary-world-foods
8133303,dietary-world-foods
8133336,dietary-world-foods
8133347,dietary-world-foods
8133370,dietary-world-foods
8133438,dietary-world-foods
8133482,dietary-world-foods
8133540,dietary-world-foods
8133824,dietary-world-foods
8134055,dietary-world-foods
8134587,dietary-world-foods
8134598,dietary-world-foods
8135331,dietary-world-foods
8135400,dietary-world-foods
8136130,dietary-world-foods
8136684,dietary-world-foods
8136720,dietary-world-foods
8136833,dietary-world-foods
8136899,dietary-world-foods
8136913,dietary-world-foods
8136935,dietary-world-foods
8136946,dietary-world-foods
8136968,dietary-world-foods
8136979,dietary-world-foods
8136980,dietary-world-foods
8136990,dietary-world-foods
8137009,dietary-world-foods
8137010,dietary-world-foods
8137199,dietary-world-foods
8137257,dietary-world-foods
8137701,dietary-world-foods
8137836,dietary-world-foods
8139591,dietary-world-foods
8139729,dietary-world-foods
8140579,dietary-world-foods
8140580,dietary-world-foods
8140590,dietary-world-foods
8142406,dietary-world-foods
8142563,dietary-world-foods
8145583,dietary-world-foods
8145620,dietary-world-foods
8145685,dietary-world-foods
8146350,dietary-world-foods
8147669,dietary-world-foods
8148027,dietary-world-foods
8148286,dietary-world-foods
8148537,dietary-world-foods
8148548,dietary-world-foods
8148617,dietary-world-foods
8148640,dietary-world-foods
8152443,dietary-world-foods
8152545,dietary-world-foods
8153130,dietary-world-foods
8153300,dietary-world-foods
8153322,dietary-world-foods
8153333,dietary-world-foods
8153344,dietary-world-foods
8153377,dietary-world-foods
8153435,dietary-world-foods
8153490,dietary-world-foods
8153606,dietary-world-foods
8153639,dietary-world-foods
8153661,dietary-world-foods
8153694,dietary-world-foods
8155690,dietary-world-foods
8155827,dietary-world-foods
8155849,dietary-world-foods
8157458,dietary-world-foods
8157582,dietary-world-foods
8158202,dietary-world-foods
8158825,dietary-world-foods
8158993,dietary-world-foods
8159045,dietary-world-foods
8160215,dietary-world-foods
8160270,dietary-world-foods
8161499,dietary-world-foods
8161535,dietary-world-foods
8162200,dietary-world-foods
8162491,dietary-world-foods
8162630,dietary-world-foods
8162913,dietary-world-foods
8163392,dietary-world-foods
8163847,dietary-world-foods
8165241,dietary-world-foods
8165897,dietary-world-foods
8165900,dietary-world-foods
8166346,dietary-world-foods
8170059,dietary-world-foods
8170274,dietary-world-foods
8170310,dietary-world-foods
8170332,dietary-world-foods
8170376,dietary-world-foods
8170387,dietary-world-foods
8170398,dietary-world-foods
8177524,dietary-world-foods
8180948,dietary-world-foods
8183695,dietary-world-foods
8184858,dietary-world-foods
8192492,dietary-world-foods
8192787,dietary-world-foods
8214777,dietary-world-foods
8227892,dietary-world-foods
8227928,dietary-world-foods
8227972,dietary-world-foods
8228669,dietary-world-foods
8229093,dietary-world-foods
8229231,dietary-world-foods
8230580,dietary-world-foods
8231991,dietary-world-foods
8239960,dietary-world-foods
8241430,dietary-world-foods
8242025,dietary-world-foods
8242058,dietary-world-foods
8242670,dietary-world-foods
8252084,dietary-world-foods
8252095,dietary-world-foods
8252109,dietary-world-foods
8256460,dietary-world-foods
8256482,dietary-world-foods
8258309,dietary-world-foods
8258535,dietary-world-foods
8263659,dietary-world-foods
8264174,dietary-world-foods
8264200,dietary-world-foods
8265687,dietary-world-foods
8271078,dietary-world-foods
8271690,dietary-world-foods
8272219,dietary-world-foods
8274892,dietary-world-foods
8274906,dietary-world-foods
8277405,dietary-world-foods
8280782,dietary-world-foods
8282019,dietary-world-foods
8282471,dietary-world-foods
8282482,dietary-world-foods
8282711,dietary-world-foods
8286202,dietary-world-foods
8293128,dietary-world-foods
8295702,dietary-world-foods
8300212,dietary-world-foods
8300245,dietary-world-foods
8303312,dietary-world-foods
8304290,dietary-world-foods
8304304,dietary-world-foods
8310238,dietary-world-foods
8310249,dietary-world-foods
8317747,dietary-world-foods
8323218,dietary-world-foods
8325949,dietary-world-foods
8325950,dietary-world-foods
8327707,dietary-world-foods
8327729,dietary-world-foods
8328109,dietary-world-foods
8329327,dietary-world-foods
8329688,dietary-world-foods
8329735,dietary-world-foods
8329746,dietary-world-foods
8329859,dietary-world-foods
8330472,dietary-world-foods
8330508,dietary-world-foods
8330519,dietary-world-foods
8330643,dietary-world-foods
8330665,dietary-world-foods
8330734,dietary-world-foods
8330745,dietary-world-foods
8331748,dietary-world-foods
8332285,dietary-world-foods
8332467,dietary-world-foods
8333030,dietary-world-foods
8334349,dietary-world-foods
8336526,dietary-world-foods
8337471,dietary-world-foods
8337631,dietary-world-foods
8344739,dietary-world-foods
8346632,dietary-world-foods
8364420,dietary-world-foods
8368464,dietary-world-foods
8368511,dietary-world-foods
8374762,dietary-world-foods
8374784,dietary-world-foods
8386310,dietary-world-foods
8386331,dietary-world-foods
8386411,dietary-world-foods
8391284,dietary-world-foods
8391309,dietary-world-foods
8399399,dietary-world-foods
8399650,dietary-world-foods
8399661,dietary-world-foods
8399672,dietary-world-foods
8399708,dietary-world-foods
8399785,dietary-world-foods
8399956,dietary-world-foods
8400352,dietary-world-foods
8400374,dietary-world-foods
8400454,dietary-world-foods
8400487,dietary-world-foods
8403769,dietary-world-foods
8407668,dietary-world-foods
8407679,dietary-world-foods
8408150,dietary-world-foods
8408718,dietary-world-foods
8409110,dietary-world-foods
8409131,dietary-world-foods
8409142,dietary-world-foods
8409164,dietary-world-foods
8409379,dietary-world-foods
8409380,dietary-world-foods
8409460,dietary-world-foods
8409991,dietary-world-foods
8410083,dietary-world-foods
8410287,dietary-world-foods
8410403,dietary-world-foods
8412726,dietary-world-foods
8413831,dietary-world-foods
8413933,dietary-world-foods
8413944,dietary-world-foods
8413966,dietary-world-foods
8413988,dietary-world-foods
8416829,dietary-world-foods
8419350,dietary-world-foods
8419372,dietary-world-foods
8419496,dietary-world-foods
8419598,dietary-world-foods
8419634,dietary-world-foods
8420360,dietary-world-foods
8420407,dietary-world-foods
8420509,dietary-world-foods
8420940,dietary-world-foods
8421013,dietary-world-foods
8421024,dietary-world-foods
8421079,dietary-world-foods
8421137,dietary-world-foods
8421159,dietary-world-foods
8421170,dietary-world-foods
8421181,dietary-world-foods
8421206,dietary-world-foods
8423369,dietary-world-foods
8423507,dietary-world-foods
8423529,dietary-world-foods
8423530,dietary-world-foods
8425116,dietary-world-foods
8441677,dietary-world-foods
8450951,dietary-world-foods
8451025,dietary-world-foods
8451058,dietary-world-foods
8451240,dietary-world-foods
8453381,dietary-world-foods
8459027,dietary-world-foods
8460354,dietary-world-foods
8461481,dietary-world-foods
8461608,dietary-world-foods
8461630,dietary-world-foods
8464413,dietary-world-foods
8464515,dietary-world-foods
8464560,dietary-world-foods
8464570,dietary-world-foods
8468957,dietary-world-foods
8469177,dietary-world-foods
8473200,dietary-world-foods
8473312,dietary-world-foods
8473425,dietary-world-foods
8474520,dietary-world-foods
8474541,dietary-world-foods
8474585,dietary-world-foods
8475883,dietary-world-foods
8476638,dietary-world-foods
8476660,dietary-world-foods
8476773,dietary-world-foods
8476810,dietary-world-foods
8477583,dietary-world-foods
8478032,dietary-world-foods
8489210,dietary-world-foods
8491085,dietary-world-foods
8492689,dietary-world-foods
8494505,dietary-world-foods
8496985,dietary-world-foods
8498619,dietary-world-foods
8500186,dietary-world-foods
8505066,dietary-world-foods
8505077,dietary-world-foods
8507877,dietary-world-foods
8508042,dietary-world-foods
8508701,dietary-world-foods
8523920,dietary-world-foods
8528651,dietary-world-foods
8537062,dietary-world-foods
8542608,dietary-world-foods
8542620,dietary-world-foods
8544057,dietary-world-foods
8544432,dietary-world-foods
8544443,dietary-world-foods
8544454,dietary-world-foods
8551777,dietary-world-foods
8552099,dietary-world-foods
8554130,dietary-world-foods
8556045,dietary-world-foods
8556238,dietary-world-foods
8556293,dietary-world-foods
8556760,dietary-world-foods
8557060,dietary-world-foods
8557081,dietary-world-foods
8557252,dietary-world-foods
8557671,dietary-world-foods
8557693,dietary-world-foods
8559360,dietary-world-foods
8559382,dietary-world-foods
8559575,dietary-world-foods
8559586,dietary-world-foods
8559666,dietary-world-foods
8563721,dietary-world-foods
8564316,dietary-world-foods
8564349,dietary-world-foods
8564510,dietary-world-foods
8564699,dietary-world-foods
8564848,dietary-world-foods
8565002,dietary-world-foods
8565396,dietary-world-foods
8565760,dietary-world-foods
8565771,dietary-world-foods
8565895,dietary-world-foods
8566038,dietary-world-foods
8567176,dietary-world-foods
8569105,dietary-world-foods
8569772,dietary-world-foods
8583139,dietary-world-foods
8583241,dietary-world-foods
8586669,dietary-world-foods
8587672,dietary-world-foods
8588110,dietary-world-foods
8588609,dietary-world-foods
8588664,dietary-world-foods
8588686,dietary-world-foods
8588700,dietary-world-foods
8589077,dietary-world-foods
8591013,dietary-world-foods
8593336,dietary-world-foods
8593551,dietary-world-foods
8595342,dietary-world-foods
8595364,dietary-world-foods
8601300,dietary-world-foods
8601820,dietary-world-foods
8601853,dietary-world-foods
8605027,dietary-world-foods
8631708,dietary-world-foods
8633770,dietary-world-foods
8636359,dietary-world-foods
8636494,dietary-world-foods
8643300,dietary-world-foods
8643365,dietary-world-foods
8644415,dietary-world-foods
8644437,dietary-world-foods
8645010,dietary-world-foods
8646487,dietary-world-foods
8648460,dietary-world-foods
8648573,dietary-world-foods
8648664,dietary-world-foods
8657235,dietary-world-foods
8657392,dietary-world-foods
8668071,dietary-world-foods
8669609,dietary-world-foods
8669631,dietary-world-foods
8669642,dietary-world-foods
8672603,dietary-world-foods
8672636,dietary-world-foods
8672647,dietary-world-foods
8673366,dietary-world-foods
8673446,dietary-world-foods
8680088,dietary-world-foods
8680124,dietary-world-foods
8684679,dietary-world-foods
8684690,dietary-world-foods
8684850,dietary-world-foods
8685274,dietary-world-foods
8685387,dietary-world-foods
8685682,dietary-world-foods
8687214,dietary-world-foods
8687407,dietary-world-foods
8687553,dietary-world-foods
8690219,dietary-world-foods
8690354,dietary-world-foods
8690387,dietary-world-foods
8690489,dietary-world-foods
8691550,dietary-world-foods
8691594,dietary-world-foods
8691608,dietary-world-foods
8691619,dietary-world-foods
8691630,dietary-world-foods
8691652,dietary-world-foods
8692247,dietary-world-foods
8692316,dietary-world-foods
8693625,dietary-world-foods
8694107,dietary-world-foods
8694118,dietary-world-foods
8694377,dietary-world-foods
8702635,dietary-world-foods
8704110,dietary-world-foods
8704696,dietary-world-foods
8706090,dietary-world-foods
8706217,dietary-world-foods
8706341,dietary-world-foods
8706352,dietary-world-foods
8706363,dietary-world-foods
8706476,dietary-world-foods
8706512,dietary-world-foods
8707617,dietary-world-foods
8708813,dietary-world-foods
8709190,dietary-world-foods
8711192,dietary-world-foods
8711228,dietary-world-foods
8711240,dietary-world-foods
8711250,dietary-world-foods
8711432,dietary-world-foods
8712038,dietary-world-foods
8712071,dietary-world-foods
8712107,dietary-world-foods
8712297,dietary-world-foods
8712366,dietary-world-foods
8712661,dietary-world-foods
8712752,dietary-world-foods
8716185,dietary-world-foods
8716913,dietary-world-foods
8717224,dietary-world-foods
8717279,dietary-world-foods
8717280,dietary-world-foods
8734744,dietary-world-foods
8734799,dietary-world-foods
8735791,dietary-world-foods
8736105,dietary-world-foods
8744001,dietary-world-foods
8744034,dietary-world-foods
8744067,dietary-world-foods
8744216,dietary-world-foods
8752316,dietary-world-foods
8754016,dietary-world-foods
8757546,dietary-world-foods
8758425,dietary-world-foods
8760041,dietary-world-foods
8761601,dietary-world-foods
8761805,dietary-world-foods
8762218,dietary-world-foods
8762900,dietary-world-foods
8764290,dietary-world-foods
8764472,dietary-world-foods
8764483,dietary-world-foods
8764494,dietary-world-foods
8764552,dietary-world-foods
8764621,dietary-world-foods
8764698,dietary-world-foods
8764825,dietary-world-foods
8764858,dietary-world-foods
8764870,dietary-world-foods
8767594,dietary-world-foods
8767630,dietary-world-foods
8768327,dietary-world-foods
8768407,dietary-world-foods
8768495,dietary-world-foods
8768542,dietary-world-foods
8768586,dietary-world-foods
8768622,dietary-world-foods
8768688,dietary-world-foods
8769090,dietary-world-foods
8769421,dietary-world-foods
8769443,dietary-world-foods
8769625,dietary-world-foods
8769749,dietary-world-foods
8769931,dietary-world-foods
8770158,dietary-world-foods
8771693,dietary-world-foods
8771795,dietary-world-foods
8771886,dietary-world-foods
8772200,dietary-world-foods
8772335,dietary-world-foods
8772914,dietary-world-foods
8773032,dietary-world-foods
8773101,dietary-world-foods
8773134,dietary-world-foods
8773145,dietary-world-foods
8773189,dietary-world-foods
8773203,dietary-world-foods
8773509,dietary-world-foods
8773597,dietary-world-foods
8773600,dietary-world-foods
8773826,dietary-world-foods
8774319,dietary-world-foods
8774658,dietary-world-foods
8774895,dietary-world-foods
8774931,dietary-world-foods
8774975,dietary-world-foods
8775297,dietary-world-foods
8775388,dietary-world-foods
8778025,dietary-world-foods
8778047,dietary-world-foods
8778218,dietary-world-foods
8778251,dietary-world-foods
8782565,dietary-world-foods
8796300,dietary-world-foods
8796388,dietary-world-foods
8811889,dietary-world-foods
8812145,dietary-world-foods
8812280,dietary-world-foods
8826875,dietary-world-foods
8836256,dietary-world-foods
8836267,dietary-world-foods
8836278,dietary-world-foods
8842270,dietary-world-foods
8842281,dietary-world-foods
8842292,dietary-world-foods
8842317,dietary-world-foods
8842339,dietary-world-foods
8842340,dietary-world-foods
8842394,dietary-world-foods
8842420,dietary-world-foods
8842474,dietary-world-foods
8842485,dietary-world-foods
8842496,dietary-world-foods
8842510,dietary-world-foods
8842532,dietary-world-foods
8842554,dietary-world-foods
8848798,dietary-world-foods
8848867,dietary-world-foods
8848889,dietary-world-foods
8849338,dietary-world-foods
8851668,dietary-world-foods
8851680,dietary-world-foods
8853710,dietary-world-foods
8856435,dietary-world-foods
8857507,dietary-world-foods
8864976,dietary-world-foods
8868081,dietary-world-foods
8868310,dietary-world-foods
8870550,dietary-world-foods
8871359,dietary-world-foods
8871417,dietary-world-foods
8871439,dietary-world-foods
8871472,dietary-world-foods
8871880,dietary-world-foods
8872577,dietary-world-foods
8873161,dietary-world-foods
8874856,dietary-world-foods
8877173,dietary-world-foods
8877195,dietary-world-foods
8877570,dietary-world-foods
8877581,dietary-world-foods
8879601,dietary-world-foods
8879758,dietary-world-foods
8879769,dietary-world-foods
8882560,dietary-world-foods
8882628,dietary-world-foods
8882661,dietary-world-foods
8882672,dietary-world-foods
8882821,dietary-world-foods
8882832,dietary-world-foods
8882843,dietary-world-foods
8883223,dietary-world-foods
8883234,dietary-world-foods
8883289,dietary-world-foods
8883347,dietary-world-foods
8883380,dietary-world-foods
8883391,dietary-world-foods
8891276,dietary-world-foods
8893963,dietary-world-foods
8894456,dietary-world-foods
8907220,dietary-world-foods
8907252,dietary-world-foods
8914407,dietary-world-foods
8914462,dietary-world-foods
8914531,dietary-world-foods
8914600,dietary-world-foods
8914611,dietary-world-foods
8914633,dietary-world-foods
8914655,dietary-world-foods
8914666,dietary-world-foods
8914677,dietary-world-foods
8914983,dietary-world-foods
8918510,dietary-world-foods
8921210,dietary-world-foods
8921402,dietary-world-foods
8921752,dietary-world-foods
8923587,dietary-world-foods
8923995,dietary-world-foods
8934765,dietary-world-foods
8939827,dietary-world-foods
8940430,dietary-world-foods
8940531,dietary-world-foods
8940564,dietary-world-foods
8940575,dietary-world-foods
8946210,dietary-world-foods
8949026,dietary-world-foods
8949059,dietary-world-foods
8949128,dietary-world-foods
8949139,dietary-world-foods
8949616,dietary-world-foods
8951040,dietary-world-foods
8951050,dietary-world-foods
8951196,dietary-world-foods
8951301,dietary-world-foods
8951356,dietary-world-foods
8951924,dietary-world-foods
8954070,dietary-world-foods
8955266,dietary-world-foods
8956236,dietary-world-foods
8956586,dietary-world-foods
8956983,dietary-world-foods
8958683,dietary-world-foods
8958730,dietary-world-foods
8959540,dietary-world-foods
8962090,dietary-world-foods
8962115,dietary-world-foods
8962126,dietary-world-foods
8962137,dietary-world-foods
8962523,dietary-world-foods
8968927,dietary-world-foods
8968949,dietary-world-foods
8969486,dietary-world-foods
8969588,dietary-world-foods
8971466,dietary-world-foods
8972436,dietary-world-foods
8979537,dietary-world-foods
8979548,dietary-world-foods
8979581,dietary-world-foods
8985540,dietary-world-foods
8985960,dietary-world-foods
8986033,dietary-world-foods
8986088,dietary-world-foods
8986124,dietary-world-foods
8986146,dietary-world-foods
8988935,dietary-world-foods
8989086,dietary-world-foods
8991361,dietary-world-foods
8995067,dietary-world-foods
8999487,dietary-world-foods
8999498,dietary-world-foods
8999590,dietary-world-foods
8999603,dietary-world-foods
9000032,dietary-world-foods
9000440,dietary-world-foods
9004565,dietary-world-foods
9012836,dietary-world-foods
9012858,dietary-world-foods
9013023,dietary-world-foods
9020528,dietary-world-foods
9020700,dietary-world-foods
9023694,dietary-world-foods
9023708,dietary-world-foods
9023741,dietary-world-foods
9024019,dietary-world-foods
9024595,dietary-world-foods
9026003,dietary-world-foods
9026761,dietary-world-foods
9027899,dietary-world-foods
9028111,dietary-world-foods
9028950,dietary-world-foods
9030576,dietary-world-foods
9030598,dietary-world-foods
9030951,dietary-world-foods
9032210,dietary-world-foods
9036663,dietary-world-foods
9036696,dietary-world-foods
9041233,dietary-world-foods
9045915,dietary-world-foods
9050449,dietary-world-foods
9053720,dietary-world-foods
9054927,dietary-world-foods
9054960,dietary-world-foods
9055602,dietary-world-foods
9055817,dietary-world-foods
9055828,dietary-world-foods
9056208,dietary-world-foods
9056707,dietary-world-foods
9058101,dietary-world-foods
9059363,dietary-world-foods
9059421,dietary-world-foods
9059964,dietary-world-foods
9059986,dietary-world-foods
9060001,dietary-world-foods
9060045,dietary-world-foods
9060056,dietary-world-foods
9061252,dietary-world-foods
9062572,dietary-world-foods
9062710,dietary-world-foods
9063280,dietary-world-foods
9064400,dietary-world-foods
9067496,dietary-world-foods
9067940,dietary-world-foods
9068193,dietary-world-foods
9068229,dietary-world-foods
9071201,dietary-world-foods
9071212,dietary-world-foods
9071391,dietary-world-foods
9071450,dietary-world-foods
9073932,dietary-world-foods
9073976,dietary-world-foods
9073998,dietary-world-foods
9077853,dietary-world-foods
9079586,dietary-world-foods
9079928,dietary-world-foods
9079950,dietary-world-foods
9079961,dietary-world-foods
9079994,dietary-world-foods
9080825,dietary-world-foods
9086300,dietary-world-foods
9086592,dietary-world-foods
9089036,dietary-world-foods
9092482,dietary-world-foods
9098809,dietary-world-foods
9099120,dietary-world-foods
9104490,dietary-world-foods
9104504,dietary-world-foods
9104683,dietary-world-foods
9106496,dietary-world-foods
9106576,dietary-world-foods
9106587,dietary-world-foods
9106645,dietary-world-foods
9110562,dietary-world-foods
9110609,dietary-world-foods
9114461,dietary-world-foods
9114905,dietary-world-foods
9114949,dietary-world-foods
9115001,dietary-world-foods
9115045,dietary-world-foods
9115056,dietary-world-foods
9115125,dietary-world-foods
9115216,dietary-world-foods
9115340,dietary-world-foods
9115420,dietary-world-foods
9115522,dietary-world-foods
9116853,dietary-world-foods
9117255,dietary-world-foods
9117288,dietary-world-foods
9117299,dietary-world-foods
9120090,dietary-world-foods
9124079,dietary-world-foods
9124341,dietary-world-foods
9124658,dietary-world-foods
9129560,dietary-world-foods
9138890,dietary-world-foods
9140133,dietary-world-foods
9140177,dietary-world-foods
9159200,dietary-world-foods
9161450,dietary-world-foods
9161610,dietary-world-foods
9164153,dietary-world-foods
9178850,dietary-world-foods
9184139,dietary-world-foods
9185346,dietary-world-foods
9188606,dietary-world-foods
9190970,dietary-world-foods
9191327,dietary-world-foods
9191430,dietary-world-foods
9191440,dietary-world-foods
9191462,dietary-world-foods
9191484,dietary-world-foods
9194802,dietary-world-foods
9194846,dietary-world-foods
9201680,dietary-world-foods
9210035,dietary-world-foods
9218536,dietary-world-foods
9219696,dietary-world-foods
9223332,dietary-world-foods
9223376,dietary-world-foods
9224255,dietary-world-foods
9238566,dietary-world-foods
9242869,dietary-world-foods
9255044,dietary-world-foods
9255055,dietary-world-foods
9259974,dietary-world-foods
9262298,dietary-world-foods
9269854,dietary-world-foods
9278979,dietary-world-foods
9280325,dietary-world-foods
9287459,dietary-world-foods
9287550,dietary-world-foods
9304478,dietary-world-foods
9311087,dietary-world-foods
9315394,dietary-world-foods
9315747,dietary-world-foods
9316400,dietary-world-foods
9316422,dietary-world-foods
9316433,dietary-world-foods
9326583,dietary-world-foods
9334672,dietary-world-foods
9382245,dietary-world-foods
9388650,dietary-world-foods
9388660,dietary-world-foods
9400960,dietary-world-foods
9411784,dietary-world-foods
9428947,dietary-world-foods
9434520,dietary-world-foods
9434531,dietary-world-foods
9434622,dietary-world-foods
9434666,dietary-world-foods
9434677,dietary-world-foods
9434688,dietary-world-foods
9434699,dietary-world-foods
9435079,dietary-world-foods
9441570,dietary-world-foods
9444047,dietary-world-foods
9456002,dietary-world-foods
9456374,dietary-world-foods
9469955,dietary-world-foods
9477432,dietary-world-foods
9478865,dietary-world-foods
9486397,dietary-world-foods
9486411,dietary-world-foods
9486590,dietary-world-foods
9486921,dietary-world-foods
9488552,dietary-world-foods
9490656,dietary-world-foods
9490791,dietary-world-foods
9491273,dietary-world-foods
9494624,dietary-world-foods
9495081,dietary-world-foods
9501876,dietary-world-foods
9505006,dietary-world-foods
9505152,dietary-world-foods
9505163,dietary-world-foods
9514561,dietary-world-foods
9526425,dietary-world-foods
9528952,dietary-world-foods
9542080,dietary-world-foods
9542909,dietary-world-foods
9553971,dietary-world-foods
9572863,dietary-world-foods
9579895,dietary-world-foods
9594367,dietary-world-foods
9594549,dietary-world-foods
9594618,dietary-world-foods
9594935,dietary-world-foods
9595042,dietary-world-foods
9596067,dietary-world-foods
9596089,dietary-world-foods
9611772,dietary-world-foods
9611783,dietary-world-foods
9615900,dietary-world-foods
9651019,dietary-world-foods
9651030,dietary-world-foods
9657300,dietary-world-foods
9693948,dietary-world-foods
9714571,dietary-world-foods
9714786,dietary-world-foods
9724815,dietary-world-foods
9725090,dietary-world-foods
9725308,dietary-world-foods
9728565,dietary-world-foods
9742533,dietary-world-foods
9743547,dietary-world-foods
9755976,dietary-world-foods
9756028,dietary-world-foods
9756108,dietary-world-foods
9756120,dietary-world-foods
9757235,dietary-world-foods
9758544,dietary-world-foods
9759365,dietary-world-foods
9763205,dietary-world-foods
9763227,dietary-world-foods
9765299,dietary-world-foods
9768016,dietary-world-foods
9776182,dietary-world-foods
9776230,dietary-world-foods
9776251,dietary-world-foods
9778360,dietary-world-foods
9781499,dietary-world-foods
9781580,dietary-world-foods
9781863,dietary-world-foods
9781896,dietary-world-foods
9781987,dietary-world-foods
9782006,dietary-world-foods
9799359,dietary-world-foods
9806851,dietary-world-foods
9820943,dietary-world-foods
9820998,dietary-world-foods
9821017,dietary-world-foods
9821040,dietary-world-foods
9821061,dietary-world-foods
9861463,dietary-world-foods
9861532,dietary-world-foods
9861827,dietary-world-foods
9861850,dietary-world-foods
9878386,dietary-world-foods
9880322,dietary-world-foods
9880344,dietary-world-foods
9880413,dietary-world-foods
9880457,dietary-world-foods
9880504,dietary-world-foods
9880887,dietary-world-foods
9880923,dietary-world-foods
9880978,dietary-world-foods
9881744,dietary-world-foods
9882587,dietary-world-foods
9885010,dietary-world-foods
9885949,dietary-world-foods
9885982,dietary-world-foods
9885993,dietary-world-foods
9886318,dietary-world-foods
9886410,dietary-world-foods
9887015,dietary-world-foods
9887037,dietary-world-foods
9887059,dietary-world-foods
9887321,dietary-world-foods
9887387,dietary-world-foods
9887423,dietary-world-foods
9887456,dietary-world-foods
9887514,dietary-world-foods
9887558,dietary-world-foods
9887569,dietary-world-foods
9888732,dietary-world-foods
9888765,dietary-world-foods
9888801,dietary-world-foods
9894713,dietary-world-foods
9895997,dietary-world-foods
9896016,dietary-world-foods
9896275,dietary-world-foods
9896286,dietary-world-foods
9899488,dietary-world-foods
9900816,dietary-world-foods
9900850,dietary-world-foods
9901615,dietary-world-foods
9906903,dietary-world-foods
9915788,dietary-world-foods
9919905,dietary-world-foods
9920176,dietary-world-foods
9928338,dietary-world-foods
9933189,dietary-world-foods
9933564,dietary-world-foods
9933713,dietary-world-foods
9939630,dietary-world-foods
9943819,dietary-world-foods
9945097,dietary-world-foods
9945508,dietary-world-foods
9946384,dietary-world-foods
9946395,dietary-world-foods
9949190,dietary-world-foods
9949203,dietary-world-foods
9953437,dietary-world-foods
9954600,dietary-world-foods
9954622,dietary-world-foods
9954644,dietary-world-foods
9955385,dietary-world-foods
9957675,dietary-world-foods
9959670,dietary-world-foods
9959681,dietary-world-foods
9960228,dietary-world-foods
9961774,dietary-world-foods
9978370,dietary-world-foods
9978529,dietary-world-foods
9978540,dietary-world-foods
9978562,dietary-world-foods
9979500,dietary-world-foods
9982184,dietary-world-foods
9990637,dietary-world-foods
9990648,dietary-world-foods
9990660,dietary-world-foods
9990670,dietary-world-foods
9991287,dietary-world-foods
9991298,dietary-world-foods
9991390,dietary-world-foods
9991414,dietary-world-foods
9991447,dietary-world-foods
9992814,dietary-world-foods
9995266,dietary-world-foods
9995277,dietary-world-foods
9995288,dietary-world-foods
9995299,dietary-world-foods
24304,drinks
25249,drinks
47955,drinks
83584,drinks
91538,drinks
91549,drinks
98592,drinks
105563,drinks
116107,drinks
116129,drinks
116220,drinks
116322,drinks
116402,drinks
116457,drinks
116708,drinks
116887,drinks
116989,drinks
123011,drinks
123022,drinks
145127,drinks
147494,drinks
164336,drinks
167924,drinks
173144,drinks
191736,drinks
199523,drinks
200145,drinks
202672,drinks
204328,drinks
212111,drinks
219245,drinks
219256,drinks
219267,drinks
224857,drinks
231251,drinks
240230,drinks
261627,drinks
280086,drinks
280097,drinks
301721,drinks
303556,drinks
304752,drinks
304763,drinks
324385,drinks
325730,drinks
335199,drinks
340246,drinks
341770,drinks
341792,drinks
341806,drinks
344076,drinks
344575,drinks
344597,drinks
384354,drinks
384365,drinks
384376,drinks
397447,drinks
401657,drinks
403029,drinks
408871,drinks
418503,drinks
419211,drinks
438894,drinks
443770,drinks
455849,drinks
468319,drinks
489454,drinks
490012,drinks
494807,drinks
496507,drinks
1011975,drinks
1012275,drinks
1013915,drinks
1013948,drinks
1018067,drinks
1018577,drinks
1022600,drinks
1022938,drinks
1022949,drinks
1022960,drinks
1022993,drinks
1024172,drinks
1024285,drinks
1032159,drinks
1032239,drinks
1032319,drinks
1032578,drinks
1032738,drinks
1032793,drinks
1032807,drinks
1032829,drinks
1032830,drinks
1035339,drinks
1038483,drinks
1038494,drinks
1040500,drinks
1040690,drinks
1049231,drinks
1049297,drinks
1049300,drinks
1049311,drinks
1049388,drinks
1049399,drinks
1049402,drinks
1049413,drinks
1049424,drinks
1049435,drinks
1049457,drinks
1049468,drinks
1049479,drinks
1049490,drinks
1049504,drinks
1049526,drinks
1049548,drinks
1050605,drinks
1050616,drinks
1050627,drinks
1050638,drinks
1050650,drinks
1051641,drinks
1051652,drinks
1051685,drinks
1051776,drinks
1051969,drinks
1051970,drinks
1051980,drinks
1051991,drinks
1054650,drinks
1056168,drinks
1056226,drinks
1056554,drinks
1056576,drinks
1056587,drinks
1056598,drinks
1057036,drinks
1057069,drinks
1063185,drinks
1074691,drinks
1075162,drinks
1077328,drinks
1077339,drinks
1077340,drinks
1079549,drinks
1142011,drinks
1142022,drinks
1151012,drinks
1154688,drinks
1154699,drinks
1155830,drinks
1156650,drinks
1158827,drinks
1158882,drinks
1158929,drinks
1158930,drinks
1158973,drinks
1158984,drinks
1159003,drinks
1163055,drinks
1164455,drinks
1164546,drinks
1164568,drinks
1164900,drinks
1165298,drinks
1165301,drinks
1165356,drinks
1165378,drinks
1165425,drinks
1165436,drinks
1166075,drinks
1167362,drinks
1167599,drinks
1167602,drinks
1167748,drinks
1169528,drinks
1170470,drinks
1170480,drinks
1181206,drinks
1181261,drinks
1199664,drinks
1199675,drinks
1199686,drinks
1199697,drinks
1199846,drinks
1199879,drinks
1199880,drinks
1199890,drinks
1199904,drinks
1199926,drinks
1199948,drinks
1199960,drinks
1251527,drinks
1256145,drinks
1260754,drinks
1262240,drinks
1262363,drinks
1296376,drinks
1297030,drinks
1297051,drinks
1297062,drinks
1297073,drinks
1298065,drinks
1298860,drinks
1299454,drinks
1304940,drinks
1308012,drinks
1309547,drinks
1309875,drinks
1310309,drinks
1310310,drinks
1310364,drinks
1310386,drinks
1310422,drinks
1324890,drinks
1324926,drinks
1324937,drinks
1327764,drinks
1327797,drinks
1327800,drinks
1327811,drinks
1328202,drinks
1328246,drinks
1328290,drinks
1329792,drinks
1330816,drinks
1333428,drinks
1333461,drinks
1333552,drinks
1333745,drinks
1333789,drinks
1333891,drinks
1333949,drinks
1333960,drinks
1334090,drinks
1334420,drinks
1334599,drinks
1334759,drinks
1334920,drinks
1335059,drinks
1336197,drinks
1337000,drinks
1338330,drinks
1385830,drinks
1386118,drinks
1412954,drinks
1415500,drinks
1417368,drinks
1418167,drinks
1418178,drinks
1419320,drinks
1419363,drinks
1419410,drinks
1423101,drinks
1492374,drinks
1492443,drinks
1492454,drinks
1499577,drinks
1499602,drinks
1499668,drinks
1506333,drinks
1508328,drinks
1508339,drinks
1513077,drinks
1600728,drinks
1600739,drinks
1640992,drinks
1641011,drinks
1641168,drinks
1641317,drinks
1641361,drinks
1641372,drinks
1650704,drinks
1682653,drinks
1682890,drinks
1682970,drinks
1683022,drinks
1683033,drinks
1683044,drinks
1684954,drinks
1688730,drinks
1713826,drinks
1713928,drinks
1713939,drinks
1718681,drinks
1718728,drinks
1718739,drinks
1718740,drinks
1718772,drinks
1718794,drinks
1718921,drinks
1718965,drinks
1725993,drinks
1726001,drinks
1726012,drinks
1726023,drinks
1726034,drinks
1726045,drinks
1726056,drinks
1748478,drinks
1748489,drinks
1753263,drinks
1754947,drinks
1754969,drinks
1754970,drinks
1759306,drinks
1760101,drinks
1768668,drinks
1768679,drinks
1774194,drinks
1774208,drinks
1789453,drinks
1789500,drinks
1789511,drinks
1789748,drinks
1789850,drinks
1789894,drinks
1789930,drinks
1789941,drinks
1789985,drinks
1789996,drinks
1790000,drinks
1790011,drinks
1790022,drinks
1790044,drinks
1790066,drinks
1790077,drinks
1794205,drinks
1794249,drinks
1797724,drinks
1798170,drinks
1798181,drinks
1798192,drinks
1798206,drinks
1799763,drinks
1800294,drinks
1800308,drinks
1800319,drinks
1800320,drinks
1800330,drinks
1800341,drinks
1800374,drinks
1800410,drinks
1800523,drinks
1800534,drinks
1800545,drinks
1800556,drinks
1800567,drinks
1800603,drinks
1800647,drinks
1800658,drinks
1800669,drinks
1800680,drinks
1800705,drinks
1800716,drinks
1800749,drinks
1800750,drinks
1800830,drinks
1800862,drinks
1801978,drinks
1802019,drinks
1809890,drinks
1809925,drinks
1809936,drinks
1809947,drinks
1809958,drinks
1809969,drinks
1809970,drinks
1809980,drinks
1809991,drinks
1810006,drinks
1810017,drinks
1810607,drinks
1811701,drinks
1811745,drinks
1811756,drinks
1814743,drinks
1814765,drinks
1814812,drinks
1815065,drinks
1818631,drinks
1825885,drinks
1828410,drinks
1832905,drinks
1832916,drinks
1834059,drinks
1837079,drinks
1837294,drinks
1845703,drinks
1845725,drinks
1848723,drinks
1849271,drinks
1849293,drinks
1849307,drinks
1849318,drinks
1849329,drinks
1849330,drinks
1850656,drinks
1850667,drinks
1852210,drinks
1856991,drinks
1857054,drinks
1863910,drinks
1863920,drinks
1863931,drinks
1863942,drinks
1863953,drinks
1864581,drinks
1864592,drinks
1864606,drinks
1864898,drinks
1864934,drinks
1864967,drinks
1866011,drinks
1866022,drinks
1869723,drinks
1881730,drinks
1882506,drinks
1882732,drinks
1884294,drinks
1887634,drinks
1897445,drinks
1944192,drinks
1948466,drinks
1987118,drinks
1990167,drinks
1990178,drinks
1998410,drinks
2002095,drinks
2002732,drinks
2006121,drinks
2006132,drinks
2007099,drinks
2034105,drinks
2034127,drinks
2034138,drinks
2034149,drinks
2038955,drinks
2044539,drinks
2044540,drinks
2044550,drinks
2044561,drinks
2044583,drinks
2047071,drinks
2047130,drinks
2047140,drinks
2047151,drinks
2048358,drinks
2067115,drinks
2107515,drinks
2107901,drinks
2108096,drinks
2117224,drinks
2125460,drinks
2140918,drinks
2236041,drinks
2236788,drinks
2237190,drinks
2244491,drinks
2245563,drinks
2262336,drinks
2262438,drinks
2268810,drinks
2269175,drinks
2279893,drinks
2374216,drinks
2380219,drinks
2384526,drinks
2412632,drinks
2412654,drinks
2412734,drinks
2445551,drinks
2469480,drinks
2471325,drinks
2478867,drinks
2480632,drinks
2481238,drinks
2481250,drinks
2481271,drinks
2481282,drinks
2481293,drinks
2481307,drinks
2484928,drinks
2506339,drinks
2521026,drinks
2528320,drinks
2528342,drinks
2531529,drinks
2531530,drinks
2531551,drinks
2531562,drinks
2531584,drinks
2531992,drinks
2535563,drinks
2535574,drinks
2535596,drinks
2535600,drinks
2535643,drinks
2535654,drinks
2537536,drinks
2577279,drinks
2586768,drinks
2601329,drinks
2601566,drinks
2663360,drinks
2684144,drinks
2684166,drinks
2684246,drinks
2686933,drinks
2688280,drinks
2690908,drinks
2690920,drinks
2746649,drinks
2746820,drinks
2746966,drinks
2765494,drinks
2778066,drinks
2784262,drinks
2784273,drinks
2785094,drinks
2785108,drinks
2787136,drinks
2787147,drinks
2802921,drinks
2803786,drinks
2807109,drinks
2807142,drinks
2807164,drinks
2819855,drinks
2867993,drinks
2868012,drinks
2868023,drinks
2868034,drinks
2887469,drinks
2913525,drinks
2918165,drinks
2918303,drinks
2918325,drinks
2925830,drinks
2951047,drinks
2951058,drinks
2951069,drinks
2951091,drinks
2959286,drinks
2993706,drinks
2993728,drinks
2993739,drinks
2993740,drinks
2993761,drinks
2999418,drinks
3014001,drinks
3014770,drinks
3014781,drinks
3014792,drinks
3014806,drinks
3014817,drinks
3014828,drinks
3014839,drinks
3014840,drinks
3014850,drinks
3014930,drinks
3014952,drinks
3014974,drinks
3019027,drinks
3019140,drinks
3019210,drinks
3029790,drinks
3038928,drinks
3038939,drinks
3038994,drinks
3047758,drinks
3047769,drinks
3047780,drinks
3048681,drinks
3048772,drinks
3048794,drinks
3049447,drinks
3049618,drinks
3050071,drinks
3050082,drinks
3050107,drinks
3050118,drinks
3058313,drinks
3062365,drinks
3079186,drinks
3079200,drinks
3081268,drinks
3081315,drinks
3118313,drinks
3160150,drinks
3160171,drinks
3175260,drinks
3179657,drinks
3179680,drinks
3180441,drinks
3180474,drinks
3180521,drinks
3183097,drinks
3183847,drinks
3183880,drinks
3192495,drinks
3193217,drinks
3193396,drinks
3193421,drinks
3208074,drinks
3208165,drinks
3208198,drinks
3208201,drinks
3208290,drinks
3208347,drinks
3208358,drinks
3208631,drinks
3208722,drinks
3209077,drinks
3210000,drinks
3224886,drinks
3232465,drinks
3232476,drinks
3243541,drinks
3243563,drinks
3247291,drinks
3247510,drinks
3247520,drinks
3247542,drinks
3248647,drinks
3248760,drinks
3248771,drinks
3248793,drinks
3248807,drinks
3263695,drinks
3270180,drinks
3270216,drinks
3270249,drinks
3271060,drinks
3271139,drinks
3275424,drinks
3277055,drinks
3277452,drinks
3277521,drinks
3277667,drinks
3277678,drinks
3287503,drinks
3290712,drinks
3290778,drinks
3290825,drinks
3290836,drinks
3299568,drinks
3320391,drinks
3324177,drinks
3342044,drinks
3342055,drinks
3346078,drinks
3346089,drinks
3354509,drinks
3393850,drinks
3407682,drinks
3411894,drinks
3412376,drinks
3412864,drinks
3416559,drinks
3416606,drinks
3422518,drinks
3446800,drinks
3446811,drinks
3448271,drinks
3450331,drinks
3452610,drinks
3465703,drinks
3478807,drinks
3486204,drinks
3488980,drinks
3492670,drinks
3492954,drinks
3496423,drinks
3498509,drinks
3499705,drinks
3501793,drinks
3506265,drinks
3511378,drinks
3512654,drinks
3512825,drinks
3513464,drinks
3516054,drinks
3516065,drinks
3516338,drinks
3517705,drinks
3520277,drinks
3528676,drinks
3528712,drinks
3529486,drinks
3530317,drinks
3530827,drinks
3531794,drinks
3532797,drinks
3533858,drinks
3536674,drinks
3536798,drinks
3536801,drinks
3536812,drinks
3585556,drinks
3585567,drinks
3592530,drinks
3592551,drinks
3592562,drinks
3613050,drinks
3613061,drinks
3613072,drinks
3613083,drinks
3616321,drinks
3616387,drinks
3616401,drinks
3626405,drinks
3626416,drinks
3630672,drinks
3631904,drinks
3638958,drinks
3640687,drinks
3648521,drinks
3652008,drinks
3696535,drinks
3703754,drinks
3704000,drinks
3704087,drinks
3707020,drinks
3707052,drinks
3708441,drinks
3708645,drinks
3708667,drinks
3708780,drinks
3708930,drinks
3709422,drinks
3712391,drinks
3724324,drinks
3724390,drinks
3732060,drinks
3733358,drinks
3733369,drinks
3734827,drinks
3738410,drinks
3738420,drinks
3738431,drinks
3738920,drinks
3738930,drinks
3745324,drinks
3745415,drinks
3752534,drinks
3752578,drinks
3752589,drinks
3752590,drinks
3752738,drinks
3752782,drinks
3753719,drinks
3755340,drinks
3755350,drinks
3755361,drinks
3755383,drinks
3756502,drinks
3756513,drinks
3756557,drinks
3762673,drinks
3762710,drinks
3772961,drinks
3782932,drinks
3787608,drinks
3787619,drinks
3790635,drinks
3793509,drinks
3793510,drinks
3807953,drinks
3813639,drinks
3813785,drinks
3815747,drinks
3831492,drinks
3831517,drinks
3836306,drinks
3836340,drinks
3844246,drinks
3844359,drinks
3847914,drinks
3850602,drinks
3854396,drinks
3864550,drinks
3864582,drinks
3871475,drinks
3890629,drinks
3890630,drinks
3890640,drinks
3891177,drinks
3893489,drinks
3896931,drinks
3900642,drinks
3900733,drinks
3905227,drinks
3905307,drinks
3907335,drinks
3913156,drinks
3914851,drinks
3914920,drinks
3927117,drinks
3928561,drinks
3928630,drinks
3928663,drinks
3933175,drinks
3935567,drinks
3935578,drinks
3935625,drinks
3935829,drinks
3951348,drinks
3951359,drinks
3951803,drinks
3951825,drinks
3956170,drinks
3956636,drinks
3957821,drinks
3957843,drinks
3960713,drinks
3960746,drinks
3960757,drinks
3961250,drinks
3961308,drinks
3962956,drinks
3982636,drinks
3984041,drinks
3984096,drinks
3984100,drinks
3984110,drinks
3984314,drinks
3984336,drinks
3984347,drinks
3984369,drinks
3984380,drinks
3984562,drinks
3984584,drinks
3984595,drinks
3984609,drinks
3984610,drinks
3984631,drinks
3984653,drinks
3984664,drinks
3984675,drinks
3984686,drinks
3984697,drinks
3984700,drinks
3984711,drinks
3984722,drinks
3984733,drinks
3984744,drinks
3984755,drinks
3984766,drinks
3984777,drinks
3984799,drinks
3984802,drinks
3984813,drinks
3984824,drinks
3984835,drinks
3984857,drinks
3984890,drinks
3986466,drinks
3986659,drinks
3986728,drinks
3987618,drinks
3987695,drinks
3987935,drinks
3987946,drinks
3988508,drinks
3988621,drinks
3988632,drinks
3989533,drinks
3989555,drinks
3989668,drinks
3989974,drinks
3989996,drinks
3995999,drinks
4144578,drinks
4151948,drinks
4151959,drinks
4151970,drinks
4156861,drinks
4156883,drinks
4158743,drinks
4158958,drinks
4158969,drinks
4159112,drinks
4165498,drinks
4165501,drinks
4204035,drinks
4204352,drinks
4204487,drinks
4268990,drinks
4292768,drinks
4293035,drinks
4299676,drinks
4299698,drinks
4299916,drinks
4299950,drinks
4309124,drinks
4311363,drinks
4311385,drinks
4311829,drinks
4311997,drinks
4313722,drinks
4352112,drinks
4382827,drinks
4382838,drinks
4382849,drinks
4395578,drinks
4395851,drinks
4397904,drinks
4397960,drinks
4398689,drinks
4398690,drinks
4398703,drinks
4398714,drinks
4398725,drinks
4398736,drinks
4398747,drinks
4398758,drinks
4402516,drinks
4405387,drinks
4405536,drinks
4405558,drinks
4405569,drinks
4405570,drinks
4405591,drinks
4405638,drinks
4405649,drinks
4405693,drinks
4406095,drinks
4406142,drinks
4412622,drinks
4420370,drinks
4444323,drinks
4451680,drinks
4451690,drinks
4454983,drinks
4455603,drinks
4456038,drinks
4461854,drinks
4462846,drinks
4464659,drinks
4465378,drinks
4465651,drinks
4469641,drinks
4471440,drinks
4471450,drinks
4474390,drinks
4476727,drinks
4477752,drinks
4477763,drinks
4487359,drinks
4488599,drinks
4491550,drinks
4499631,drinks
4500956,drinks
4513110,drinks
4561203,drinks
4586598,drinks
4651408,drinks
4661569,drinks
4661580,drinks
4661649,drinks
4662186,drinks
4677172,drinks
4678029,drinks
4678109,drinks
4692937,drinks
4705573,drinks
4737365,drinks
4737401,drinks
4737434,drinks
4742015,drinks
4745997,drinks
4753383,drinks
4753587,drinks
4754251,drinks
4754375,drinks
4754648,drinks
4760120,drinks
4760130,drinks
4782100,drinks
4788468,drinks
4791214,drinks
4791225,drinks
4801136,drinks
4801850,drinks
4807325,drinks
4807336,drinks
4807347,drinks
4819368,drinks
4823445,drinks
4823693,drinks
4824030,drinks
4824109,drinks
4824255,drinks
4824379,drinks
4824390,drinks
4824404,drinks
4824415,drinks
4824856,drinks
4845594,drinks
4845619,drinks
4845620,drinks
4845663,drinks
4849493,drinks
4864410,drinks
4866812,drinks
4868206,drinks
4869333,drinks
4873250,drinks
4874479,drinks
4874490,drinks
4874504,drinks
4875096,drinks
4926663,drinks
4926674,drinks
4934796,drinks
4942488,drinks
4950442,drinks
4950759,drinks
4950894,drinks
4963397,drinks
4965712,drinks
4971759,drinks
4971770,drinks
4971806,drinks
4976956,drinks
4978690,drinks
4984568,drinks
4984590,drinks
4985593,drinks
4986133,drinks
4986268,drinks
4991202,drinks
4995510,drinks
5001248,drinks
5001281,drinks
5008076,drinks
5009523,drinks
5009545,drinks
5011740,drinks
5018863,drinks
5018874,drinks
5020242,drinks
5020796,drinks
5020810,drinks
5020887,drinks
5037234,drinks
5046009,drinks
5050957,drinks
5051177,drinks
5051734,drinks
5056024,drinks
5059237,drinks
5060746,drinks
5060790,drinks
5088392,drinks
5089883,drinks
5098986,drinks
5116476,drinks
5127235,drinks
5127246,drinks
5129875,drinks
5129900,drinks
5130626,drinks
5161084,drinks
5161550,drinks
5161561,drinks
5161572,drinks
5171317,drinks
5171521,drinks
5171601,drinks
5172433,drinks
5179137,drinks
5179148,drinks
5179159,drinks
5179160,drinks
5179181,drinks
5179283,drinks
5180329,drinks
5180340,drinks
5180362,drinks
5180486,drinks
5180497,drinks
5180522,drinks
5192827,drinks
5192838,drinks
5194822,drinks
5197911,drinks
5197944,drinks
5208836,drinks
5225460,drinks
5231292,drinks
5231306,drinks
5235227,drinks
5235238,drinks
5235260,drinks
5235329,drinks
5284754,drinks
5291308,drinks
5318947,drinks
5318969,drinks
5325873,drinks
5334660,drinks
5357053,drinks
5359638,drinks
5360626,drinks
5393090,drinks
5393104,drinks
5399075,drinks
5399086,drinks
5399155,drinks
5399166,drinks
5399188,drinks
5419194,drinks
5436896,drinks
5436900,drinks
5441783,drinks
5441863,drinks
5457740,drinks
5457750,drinks
5468407,drinks
5468440,drinks
5468870,drinks
5468917,drinks
5483932,drinks
5483943,drinks
5484593,drinks
5486362,drinks
5487445,drinks
5487456,drinks
5487536,drinks
5487547,drinks
5487558,drinks
5490745,drinks
5491817,drinks
5492310,drinks
5545701,drinks
5553710,drinks
5556286,drinks
5556300,drinks
5563612,drinks
5570436,drinks
5578165,drinks
5578314,drinks
5579000,drinks
5579102,drinks
5582537,drinks
5589037,drinks
5591130,drinks
5591141,drinks
5594671,drinks
5595856,drinks
5603820,drinks
5603841,drinks
5615501,drinks
5622960,drinks
5623601,drinks
5623623,drinks
5624659,drinks
5625254,drinks
5626326,drinks
5626654,drinks
5626676,drinks
5638449,drinks
5643879,drinks
5643904,drinks
5658661,drinks
5694097,drinks
5710783,drinks
5738160,drinks
5786082,drinks
5786093,drinks
5788496,drinks
5798296,drinks
5823291,drinks
5884194,drinks
5884220,drinks
5892498,drinks
5896852,drinks
5972291,drinks
5972917,drinks
5973625,drinks
5975020,drinks
5984520,drinks
5984870,drinks
5991525,drinks
5992652,drinks
5994046,drinks
6007727,drinks
6010674,drinks
6010685,drinks
6037761,drinks
6059243,drinks
6103549,drinks
6104789,drinks
6111376,drinks
6157082,drinks
6168205,drinks
6168602,drinks
6169627,drinks
6187276,drinks
6190215,drinks
6190260,drinks
6190281,drinks
6196620,drinks
6200046,drinks
6205946,drinks
6205980,drinks
6210163,drinks
6210174,drinks
6210185,drinks
6248519,drinks
6253712,drinks
6253950,drinks
6264515,drinks
6266929,drinks
6274530,drinks
6274541,drinks
6274552,drinks
6277776,drinks
6277801,drinks
6277812,drinks
6277834,drinks
6277856,drinks
6277878,drinks
6278520,drinks
6309409,drinks
6312855,drinks
6312877,drinks
6313166,drinks
6313188,drinks
6317065,drinks
6325336,drinks
6329687,drinks
6329698,drinks
6330788,drinks
6331113,drinks
6337674,drinks
6338826,drinks
6344294,drinks
6344308,drinks
6344487,drinks
6344920,drinks
6344942,drinks
6344953,drinks
6344964,drinks
6345050,drinks
6369740,drinks
6378161,drinks
6384164,drinks
6384969,drinks
6384980,drinks
6395229,drinks
6398410,drinks
6402743,drinks
6402754,drinks
6411595,drinks
6413160,drinks
6413422,drinks
6414618,drinks
6415064,drinks
6415600,drinks
6421362,drinks
6421497,drinks
6421566,drinks
6421646,drinks
6437475,drinks
6476660,drinks
6481794,drinks
6495391,drinks
6501075,drinks
6501188,drinks
6501290,drinks
6501304,drinks
6501315,drinks
6502566,drinks
6506589,drinks
6526906,drinks
6596377,drinks
6670050,drinks
6670094,drinks
6684146,drinks
6706012,drinks
6764653,drinks
6772298,drinks
6811221,drinks
6811254,drinks
6816666,drinks
6818989,drinks
6823898,drinks
6835015,drinks
6840762,drinks
6851099,drinks
6875280,drinks
6875359,drinks
6875370,drinks
6907295,drinks
6909461,drinks
6910391,drinks
6914188,drinks
6934039,drinks
6935042,drinks
6963503,drinks
6999781,drinks
7009375,drinks
7014331,drinks
7014535,drinks
7014590,drinks
7016075,drinks
7016097,drinks
7016100,drinks
7016417,drinks
7016494,drinks
7016520,drinks
7016541,drinks
7016610,drinks
7016654,drinks
7016676,drinks
7017395,drinks
7017781,drinks
7018354,drinks
7021348,drinks
7032628,drinks
7035874,drinks
7035900,drinks
7070263,drinks
7070300,drinks
7074311,drinks
7081055,drinks
7081180,drinks
7083061,drinks
7089851,drinks
7125660,drinks
7127440,drinks
7136441,drinks
7144767,drinks
7144778,drinks
7162000,drinks
7162226,drinks
7162260,drinks
7164323,drinks
7199055,drinks
7239433,drinks
7255622,drinks
7258551,drinks
7266367,drinks
7272982,drinks
7272993,drinks
7273023,drinks
7292254,drinks
7305345,drinks
7306224,drinks
7323100,drinks
7323198,drinks
7340801,drinks
7342002,drinks
7342057,drinks
7351885,drinks
7351932,drinks
7351954,drinks
7351965,drinks
7351976,drinks
7351987,drinks
7364650,drinks
7364661,drinks
7364672,drinks
7365777,drinks
7365904,drinks
7366022,drinks
7374520,drinks
7374858,drinks
7377110,drinks
7388750,drinks
7393433,drinks
7397638,drinks
7429723,drinks
7452645,drinks
7452656,drinks
7479324,drinks
7479335,drinks
7479357,drinks
7483398,drinks
7488100,drinks
7488653,drinks
7490178,drinks
7490189,drinks
7493518,drinks
7497814,drinks
7506620,drinks
7611636,drinks
7647305,drinks
7647327,drinks
7647688,drinks
7656656,drinks
7667244,drinks
7667368,drinks
7670114,drinks
7671220,drinks
7671230,drinks
7682441,drinks
7682463,drinks
7682474,drinks
7696388,drinks
7705730,drinks
7714151,drinks
7714322,drinks
7714344,drinks
7717105,drinks
7717116,drinks
7717127,drinks
7738444,drinks
7752060,drinks
7752194,drinks
7757085,drinks
7757110,drinks
7796225,drinks
7814495,drinks
7829200,drinks
7829222,drinks
7829244,drinks
7837388,drinks
7837399,drinks
7837402,drinks
7837413,drinks
7863854,drinks
7867549,drinks
7868213,drinks
7878294,drinks
7895759,drinks
7895817,drinks
7906196,drinks
7906946,drinks
7910342,drinks
7910535,drinks
7910590,drinks
7910660,drinks
7910670,drinks
7921575,drinks
7945223,drinks
7998503,drinks
8009202,drinks
8009246,drinks
8009337,drinks
8009450,drinks
8011532,drinks
8011598,drinks
8018236,drinks
8020680,drinks
8048033,drinks
8049207,drinks
8049604,drinks
8049750,drinks
8050829,drinks
8055549,drinks
8055640,drinks
8055673,drinks
8055822,drinks
8056202,drinks
8057282,drinks
8057330,drinks
8057340,drinks
8058208,drinks
8058569,drinks
8059517,drinks
8059539,drinks
8059608,drinks
8059630,drinks
8059652,drinks
8059754,drinks
8059776,drinks
8059787,drinks
8059798,drinks
8059991,drinks
8060039,drinks
8066910,drinks
8067480,drinks
8067537,drinks
8067548,drinks
8067560,drinks
8067570,drinks
8067581,drinks
8067650,drinks
8067785,drinks
8067967,drinks
8068835,drinks
8068846,drinks
8069441,drinks
8070666,drinks
8070699,drinks
8070917,drinks
8071068,drinks
8071294,drinks
8071320,drinks
8071341,drinks
8071374,drinks
8071421,drinks
8071782,drinks
8074408,drinks
8076378,drinks
8076640,drinks
8076673,drinks
8076731,drinks
8076775,drinks
8077439,drinks
8078169,drinks
8078395,drinks
8078475,drinks
8079795,drinks
8087691,drinks
8093399,drinks
8097061,drinks
8102423,drinks
8116053,drinks
8117238,drinks
8121712,drinks
8129113,drinks
8147115,drinks
8147137,drinks
8147374,drinks
8153130,drinks
8153322,drinks
8153344,drinks
8170296,drinks
8170300,drinks
8190089,drinks
8190158,drinks
8221794,drinks
8228669,drinks
8229231,drinks
8410607,drinks
8411676,drinks
8411698,drinks
8413773,drinks
8413795,drinks
8413809,drinks
8413810,drinks
8413955,drinks
8413966,drinks
8413977,drinks
8413988,drinks
8414007,drinks
8414539,drinks
8419554,drinks
8419565,drinks
8456958,drinks
8464796,drinks
8464800,drinks
8464810,drinks
8475919,drinks
8475920,drinks
8492033,drinks
8492689,drinks
8523873,drinks
8539046,drinks
8556840,drinks
8557208,drinks
8557241,drinks
8566333,drinks
8566424,drinks
8579550,drinks
8583220,drinks
8583230,drinks
8585655,drinks
8585688,drinks
8586385,drinks
8588664,drinks
8588686,drinks
8588700,drinks
8589077,drinks
8592956,drinks
8593020,drinks
8639925,drinks
8644415,drinks
8644437,drinks
8648019,drinks
8649077,drinks
8654973,drinks
8656040,drinks
8685274,drinks
8685682,drinks
8686572,drinks
8687214,drinks
8687553,drinks
8690219,drinks
8690354,drinks
8690503,drinks
8691550,drinks
8691594,drinks
8691619,drinks
8691652,drinks
8729530,drinks
8729551,drinks
8729562,drinks
8729937,drinks
8737163,drinks
8737185,drinks
8738439,drinks
8738520,drinks
8738530,drinks
8738552,drinks
8757058,drinks
8757069,drinks
8769487,drinks
8769556,drinks
8769614,drinks
8771820,drinks
8771842,drinks
8771853,drinks
8772700,drinks
8773043,drinks
8797573,drinks
8818094,drinks
8830566,drinks
8836835,drinks
8836879,drinks
8848798,drinks
8877311,drinks
8882854,drinks
8883620,drinks
8883631,drinks
8891378,drinks
8893963,drinks
8909189,drinks
8909269,drinks
8909371,drinks
8909393,drinks
8913696,drinks
8914688,drinks
8914939,drinks
8915035,drinks
8922540,drinks
8928503,drinks
8930039,drinks
8930323,drinks
8938697,drinks
8940280,drinks
8940371,drinks
8940382,drinks
8959948,drinks
8966590,drinks
8967050,drinks
8973472,drinks
9001942,drinks
9028100,drinks
9032378,drinks
9033406,drinks
9033654,drinks
9033756,drinks
9039887,drinks
9043363,drinks
9050609,drinks
9050610,drinks
9050642,drinks
9051973,drinks
9089036,drinks
9097249,drinks
9107681,drinks
9124920,drinks
9125050,drinks
9125082,drinks
9125209,drinks
9161122,drinks
9180375,drinks
9184897,drinks
9241480,drinks
9269093,drinks
9269424,drinks
9269479,drinks
9269490,drinks
9278276,drinks
9349068,drinks
9391600,drinks
9446315,drinks
9446337,drinks
9456002,drinks
9485565,drinks
9505006,drinks
9505152,drinks
9505163,drinks
9553971,drinks
9567400,drinks
9577540,drinks
9589458,drinks
9615900,drinks
9671628,drinks
9693802,drinks
9693915,drinks
9693948,drinks
9723958,drinks
9793057,drinks
9811997,drinks
9826123,drinks
9826214,drinks
9878386,drinks
9880526,drinks
9880694,drinks
9886410,drinks
9886657,drinks
9896060,drinks
9928338,drinks
9928848,drinks
9928859,drinks
9946384,drinks
9946395,drinks
9957631,drinks
9961424,drinks
9965141,drinks
9972158,drinks
9978664,drinks
9980906,drinks
9980950,drinks
9980961,drinks
9980983,drinks
9980994,drinks
9981024,drinks
9985466,drinks
9987734,drinks
9987745,drinks
9989671,drinks
9989955,drinks
9991436,drinks
9991549,drinks
9991593,drinks
9992767,drinks
9993792,drinks
9994230,drinks
52128,frozen
80804,frozen
84430,frozen
84452,frozen
91710,frozen
105701,frozen
116989,frozen
125345,frozen
128183,frozen
167902,frozen
181572,frozen
182790,frozen
186383,frozen
186576,frozen
186587,frozen
186918,frozen
187477,frozen
187546,frozen
193844,frozen
197732,frozen
198393,frozen
207938,frozen
207971,frozen
208205,frozen
208216,frozen
239785,frozen
251124,frozen
268900,frozen
292937,frozen
293565,frozen
295764,frozen
315690,frozen
338856,frozen
356950,frozen
372606,frozen
399067,frozen
403765,frozen
412799,frozen
412802,frozen
413179,frozen
424674,frozen
424685,frozen
428154,frozen
450550,frozen
459125,frozen
476022,frozen
1007683,frozen
1010746,frozen
1024183,frozen
1025018,frozen
1032830,frozen
1038348,frozen
1038428,frozen
1038439,frozen
1038483,frozen
1044624,frozen
1044635,frozen
1045354,frozen
1045820,frozen
1050423,frozen
1050456,frozen
1054639,frozen
1054763,frozen
1054785,frozen
1054796,frozen
1054800,frozen
1054810,frozen
1054821,frozen
1054832,frozen
1054898,frozen
1054923,frozen
1055052,frozen
1056306,frozen
1057025,frozen
1057047,frozen
1057058,frozen
1061055,frozen
1061066,frozen
1062003,frozen
1062025,frozen
1062091,frozen
1062171,frozen
1062182,frozen
1062193,frozen
1062218,frozen
1062229,frozen
1062230,frozen
1063006,frozen
1063028,frozen
1063039,frozen
1068917,frozen
1088696,frozen
1088890,frozen
1093721,frozen
1097008,frozen
1097020,frozen
1100088,frozen
1100124,frozen
1100146,frozen
1100306,frozen
1100408,frozen
1101590,frozen
1101819,frozen
1105569,frozen
1105570,frozen
1105638,frozen
1105682,frozen
1106029,frozen
1106030,frozen
1108068,frozen
1108080,frozen
1108727,frozen
1115030,frozen
1116022,frozen
1116044,frozen
1116102,frozen
1118061,frozen
1118072,frozen
1130249,frozen
1130250,frozen
1130260,frozen
1130271,frozen
1130282,frozen
1130293,frozen
1130307,frozen
1130806,frozen
1130840,frozen
1130883,frozen
1134669,frozen
1134851,frozen
1134873,frozen
1134910,frozen
1134931,frozen
1135027,frozen
1135592,frozen
1135708,frozen
1136857,frozen
1141518,frozen
1141529,frozen
1141540,frozen
1141551,frozen
1141595,frozen
1141610,frozen
1141620,frozen
1142011,frozen
1142022,frozen
1142510,frozen
1143896,frozen
1143900,frozen
1145280,frozen
1145348,frozen
1145359,frozen
1145360,frozen
1158372,frozen
1159003,frozen
1167872,frozen
1167894,frozen
1168886,frozen
1194490,frozen
1194503,frozen
1199970,frozen
1199981,frozen
1199992,frozen
1296977,frozen
1296999,frozen
1297007,frozen
1297018,frozen
1301170,frozen
1301192,frozen
1301206,frozen
1304770,frozen
1307359,frozen
1309060,frozen
1309831,frozen
1309886,frozen
1313760,frozen
1314795,frozen
1315572,frozen
1315674,frozen
1315765,frozen
1315776,frozen
1316247,frozen
1317501,frozen
1317512,frozen
1326036,frozen
1329861,frozen
1331080,frozen
1331535,frozen
1331580,frozen
1336856,frozen
1336867,frozen
1338523,frozen
1338545,frozen
1338567,frozen
1338589,frozen
1338603,frozen
1338614,frozen
1338636,frozen
1338647,frozen
1338658,frozen
1338680,frozen
1338691,frozen
1338705,frozen
1338727,frozen
1338738,frozen
1363495,frozen
1363509,frozen
1363510,frozen
1363520,frozen
1363531,frozen
1363542,frozen
1363553,frozen
1363564,frozen
1363575,frozen
1363586,frozen
1363597,frozen
1363600,frozen
1363611,frozen
1363622,frozen
1363939,frozen
1366744,frozen
1366755,frozen
1385170,frozen
1385181,frozen
1385192,frozen
1385206,frozen
1385217,frozen
1385294,frozen
1385396,frozen
1385400,frozen
1385807,frozen
1385830,frozen
1385953,frozen
1385975,frozen
1386300,frozen
1386720,frozen
1386741,frozen
1386752,frozen
1388951,frozen
1402713,frozen
1402972,frozen
1402983,frozen
1402994,frozen
1403035,frozen
1404708,frozen
1408538,frozen
1408560,frozen
1408571,frozen
1408607,frozen
1420431,frozen
1420442,frozen
1420464,frozen
1422700,frozen
1435199,frozen
1436023,frozen
1436078,frozen
1439510,frozen
1439597,frozen
1439699,frozen
1443506,frozen
1445658,frozen
1451694,frozen
1460731,frozen
1460968,frozen
1467195,frozen
1467210,frozen
1490572,frozen
1490608,frozen
1490958,frozen
1490969,frozen
1499941,frozen
1532297,frozen
1532300,frozen
1532311,frozen
1532355,frozen
1535105,frozen
1548719,frozen
1549370,frozen
1593542,frozen
1600706,frozen
1611178,frozen
1611633,frozen
1614110,frozen
1614132,frozen
1649750,frozen
1674123,frozen
1678420,frozen
1684740,frozen
1686440,frozen
1686450,frozen
1686461,frozen
1686756,frozen
1686847,frozen
1686858,frozen
1686869,frozen
1687067,frozen
1699690,frozen
1699780,frozen
1699827,frozen
1699850,frozen
1699860,frozen
1707583,frozen
1710839,frozen
1710840,frozen
1710861,frozen
1710941,frozen
1710952,frozen
1711026,frozen
1713316,frozen
1714986,frozen
1714997,frozen
1719888,frozen
1720005,frozen
1720016,frozen
1720027,frozen
1739353,frozen
1744411,frozen
1745389,frozen
1748707,frozen
1750538,frozen
1750709,frozen
1751031,frozen
1752191,frozen
1759317,frozen
1759328,frozen
1759339,frozen
1759340,frozen
1759350,frozen
1759372,frozen
1759383,frozen
1759714,frozen
1770900,frozen
1777148,frozen
1777228,frozen
1777261,frozen
1784915,frozen
1789908,frozen
1789919,frozen
1789920,frozen
1801592,frozen
1811406,frozen
1824882,frozen
1837374,frozen
1837680,frozen
1838956,frozen
1838989,frozen
1839019,frozen
1839041,frozen
1839493,frozen
1839530,frozen
1839540,frozen
1839937,frozen
1840110,frozen
1840186,frozen
1840255,frozen
1840346,frozen
1840470,frozen
1840572,frozen
1842727,frozen
1842749,frozen
1842750,frozen
1842760,frozen
1842851,frozen
1842975,frozen
1842986,frozen
1842997,frozen
1843027,frozen
1844573,frozen
1844595,frozen
1844609,frozen
1844620,frozen
1844642,frozen
1856437,frozen
1856460,frozen
1856470,frozen
1856936,frozen
1867830,frozen
1871011,frozen
1873108,frozen
1881842,frozen
1881922,frozen
1884090,frozen
1884104,frozen
1884115,frozen
1884137,frozen
1884148,frozen
1884159,frozen
1884160,frozen
1888310,frozen
1888320,frozen
1895406,frozen
1897751,frozen
1897762,frozen
1897853,frozen
1897886,frozen
1909588,frozen
1911568,frozen
1914078,frozen
1914136,frozen
1917768,frozen
1917780,frozen
1917804,frozen
1917826,frozen
1917837,frozen
1917848,frozen
1917859,frozen
1917870,frozen
1918046,frozen
1918079,frozen
1922735,frozen
1922768,frozen
1935351,frozen
1952011,frozen
1973099,frozen
1973102,frozen
1973113,frozen
1973281,frozen
2050553,frozen
2050564,frozen
2050575,frozen
2137800,frozen
2143224,frozen
2143235,frozen
2143360,frozen
2143406,frozen
2143417,frozen
2232528,frozen
2256650,frozen
2257620,frozen
2257799,frozen
2266246,frozen
2271348,frozen
2273478,frozen
2313244,frozen
2313335,frozen
2313346,frozen
2313357,frozen
2315250,frozen
2359573,frozen
2359802,frozen
2408293,frozen
2414671,frozen
2426138,frozen
2426251,frozen
2426262,frozen
2442167,frozen
2442247,frozen
2442735,frozen
2481930,frozen
2481952,frozen
2481963,frozen
2523586,frozen
2632162,frozen
2662196,frozen
2700580,frozen
2726798,frozen
2733104,frozen
2740041,frozen
2740052,frozen
2740085,frozen
2741011,frozen
2742025,frozen
2742364,frozen
2743254,frozen
2749975,frozen
2750034,frozen
2750056,frozen
2750089,frozen
2750930,frozen
2752674,frozen
2752685,frozen
2752700,frozen
2796625,frozen
2815151,frozen
2821915,frozen
2821960,frozen
2858165,frozen
2900636,frozen
2900669,frozen
2915280,frozen
2917720,frozen
2917752,frozen
2917785,frozen
2917821,frozen
2930310,frozen
2944154,frozen
2944165,frozen
2944176,frozen
2944846,frozen
2946262,frozen
2946310,frozen
2946659,frozen
2947822,frozen
2971179,frozen
2971180,frozen
2976172,frozen
2982357,frozen
2983837,frozen
2988003,frozen
3014318,frozen
3014329,frozen
3051074,frozen
3051154,frozen
3059928,frozen
3059972,frozen
3081315,frozen
3081825,frozen
3088427,frozen
3088438,frozen
3088450,frozen
3088493,frozen
3123459,frozen
3145972,frozen
3147027,frozen
3169766,frozen
3169959,frozen
3169960,frozen
3171510,frozen
3171553,frozen
3182629,frozen
3192553,frozen
3217950,frozen
3218169,frozen
3218180,frozen
3230710,frozen
3230903,frozen
3230914,frozen
3236976,frozen
3237855,frozen
3237877,frozen
3240226,frozen
3241262,frozen
3243439,frozen
3243585,frozen
3251233,frozen
3251368,frozen
3251437,frozen
3252804,frozen
3256510,frozen
3258662,frozen
3264010,frozen
3303406,frozen
3303417,frozen
3303440,frozen
3303508,frozen
3303519,frozen
3310139,frozen
3310140,frozen
3310161,frozen
3310183,frozen
3310194,frozen
3311029,frozen
3311492,frozen
3311506,frozen
3311517,frozen
3311903,frozen
3314162,frozen
3394682,frozen
3405734,frozen
3407300,frozen
3412478,frozen
3422675,frozen
3452610,frozen
3455448,frozen
3498702,frozen
3512541,frozen
3513351,frozen
3519755,frozen
3519802,frozen
3525441,frozen
3533938,frozen
3533949,frozen
3533993,frozen
3534001,frozen
3542553,frozen
3542564,frozen
3542713,frozen
3545256,frozen
3572930,frozen
3573047,frozen
3573070,frozen
3573116,frozen
3580111,frozen
3580122,frozen
3580166,frozen
3580177,frozen
3580188,frozen
3580199,frozen
3580202,frozen
3580213,frozen
3580246,frozen
3606157,frozen
3615613,frozen
3615635,frozen
3615668,frozen
3615748,frozen
3616445,frozen
3616478,frozen
3626370,frozen
3626755,frozen
3626766,frozen
3628014,frozen
3628058,frozen
3628364,frozen
3639098,frozen
3641090,frozen
3641125,frozen
3713328,frozen
3716508,frozen
3725338,frozen
3754380,frozen
3773079,frozen
3775110,frozen
3778083,frozen
3782364,frozen
3783491,frozen
3783549,frozen
3783571,frozen
3783618,frozen
3783629,frozen
3783630,frozen
3783673,frozen
3785635,frozen
3785759,frozen
3785781,frozen
3785792,frozen
3804343,frozen
3804740,frozen
3840595,frozen
3840610,frozen
3840631,frozen
3842003,frozen
3842681,frozen
3848586,frozen
3850635,frozen
3850690,frozen
3855592,frozen
3855763,frozen
3855912,frozen
3855990,frozen
3866511,frozen
3866522,frozen
3866533,frozen
3866635,frozen
3866646,frozen
3866657,frozen
3866668,frozen
3866679,frozen
3866894,frozen
3867183,frozen
3868732,frozen
3868765,frozen
3868776,frozen
3868798,frozen
3869644,frozen
3877733,frozen
3880487,frozen
3880512,frozen
3880578,frozen
3880603,frozen
3896330,frozen
3896931,frozen
3907608,frozen
3907620,frozen
3908054,frozen
3908495,frozen
3908917,frozen
3916675,frozen
3916744,frozen
3916802,frozen
3918976,frozen
3919039,frozen
3919094,frozen
3928754,frozen
3944058,frozen
3944342,frozen
3944364,frozen
3947351,frozen
3948172,frozen
3948252,frozen
3948285,frozen
3956421,frozen
3956705,frozen
3975696,frozen
3977410,frozen
3980743,frozen
3980754,frozen
3984438,frozen
3984460,frozen
3984482,frozen
3984507,frozen
3987844,frozen
3988654,frozen
3988676,frozen
3988687,frozen
3988712,frozen
3989872,frozen
3989919,frozen
3989952,frozen
4192537,frozen
4192606,frozen
4204002,frozen
4204341,frozen
4227336,frozen
4227347,frozen
4227358,frozen
4233248,frozen
4233259,frozen
4284759,frozen
4285172,frozen
4285194,frozen
4314871,frozen
4314962,frozen
4314973,frozen
4314995,frozen
4315014,frozen
4315546,frozen
4315557,frozen
4317199,frozen
4317224,frozen
4320604,frozen
4327320,frozen
4327341,frozen
4327352,frozen
4327363,frozen
4333720,frozen
4344963,frozen
4362160,frozen
4362240,frozen
4406007,frozen
4406608,frozen
4406663,frozen
4406674,frozen
4406685,frozen
4408159,frozen
4408308,frozen
4408330,frozen
4408385,frozen
4418684,frozen
4418957,frozen
4455115,frozen
4455556,frozen
4457187,frozen
4457201,frozen
4462755,frozen
4464138,frozen
4469164,frozen
4469255,frozen
4472442,frozen
4472453,frozen
4477377,frozen
4477581,frozen
4484984,frozen
4494026,frozen
4494070,frozen
4497771,frozen
4505337,frozen
4506114,frozen
4506147,frozen
4506169,frozen
4506690,frozen
4506715,frozen
4506759,frozen
4506792,frozen
4506806,frozen
4525844,frozen
4541272,frozen
4545717,frozen
4654280,frozen
4655475,frozen
4660373,frozen
4675520,frozen
4675530,frozen
4678029,frozen
4683889,frozen
4684225,frozen
4684418,frozen
4699357,frozen
4699368,frozen
4732237,frozen
4740290,frozen
4740337,frozen
4740359,frozen
4740439,frozen
4811832,frozen
4838409,frozen
4847192,frozen
4868319,frozen
4883425,frozen
4966566,frozen
4972387,frozen
5006547,frozen
5016482,frozen
5018127,frozen
5018150,frozen
5018433,frozen
5018615,frozen
5019312,frozen
5019323,frozen
5019334,frozen
5019345,frozen
5019367,frozen
5019458,frozen
5020515,frozen
5032128,frozen
5043485,frozen
5049084,frozen
5050130,frozen
5050163,frozen
5051440,frozen
5052500,frozen
5052511,frozen
5052522,frozen
5066946,frozen
5069387,frozen
5070637,frozen
5070648,frozen
5072778,frozen
5072790,frozen
5075084,frozen
5100240,frozen
5101286,frozen
5103340,frozen
5105254,frozen
5112318,frozen
5116658,frozen
5116680,frozen
5117311,frozen
5117708,frozen
5139686,frozen
5139890,frozen
5140550,frozen
5141950,frozen
5143399,frozen
5146896,frozen
5164388,frozen
5164399,frozen
5171270,frozen
5179501,frozen
5181729,frozen
5188353,frozen
5194822,frozen
5197274,frozen
5201236,frozen
5205179,frozen
5205204,frozen
5216222,frozen
5225212,frozen
5237131,frozen
5237153,frozen
5289995,frozen
5292231,frozen
5300646,frozen
5335629,frozen
5341010,frozen
5368719,frozen
5368796,frozen
5394650,frozen
5394810,frozen
5413937,frozen
5428264,frozen
5435645,frozen
5438778,frozen
5442709,frozen
5446200,frozen
5466412,frozen
5482973,frozen
5485858,frozen
5487810,frozen
5487842,frozen
5487864,frozen
5488506,frozen
5489247,frozen
5489597,frozen
5489600,frozen
5489860,frozen
5522422,frozen
5522488,frozen
5553685,frozen
5588646,frozen
5613302,frozen
5613641,frozen
5615272,frozen
5638948,frozen
5643824,frozen
5643879,frozen
5643904,frozen
5654230,frozen
5658424,frozen
5672243,frozen
5746849,frozen
5749880,frozen
5766020,frozen
5777401,frozen
5778120,frozen
5792904,frozen
5792915,frozen
5803341,frozen
5826992,frozen
5832850,frozen
5841023,frozen
5862180,frozen
5863445,frozen
5863864,frozen
5892283,frozen
5892294,frozen
5901329,frozen
5901340,frozen
5974719,frozen
5974741,frozen
5978334,frozen
5989910,frozen
5991525,frozen
6043866,frozen
6050216,frozen
6068969,frozen
6079240,frozen
6107459,frozen
6109975,frozen
6110023,frozen
6115592,frozen
6115683,frozen
6115708,frozen
6125869,frozen
6125891,frozen
6143689,frozen
6143703,frozen
6143714,frozen
6143736,frozen
6143747,frozen
6143769,frozen
6172508,frozen
6210163,frozen
6210174,frozen
6272400,frozen
6277754,frozen
6324821,frozen
6362730,frozen
6388121,frozen
6388256,frozen
6392672,frozen
6408739,frozen
6408740,frozen
6415064,frozen
6442431,frozen
6447413,frozen
6477470,frozen
6477549,frozen
6477550,frozen
6509918,frozen
6510054,frozen
6510123,frozen
6510145,frozen
6512093,frozen
6517428,frozen
6517439,frozen
6521673,frozen
6522552,frozen
6542684,frozen
6543359,frozen
6543574,frozen
6544588,frozen
6544920,frozen
6545434,frozen
6557841,frozen
6582805,frozen
6583193,frozen
6597245,frozen
6609388,frozen
6616860,frozen
6617808,frozen
6617830,frozen
6617863,frozen
6617874,frozen
6621383,frozen
6622885,frozen
6622910,frozen
6624494,frozen
6624519,frozen
6630395,frozen
6630613,frozen
6632528,frozen
6635934,frozen
6636110,frozen
6636766,frozen
6749810,frozen
6758592,frozen
6774340,frozen
6798644,frozen
6839468,frozen
6839515,frozen
6840762,frozen
6863815,frozen
6868080,frozen
6879123,frozen
6893703,frozen
6893736,frozen
6941191,frozen
6943175,frozen
6943390,frozen
6943415,frozen
6956450,frozen
6957090,frozen
6957191,frozen
6970032,frozen
7010250,frozen
7014681,frozen
7032978,frozen
7033697,frozen
7033857,frozen
7033926,frozen
7033959,frozen
7034099,frozen
7034850,frozen
7034871,frozen
7035091,frozen
7035105,frozen
7035171,frozen
7035874,frozen
7040047,frozen
7060248,frozen
7060317,frozen
7073126,frozen
7073137,frozen
7074989,frozen
7078607,frozen
7082852,frozen
7082863,frozen
7082885,frozen
7105051,frozen
7108785,frozen
7111338,frozen
7144734,frozen
7147109,frozen
7173754,frozen
7173776,frozen
7174393,frozen
7174407,frozen
7174542,frozen
7174600,frozen
7174611,frozen
7202863,frozen
7202874,frozen
7203017,frozen
7203039,frozen
7206977,frozen
7207018,frozen
7207030,frozen
7207051,frozen
7207299,frozen
7207368,frozen
7207380,frozen
7210293,frozen
7213575,frozen
7269296,frozen
7308048,frozen
7327891,frozen
7327927,frozen
7327938,frozen
7401010,frozen
7407877,frozen
7444294,frozen
7489113,frozen
7489339,frozen
7489420,frozen
7490189,frozen
7492537,frozen
7505060,frozen
7507135,frozen
7551920,frozen
7552264,frozen
7562111,frozen
7642731,frozen
7643042,frozen
7643064,frozen
7644770,frozen
7644840,frozen
7644872,frozen
7644920,frozen
7644941,frozen
7644996,frozen
7645026,frozen
7645070,frozen
7645092,frozen
7645117,frozen
7645139,frozen
7647983,frozen
7648272,frozen
7650139,frozen
7650194,frozen
7650230,frozen
7670362,frozen
7670420,frozen
7675151,frozen
7675297,frozen
7675300,frozen
7686282,frozen
7689167,frozen
7689269,frozen
7695272,frozen
7730941,frozen
7731081,frozen
7736085,frozen
7736438,frozen
7739571,frozen
7745461,frozen
7748481,frozen
7748696,frozen
7806090,frozen
7806125,frozen
7806748,frozen
7817904,frozen
7831246,frozen
7861134,frozen
7865930,frozen
7865951,frozen
7866499,frozen
7866524,frozen
7866626,frozen
7866659,frozen
7999459,frozen
8000649,frozen
8015180,frozen
8015191,frozen
8015351,frozen
8015362,frozen
8057001,frozen
8057078,frozen
8060072,frozen
8073664,frozen
8073700,frozen
8073959,frozen
8073981,frozen
8074011,frozen
8074248,frozen
8076684,frozen
8076786,frozen
8076811,frozen
8076877,frozen
8077519,frozen
8077530,frozen
8077552,frozen
8077574,frozen
8077610,frozen
8080411,frozen
8082596,frozen
8082701,frozen
8085404,frozen
8086258,frozen
8086940,frozen
8088435,frozen
8088457,frozen
8088479,frozen
8124619,frozen
8127854,frozen
8136899,frozen
8136913,frozen
8136935,frozen
8136968,frozen
8137010,frozen
8137701,frozen
8137869,frozen
8140229,frozen
8140230,frozen
8140240,frozen
8140251,frozen
8140273,frozen
8145798,frozen
8146350,frozen
8148537,frozen
8148640,frozen
8151892,frozen
8151906,frozen
8151917,frozen
8153661,frozen
8153694,frozen
8161499,frozen
8161535,frozen
8161557,frozen
8162491,frozen
8163847,frozen
8165241,frozen
8165842,frozen
8165897,frozen
8169435,frozen
8174322,frozen
8177524,frozen
8217844,frozen
8264174,frozen
8264200,frozen
8280895,frozen
8399617,frozen
8399708,frozen
8399821,frozen
8399901,frozen
8399956,frozen
8400374,frozen
8400454,frozen
8400487,frozen
8420360,frozen
8420940,frozen
8421013,frozen
8421024,frozen
8421079,frozen
8421137,frozen
8421159,frozen
8421181,frozen
8421476,frozen
8421487,frozen
8421556,frozen
8421614,frozen
8423154,frozen
8423212,frozen
8423482,frozen
8425069,frozen
8425070,frozen
8425116,frozen
8425171,frozen
8425193,frozen
8425218,frozen
8427585,frozen
8427687,frozen
8434332,frozen
8441677,frozen
8442126,frozen
8442217,frozen
8443661,frozen
8461481,frozen
8461506,frozen
8461608,frozen
8461630,frozen
8464570,frozen
8468957,frozen
8469177,frozen
8473200,frozen
8473312,frozen
8473425,frozen
8473480,frozen
8476810,frozen
8477583,frozen
8485413,frozen
8493896,frozen
8523920,frozen
8544793,frozen
8544829,frozen
8554130,frozen
8556045,frozen
8556125,frozen
8556158,frozen
8556170,frozen
8556191,frozen
8556238,frozen
8556293,frozen
8556748,frozen
8556760,frozen
8556828,frozen
8557081,frozen
8557252,frozen
8557671,frozen
8559575,frozen
8559586,frozen
8569149,frozen
8577760,frozen
8577963,frozen
8579823,frozen
8584958,frozen
8585360,frozen
8585666,frozen
8589033,frozen
8589088,frozen
8591487,frozen
8593551,frozen
8634943,frozen
8634954,frozen
8639925,frozen
8687677,frozen
8692939,frozen
8693170,frozen
8697604,frozen
8706090,frozen
8706217,frozen
8739227,frozen
8739260,frozen
8739282,frozen
8739318,frozen
8739329,frozen
8739330,frozen
8764472,frozen
8764483,frozen
8764494,frozen
8764552,frozen
8764621,frozen
8764698,frozen
8764825,frozen
8764858,frozen
8764870,frozen
8767594,frozen
8767630,frozen
8768327,frozen
8768407,frozen
8768495,frozen
8768542,frozen
8768586,frozen
8768622,frozen
8768688,frozen
8771886,frozen
8772200,frozen
8772914,frozen
8773032,frozen
8773101,frozen
8773134,frozen
8773145,frozen
8773189,frozen
8773203,frozen
8774895,frozen
8775297,frozen
8778218,frozen
8778251,frozen
8778626,frozen
8828644,frozen
8846125,frozen
8851522,frozen
8860250,frozen
8868343,frozen
8868376,frozen
8869721,frozen
8871880,frozen
8872089,frozen
8874856,frozen
8874890,frozen
8877570,frozen
8877581,frozen
8894445,frozen
8913991,frozen
8914123,frozen
8918565,frozen
8921402,frozen
8921752,frozen
8934980,frozen
8940430,frozen
8940531,frozen
8940564,frozen
8940575,frozen
8949026,frozen
8949059,frozen
8949591,frozen
8951040,frozen
8953624,frozen
8953635,frozen
8954070,frozen
8954092,frozen
8954139,frozen
8958209,frozen
8958220,frozen
8958515,frozen
8958683,frozen
8958694,frozen
8958730,frozen
8959540,frozen
8967618,frozen
8968927,frozen
8969486,frozen
8971466,frozen
8977575,frozen
8977644,frozen
8991441,frozen
8992150,frozen
9000032,frozen
9002209,frozen
9003267,frozen
9003314,frozen
9003562,frozen
9003620,frozen
9003631,frozen
9017115,frozen
9020528,frozen
9022647,frozen
9026003,frozen
9028767,frozen
9028789,frozen
9028950,frozen
9033020,frozen
9038013,frozen
9038024,frozen
9038057,frozen
9041914,frozen
9041991,frozen
9043410,frozen
9050449,frozen
9050551,frozen
9054790,frozen
9054960,frozen
9055828,frozen
9059239,frozen
9061139,frozen
9073932,frozen
9073976,frozen
9073998,frozen
9079928,frozen
9079940,frozen
9079950,frozen
9079994,frozen
9080825,frozen
9086300,frozen
9091344,frozen
9091377,frozen
9091672,frozen
9093430,frozen
9131290,frozen
9140133,frozen
9140177,frozen
9152303,frozen
9152369,frozen
9184070,frozen
9184183,frozen
9187578,frozen
9188050,frozen
9188832,frozen
9188898,frozen
9189096,frozen
9189256,frozen
9189358,frozen
9189427,frozen
9189482,frozen
9189507,frozen
9189518,frozen
9194449,frozen
9194450,frozen
9194609,frozen
9197323,frozen
9207880,frozen
9207992,frozen
9208066,frozen
9223376,frozen
9223616,frozen
9224029,frozen
9240998,frozen
9258224,frozen
9258439,frozen
9259974,frozen
9260088,frozen
9260328,frozen
9261444,frozen
9262298,frozen
9262312,frozen
9263097,frozen
9263111,frozen
9263188,frozen
9263224,frozen
9268716,frozen
9279891,frozen
9282965,frozen
9289160,frozen
9295140,frozen
9319680,frozen
9319715,frozen
9321761,frozen
9360854,frozen
9368743,frozen
9486397,frozen
9486411,frozen
9486590,frozen
9514561,frozen
9546488,frozen
9611648,frozen
9666800,frozen
9718506,frozen
9727788,frozen
9728215,frozen
9730385,frozen
9758544,frozen
9925486,frozen
9961774,frozen
54972,fruit-vegetables
73092,fruit-vegetables
76534,fruit-vegetables
119466,fruit-vegetables
119535,fruit-vegetables
119546,fruit-vegetables
120148,fruit-vegetables
123328,fruit-vegetables
126745,fruit-vegetables
126814,fruit-vegetables
132056,fruit-vegetables
134029,fruit-vegetables
134040,fruit-vegetables
134255,fruit-vegetables
138074,fruit-vegetables
156258,fruit-vegetables
156382,fruit-vegetables
156713,fruit-vegetables
197594,fruit-vegetables
204893,fruit-vegetables
254916,fruit-vegetables
301404,fruit-vegetables
343415,fruit-vegetables
367016,fruit-vegetables
407675,fruit-vegetables
407755,fruit-vegetables
407766,fruit-vegetables
408372,fruit-vegetables
408383,fruit-vegetables
408419,fruit-vegetables
408554,fruit-vegetables
409499,fruit-vegetables
409535,fruit-vegetables
409557,fruit-vegetables
409568,fruit-vegetables
409728,fruit-vegetables
409750,fruit-vegetables
409808,fruit-vegetables
409830,fruit-vegetables
409874,fruit-vegetables
409987,fruit-vegetables
409998,fruit-vegetables
410035,fruit-vegetables
410046,fruit-vegetables
410319,fruit-vegetables
410443,fruit-vegetables
415480,fruit-vegetables
428915,fruit-vegetables
429000,fruit-vegetables
444503,fruit-vegetables
1007865,fruit-vegetables
1022610,fruit-vegetables
1039770,fruit-vegetables
1050650,fruit-vegetables
1062590,fruit-vegetables
1069160,fruit-vegetables
1083637,fruit-vegetables
1110092,fruit-vegetables
1110570,fruit-vegetables
1116601,fruit-vegetables
1116703,fruit-vegetables
1134046,fruit-vegetables
1143400,fruit-vegetables
1143910,fruit-vegetables
1156628,fruit-vegetables
1156708,fruit-vegetables
1162664,fruit-vegetables
1167919,fruit-vegetables
1168059,fruit-vegetables
1181308,fruit-vegetables
1182162,fruit-vegetables
1206748,fruit-vegetables
1296456,fruit-vegetables
1296671,fruit-vegetables
1296682,fruit-vegetables
1309886,fruit-vegetables
1310375,fruit-vegetables
1311017,fruit-vegetables
1311710,fruit-vegetables
1311811,fruit-vegetables
1311877,fruit-vegetables
1323821,fruit-vegetables
1324868,fruit-vegetables
1325452,fruit-vegetables
1328010,fruit-vegetables
1329690,fruit-vegetables
1338818,fruit-vegetables
1401641,fruit-vegetables
1401700,fruit-vegetables
1401801,fruit-vegetables
1401903,fruit-vegetables
1401936,fruit-vegetables
1415497,fruit-vegetables
1416172,fruit-vegetables
1419920,fruit-vegetables
1420850,fruit-vegetables
1420930,fruit-vegetables
1420941,fruit-vegetables
1422255,fruit-vegetables
1461563,fruit-vegetables
1461643,fruit-vegetables
1461723,fruit-vegetables
1472694,fruit-vegetables
1472719,fruit-vegetables
1473008,fruit-vegetables
1473970,fruit-vegetables
1475874,fruit-vegetables
1476083,fruit-vegetables
1491098,fruit-vegetables
1492920,fruit-vegetables
1493956,fruit-vegetables
1499340,fruit-vegetables
1499475,fruit-vegetables
1499486,fruit-vegetables
1499577,fruit-vegetables
1499602,fruit-vegetables
1499759,fruit-vegetables
1501351,fruit-vegetables
1501453,fruit-vegetables
1501635,fruit-vegetables
1503470,fruit-vegetables
1504145,fruit-vegetables
1504510,fruit-vegetables
1504564,fruit-vegetables
1504768,fruit-vegetables
1591944,fruit-vegetables
1593291,fruit-vegetables
1593418,fruit-vegetables
1593430,fruit-vegetables
1593473,fruit-vegetables
1594895,fruit-vegetables
1594909,fruit-vegetables
1597850,fruit-vegetables
1603293,fruit-vegetables
1617334,fruit-vegetables
1617356,fruit-vegetables
1617990,fruit-vegetables
1618654,fruit-vegetables
1628352,fruit-vegetables
1632451,fruit-vegetables
1632586,fruit-vegetables
1640722,fruit-vegetables
1652492,fruit-vegetables
1711321,fruit-vegetables
1718433,fruit-vegetables
1718477,fruit-vegetables
1718524,fruit-vegetables
1736275,fruit-vegetables
1748478,fruit-vegetables
1748489,fruit-vegetables
1778560,fruit-vegetables
1782895,fruit-vegetables
1801650,fruit-vegetables
1837749,fruit-vegetables
1845430,fruit-vegetables
1862779,fruit-vegetables
1862815,fruit-vegetables
1862837,fruit-vegetables
1862881,fruit-vegetables
1863002,fruit-vegetables
1863024,fruit-vegetables
1866678,fruit-vegetables
1866747,fruit-vegetables
1866973,fruit-vegetables
1867874,fruit-vegetables
1867900,fruit-vegetables
1869359,fruit-vegetables
1869370,fruit-vegetables
1874825,fruit-vegetables
1881922,fruit-vegetables
1884465,fruit-vegetables
1944206,fruit-vegetables
1948626,fruit-vegetables
1958018,fruit-vegetables
1960701,fruit-vegetables
1975764,fruit-vegetables
1975888,fruit-vegetables
1975913,fruit-vegetables
1975990,fruit-vegetables
1976031,fruit-vegetables
1983693,fruit-vegetables
1988904,fruit-vegetables
1991647,fruit-vegetables
1991851,fruit-vegetables
2022580,fruit-vegetables
2051035,fruit-vegetables
2051126,fruit-vegetables
2123395,fruit-vegetables
2123500,fruit-vegetables
2123599,fruit-vegetables
2123646,fruit-vegetables
2131611,fruit-vegetables
2147087,fruit-vegetables
2149231,fruit-vegetables
2222229,fruit-vegetables
2248302,fruit-vegetables
2310111,fruit-vegetables
2310971,fruit-vegetables
2313448,fruit-vegetables
2349638,fruit-vegetables
2349650,fruit-vegetables
2349660,fruit-vegetables
2385325,fruit-vegetables
2386281,fruit-vegetables
2470424,fruit-vegetables
2470526,fruit-vegetables
2488485,fruit-vegetables
2488496,fruit-vegetables
2488500,fruit-vegetables
2504606,fruit-vegetables
2511678,fruit-vegetables
2511791,fruit-vegetables
2584547,fruit-vegetables
2585390,fruit-vegetables
2592261,fruit-vegetables
2621789,fruit-vegetables
2674606,fruit-vegetables
2674650,fruit-vegetables
2679519,fruit-vegetables
2693247,fruit-vegetables
2724760,fruit-vegetables
2724828,fruit-vegetables
2725922,fruit-vegetables
2728862,fruit-vegetables
2743866,fruit-vegetables
2786585,fruit-vegetables
2786778,fruit-vegetables
2787974,fruit-vegetables
2790390,fruit-vegetables
2791406,fruit-vegetables
2823342,fruit-vegetables
2829509,fruit-vegetables
2848387,fruit-vegetables
2848398,fruit-vegetables
2859066,fruit-vegetables
2985377,fruit-vegetables
2997944,fruit-vegetables
2997999,fruit-vegetables
2999258,fruit-vegetables
2999327,fruit-vegetables
3004041,fruit-vegetables
3014001,fruit-vegetables
3014293,fruit-vegetables
3014453,fruit-vegetables
3015966,fruit-vegetables
3015977,fruit-vegetables
3016120,fruit-vegetables
3016288,fruit-vegetables
3016299,fruit-vegetables
3016302,fruit-vegetables
3019876,fruit-vegetables
3019912,fruit-vegetables
3019945,fruit-vegetables
3019989,fruit-vegetables
3020026,fruit-vegetables
3021889,fruit-vegetables
3022167,fruit-vegetables
3023206,fruit-vegetables
3023272,fruit-vegetables
3023308,fruit-vegetables
3023352,fruit-vegetables
3023374,fruit-vegetables
3026260,fruit-vegetables
3026441,fruit-vegetables
3048820,fruit-vegetables
3066275,fruit-vegetables
3087366,fruit-vegetables
3088176,fruit-vegetables
3091556,fruit-vegetables
3119043,fruit-vegetables
3119190,fruit-vegetables
3123186,fruit-vegetables
3137293,fruit-vegetables
3198458,fruit-vegetables
3214500,fruit-vegetables
3214521,fruit-vegetables
3214576,fruit-vegetables
3214612,fruit-vegetables
3214725,fruit-vegetables
3214747,fruit-vegetables
3214769,fruit-vegetables
3214780,fruit-vegetables
3215091,fruit-vegetables
3215138,fruit-vegetables
3215171,fruit-vegetables
3215218,fruit-vegetables
3256849,fruit-vegetables
3294724,fruit-vegetables
3294768,fruit-vegetables
3308498,fruit-vegetables
3308716,fruit-vegetables
3310139,fruit-vegetables
3310140,fruit-vegetables
3310161,fruit-vegetables
3310183,fruit-vegetables
3310194,fruit-vegetables
3324712,fruit-vegetables
3324767,fruit-vegetables
3324789,fruit-vegetables
3324814,fruit-vegetables
3324836,fruit-vegetables
3324858,fruit-vegetables
3329079,fruit-vegetables
3350949,fruit-vegetables
3395313,fruit-vegetables
3417121,fruit-vegetables
3448293,fruit-vegetables
3468665,fruit-vegetables
3479162,fruit-vegetables
3479297,fruit-vegetables
3497969,fruit-vegetables
3505444,fruit-vegetables
3505819,fruit-vegetables
3520845,fruit-vegetables
3526604,fruit-vegetables
3526863,fruit-vegetables
3574287,fruit-vegetables
3574538,fruit-vegetables
3576260,fruit-vegetables
3578845,fruit-vegetables
3585240,fruit-vegetables
3586446,fruit-vegetables
3586912,fruit-vegetables
3592959,fruit-vegetables
3592992,fruit-vegetables
3593190,fruit-vegetables
3593430,fruit-vegetables
3609392,fruit-vegetables
3613141,fruit-vegetables
3615657,fruit-vegetables
3616751,fruit-vegetables
3626915,fruit-vegetables
3627805,fruit-vegetables
3629822,fruit-vegetables
3648521,fruit-vegetables
3660390,fruit-vegetables
3666385,fruit-vegetables
3666396,fruit-vegetables
3667945,fruit-vegetables
3668020,fruit-vegetables
3742202,fruit-vegetables
3766540,fruit-vegetables
3769821,fruit-vegetables
3769876,fruit-vegetables
3769901,fruit-vegetables
3770026,fruit-vegetables
3770059,fruit-vegetables
3770219,fruit-vegetables
3796530,fruit-vegetables
3812319,fruit-vegetables
3812330,fruit-vegetables
3812374,fruit-vegetables
3835890,fruit-vegetables
3838775,fruit-vegetables
3844246,fruit-vegetables
3844359,fruit-vegetables
3844360,fruit-vegetables
3850577,fruit-vegetables
3858896,fruit-vegetables
3858943,fruit-vegetables
3869699,fruit-vegetables
3884820,fruit-vegetables
3892103,fruit-vegetables
3906514,fruit-vegetables
3917055,fruit-vegetables
3938452,fruit-vegetables
3938860,fruit-vegetables
3939058,fruit-vegetables
3958530,fruit-vegetables
3958573,fruit-vegetables
3997189,fruit-vegetables
4183423,fruit-vegetables
4183558,fruit-vegetables
4190600,fruit-vegetables
4199503,fruit-vegetables
4202540,fruit-vegetables
4205264,fruit-vegetables
4218459,fruit-vegetables
4223335,fruit-vegetables
4236122,fruit-vegetables
4239517,fruit-vegetables
4255717,fruit-vegetables
4293079,fruit-vegetables
4337797,fruit-vegetables
4350944,fruit-vegetables
4352291,fruit-vegetables
4357841,fruit-vegetables
4357874,fruit-vegetables
4409923,fruit-vegetables
4424610,fruit-vegetables
4425883,fruit-vegetables
4433462,fruit-vegetables
4438477,fruit-vegetables
4438740,fruit-vegetables
4441857,fruit-vegetables
4456832,fruit-vegetables
4457052,fruit-vegetables
4462223,fruit-vegetables
4462562,fruit-vegetables
4462573,fruit-vegetables
4463587,fruit-vegetables
4481909,fruit-vegetables
4488464,fruit-vegetables
4491980,fruit-vegetables
4498173,fruit-vegetables
4498311,fruit-vegetables
4502430,fruit-vegetables
4519320,fruit-vegetables
4526847,fruit-vegetables
4544770,fruit-vegetables
4544805,fruit-vegetables
4544849,fruit-vegetables
4552326,fruit-vegetables
4553760,fruit-vegetables
4559314,fruit-vegetables
4562603,fruit-vegetables
4565907,fruit-vegetables
4566761,fruit-vegetables
4567039,fruit-vegetables
4567323,fruit-vegetables
4569216,fruit-vegetables
4574920,fruit-vegetables
4575161,fruit-vegetables
4575208,fruit-vegetables
4575321,fruit-vegetables
4575514,fruit-vegetables
4575569,fruit-vegetables
4575605,fruit-vegetables
4575810,fruit-vegetables
4578148,fruit-vegetables
4580208,fruit-vegetables
4583206,fruit-vegetables
4583261,fruit-vegetables
4584071,fruit-vegetables
4590551,fruit-vegetables
4590573,fruit-vegetables
4594010,fruit-vegetables
4594031,fruit-vegetables
4594712,fruit-vegetables
4595930,fruit-vegetables
4595952,fruit-vegetables
4596456,fruit-vegetables
4596649,fruit-vegetables
4597109,fruit-vegetables
4601320,fruit-vegetables
4601603,fruit-vegetables
4619289,fruit-vegetables
4628676,fruit-vegetables
4640831,fruit-vegetables
4646485,fruit-vegetables
4678222,fruit-vegetables
4678233,fruit-vegetables
4764299,fruit-vegetables
4791214,fruit-vegetables
4791225,fruit-vegetables
4803991,fruit-vegetables
4823081,fruit-vegetables
4827581,fruit-vegetables
4829204,fruit-vegetables
4829420,fruit-vegetables
4829703,fruit-vegetables
4829838,fruit-vegetables
4829860,fruit-vegetables
4834736,fruit-vegetables
4835171,fruit-vegetables
4835466,fruit-vegetables
4838737,fruit-vegetables
4841072,fruit-vegetables
4841775,fruit-vegetables
4845732,fruit-vegetables
4857844,fruit-vegetables
4876554,fruit-vegetables
4878120,fruit-vegetables
4879042,fruit-vegetables
4910506,fruit-vegetables
4910980,fruit-vegetables
4911870,fruit-vegetables
4924034,fruit-vegetables
4965122,fruit-vegetables
4966737,fruit-vegetables
4966930,fruit-vegetables
4975782,fruit-vegetables
4976130,fruit-vegetables
4981027,fruit-vegetables
4981923,fruit-vegetables
4982450,fruit-vegetables
4982857,fruit-vegetables
4982948,fruit-vegetables
4982960,fruit-vegetables
4989110,fruit-vegetables
4995826,fruit-vegetables
5011831,fruit-vegetables
5016904,fruit-vegetables
5017430,fruit-vegetables
5024866,fruit-vegetables
5032219,fruit-vegetables
5034484,fruit-vegetables
5039590,fruit-vegetables
5040126,fruit-vegetables
5040192,fruit-vegetables
5040240,fruit-vegetables
5040396,fruit-vegetables
5043066,fruit-vegetables
5045470,fruit-vegetables
5048810,fruit-vegetables
5055611,fruit-vegetables
5056953,fruit-vegetables
5069434,fruit-vegetables
5071833,fruit-vegetables
5076305,fruit-vegetables
5079482,fruit-vegetables
5088494,fruit-vegetables
5105695,fruit-vegetables
5105800,fruit-vegetables
5108751,fruit-vegetables
5111654,fruit-vegetables
5134809,fruit-vegetables
5139256,fruit-vegetables
5139518,fruit-vegetables
5142013,fruit-vegetables
5162214,fruit-vegetables
5191256,fruit-vegetables
5202080,fruit-vegetables
5205328,fruit-vegetables
5207232,fruit-vegetables
5208450,fruit-vegetables
5210598,fruit-vegetables
5211604,fruit-vegetables
5226000,fruit-vegetables
5226011,fruit-vegetables
5227273,fruit-vegetables
5229814,fruit-vegetables
5259350,fruit-vegetables
5272391,fruit-vegetables
5288711,fruit-vegetables
5298748,fruit-vegetables
5299478,fruit-vegetables
5309221,fruit-vegetables
5309265,fruit-vegetables
5309276,fruit-vegetables
5309378,fruit-vegetables
5309425,fruit-vegetables
5311187,fruit-vegetables
5318302,fruit-vegetables
5323153,fruit-vegetables
5415852,fruit-vegetables
5424026,fruit-vegetables
5427352,fruit-vegetables
5429358,fruit-vegetables
5431305,fruit-vegetables
5431382,fruit-vegetables
5431407,fruit-vegetables
5448589,fruit-vegetables
5450831,fruit-vegetables
5464290,fruit-vegetables
5476234,fruit-vegetables
5485993,fruit-vegetables
5486169,fruit-vegetables
5503494,fruit-vegetables
5504613,fruit-vegetables
5508024,fruit-vegetables
5515278,fruit-vegetables
5519519,fruit-vegetables
5536948,fruit-vegetables
5536970,fruit-vegetables
5536981,fruit-vegetables
5541562,fruit-vegetables
5543535,fruit-vegetables
5582887,fruit-vegetables
5595663,fruit-vegetables
5606330,fruit-vegetables
5612376,fruit-vegetables
5629266,fruit-vegetables
5658468,fruit-vegetables
5707745,fruit-vegetables
5747863,fruit-vegetables
5750960,fruit-vegetables
5784939,fruit-vegetables
5806601,fruit-vegetables
5858445,fruit-vegetables
5899410,fruit-vegetables
5900530,fruit-vegetables
5900891,fruit-vegetables
5907223,fruit-vegetables
5907370,fruit-vegetables
5927796,fruit-vegetables
5945620,fruit-vegetables
5952272,fruit-vegetables
5967167,fruit-vegetables
5973283,fruit-vegetables
5982477,fruit-vegetables
6051547,fruit-vegetables
6105715,fruit-vegetables
6133460,fruit-vegetables
6133889,fruit-vegetables
6140385,fruit-vegetables
6172381,fruit-vegetables
6206010,fruit-vegetables
6252232,fruit-vegetables
6309511,fruit-vegetables
6391046,fruit-vegetables
6427471,fruit-vegetables
6437475,fruit-vegetables
6467068,fruit-vegetables
6509485,fruit-vegetables
6536535,fruit-vegetables
6574192,fruit-vegetables
6578820,fruit-vegetables
6604500,fruit-vegetables
6606878,fruit-vegetables
6616758,fruit-vegetables
6733285,fruit-vegetables
6739408,fruit-vegetables
6739419,fruit-vegetables
6739510,fruit-vegetables
6739532,fruit-vegetables
6803198,fruit-vegetables
6826590,fruit-vegetables
6837145,fruit-vegetables
6839480,fruit-vegetables
6866880,fruit-vegetables
6867033,fruit-vegetables
6885716,fruit-vegetables
6917539,fruit-vegetables
6934764,fruit-vegetables
6950578,fruit-vegetables
6979376,fruit-vegetables
7001442,fruit-vegetables
7001588,fruit-vegetables
7030826,fruit-vegetables
7035182,fruit-vegetables
7060248,fruit-vegetables
7060317,fruit-vegetables
7062775,fruit-vegetables
7063042,fruit-vegetables
7124680,fruit-vegetables
7144520,fruit-vegetables
7174994,fruit-vegetables
7214862,fruit-vegetables
7215355,fruit-vegetables
7233448,fruit-vegetables
7233823,fruit-vegetables
7233856,fruit-vegetables
7238350,fruit-vegetables
7265535,fruit-vegetables
7273420,fruit-vegetables
7296299,fruit-vegetables
7381490,fruit-vegetables
7404813,fruit-vegetables
7433436,fruit-vegetables
7435690,fruit-vegetables
7482453,fruit-vegetables
7482963,fruit-vegetables
7483310,fruit-vegetables
7487402,fruit-vegetables
7487526,fruit-vegetables
7497450,fruit-vegetables
7497461,fruit-vegetables
7497483,fruit-vegetables
7502890,fruit-vegetables
7508229,fruit-vegetables
7509673,fruit-vegetables
7511380,fruit-vegetables
7511416,fruit-vegetables
7513036,fruit-vegetables
7514130,fruit-vegetables
7536858,fruit-vegetables
7537271,fruit-vegetables
7539302,fruit-vegetables
7543026,fruit-vegetables
7543241,fruit-vegetables
7543343,fruit-vegetables
7649300,fruit-vegetables
7682044,fruit-vegetables
7701375,fruit-vegetables
7712327,fruit-vegetables
7718618,fruit-vegetables
7853500,fruit-vegetables
7864336,fruit-vegetables
7864358,fruit-vegetables
7864380,fruit-vegetables
7963859,fruit-vegetables
7999492,fruit-vegetables
8003851,fruit-vegetables
8018010,fruit-vegetables
8082971,fruit-vegetables
8133391,fruit-vegetables
8133562,fruit-vegetables
8134441,fruit-vegetables
8137836,fruit-vegetables
8161433,fruit-vegetables
8162232,fruit-vegetables
8164806,fruit-vegetables
8169355,fruit-vegetables
8169424,fruit-vegetables
8169435,fruit-vegetables
8174708,fruit-vegetables
8209722,fruit-vegetables
8381531,fruit-vegetables
8381564,fruit-vegetables
8391138,fruit-vegetables
8391193,fruit-vegetables
8411075,fruit-vegetables
8411097,fruit-vegetables
8411235,fruit-vegetables
8411348,fruit-vegetables
8412067,fruit-vegetables
8412136,fruit-vegetables
8412170,fruit-vegetables
8412227,fruit-vegetables
8412250,fruit-vegetables
8412293,fruit-vegetables
8412431,fruit-vegetables
8412566,fruit-vegetables
8412588,fruit-vegetables
8412599,fruit-vegetables
8412635,fruit-vegetables
8412668,fruit-vegetables
8412726,fruit-vegetables
8413219,fruit-vegetables
8413300,fruit-vegetables
8416829,fruit-vegetables
8417060,fruit-vegetables
8417184,fruit-vegetables
8417220,fruit-vegetables
8433238,fruit-vegetables
8467604,fruit-vegetables
8551937,fruit-vegetables
8647548,fruit-vegetables
8658588,fruit-vegetables
8685660,fruit-vegetables
8686801,fruit-vegetables
8696598,fruit-vegetables
8704110,fruit-vegetables
8704696,fruit-vegetables
8725007,fruit-vegetables
8725969,fruit-vegetables
8726360,fruit-vegetables
8760314,fruit-vegetables
8760846,fruit-vegetables
8761306,fruit-vegetables
8761656,fruit-vegetables
8770894,fruit-vegetables
8770908,fruit-vegetables
8791125,fruit-vegetables
8798168,fruit-vegetables
8809049,fruit-vegetables
8851646,fruit-vegetables
8851679,fruit-vegetables
8872089,fruit-vegetables
8875214,fruit-vegetables
8894547,fruit-vegetables
8895448,fruit-vegetables
8895561,fruit-vegetables
8897910,fruit-vegetables
8899620,fruit-vegetables
8901187,fruit-vegetables
8918510,fruit-vegetables
8933048,fruit-vegetables
8984945,fruit-vegetables
8985981,fruit-vegetables
8986113,fruit-vegetables
8986135,fruit-vegetables
9006560,fruit-vegetables
9006662,fruit-vegetables
9006684,fruit-vegetables
9041233,fruit-vegetables
9070990,fruit-vegetables
9071041,fruit-vegetables
9071085,fruit-vegetables
9071096,fruit-vegetables
9071121,fruit-vegetables
9106055,fruit-vegetables
9129094,fruit-vegetables
9135406,fruit-vegetables
9174565,fruit-vegetables
9194802,fruit-vegetables
9210035,fruit-vegetables
9241593,fruit-vegetables
9241630,fruit-vegetables
9323257,fruit-vegetables
9488268,fruit-vegetables
9561980,fruit-vegetables
9572863,fruit-vegetables
9599134,fruit-vegetables
9738456,fruit-vegetables
9852032,fruit-vegetables
9861850,fruit-vegetables
9880810,fruit-vegetables
9907382,fruit-vegetables
9918356,fruit-vegetables
9964284,fruit-vegetables
9989810,fruit-vegetables
33270,health-beauty
51861,health-beauty
59455,health-beauty
59477,health-beauty
59499,health-beauty
64513,health-beauty
68252,health-beauty
69696,health-beauty
89106,health-beauty
89128,health-beauty
101915,health-beauty
102055,health-beauty
102179,health-beauty
102190,health-beauty
102849,health-beauty
103091,health-beauty
103218,health-beauty
111497,health-beauty
113674,health-beauty
114451,health-beauty
136079,health-beauty
141024,health-beauty
144372,health-beauty
148850,health-beauty
161597,health-beauty
165168,health-beauty
166116,health-beauty
167323,health-beauty
173086,health-beauty
185110,health-beauty
197277,health-beauty
197801,health-beauty
220390,health-beauty
225485,health-beauty
234136,health-beauty
238749,health-beauty
240285,health-beauty
241743,health-beauty
241754,health-beauty
244231,health-beauty
245686,health-beauty
252706,health-beauty
256591,health-beauty
289794,health-beauty
299539,health-beauty
303024,health-beauty
310507,health-beauty
324217,health-beauty
339702,health-beauty
350068,health-beauty
366160,health-beauty
394880,health-beauty
459533,health-beauty
459544,health-beauty
459555,health-beauty
459566,health-beauty
1012424,health-beauty
1025222,health-beauty
1026510,health-beauty
1026531,health-beauty
1026553,health-beauty
1028479,health-beauty
1028480,health-beauty
1028504,health-beauty
1035601,health-beauty
1041070,health-beauty
1041080,health-beauty
1041116,health-beauty
1041127,health-beauty
1041149,health-beauty
1041150,health-beauty
1041230,health-beauty
1041273,health-beauty
1041284,health-beauty
1045638,health-beauty
1045649,health-beauty
1045650,health-beauty
1045660,health-beauty
1048556,health-beauty
1048953,health-beauty
1050650,health-beauty
1051244,health-beauty
1051404,health-beauty
1051426,health-beauty
1051732,health-beauty
1055551,health-beauty
1058480,health-beauty
1062921,health-beauty
1062954,health-beauty
1062976,health-beauty
1062987,health-beauty
1063152,health-beauty
1063174,health-beauty
1063196,health-beauty
1065963,health-beauty
1065974,health-beauty
1065996,health-beauty
1066004,health-beauty
1066015,health-beauty
1066140,health-beauty
1066230,health-beauty
1066241,health-beauty
1066252,health-beauty
1066285,health-beauty
1066296,health-beauty
1066300,health-beauty
1066310,health-beauty
1066321,health-beauty
1066332,health-beauty
1081799,health-beauty
1081802,health-beauty
1081813,health-beauty
1081824,health-beauty
1081835,health-beauty
1081846,health-beauty
1081857,health-beauty
1081926,health-beauty
1082011,health-beauty
1082022,health-beauty
1082033,health-beauty
1082044,health-beauty
1082055,health-beauty
1082179,health-beauty
1082678,health-beauty
1083444,health-beauty
1083455,health-beauty
1083477,health-beauty
1083499,health-beauty
1083513,health-beauty
1083524,health-beauty
1083546,health-beauty
1083557,health-beauty
1083568,health-beauty
1083579,health-beauty
1083580,health-beauty
1083590,health-beauty
1083604,health-beauty
1083615,health-beauty
1083660,health-beauty
1083706,health-beauty
1083728,health-beauty
1083750,health-beauty
1083761,health-beauty
1083772,health-beauty
1083783,health-beauty
1083794,health-beauty
1083808,health-beauty
1083819,health-beauty
1083830,health-beauty
1083841,health-beauty
1083852,health-beauty
1083874,health-beauty
1083885,health-beauty
1083896,health-beauty
1083900,health-beauty
1083910,health-beauty
1083921,health-beauty
1083932,health-beauty
1083943,health-beauty
1084017,health-beauty
1084028,health-beauty
1084061,health-beauty
1084083,health-beauty
1084673,health-beauty
1084764,health-beauty
1084797,health-beauty
1085315,health-beauty
1085519,health-beauty
1086012,health-beauty
1088969,health-beauty
1088970,health-beauty
1089000,health-beauty
1089021,health-beauty
1089032,health-beauty
1089043,health-beauty
1089236,health-beauty
1089247,health-beauty
1090010,health-beauty
1101987,health-beauty
1105762,health-beauty
1105810,health-beauty
1105831,health-beauty
1105842,health-beauty
1105853,health-beauty
1105864,health-beauty
1105875,health-beauty
1105886,health-beauty
1105900,health-beauty
1105911,health-beauty
1105977,health-beauty
1105988,health-beauty
1105999,health-beauty
1106007,health-beauty
1106018,health-beauty
1107203,health-beauty
1108002,health-beauty
1108319,health-beauty
1108320,health-beauty
1112451,health-beauty
1112462,health-beauty
1112473,health-beauty
1112484,health-beauty
1112495,health-beauty
1112531,health-beauty
1112553,health-beauty
1112564,health-beauty
1112575,health-beauty
1112586,health-beauty
1112597,health-beauty
1112600,health-beauty
1113170,health-beauty
1113396,health-beauty
1113410,health-beauty
1113862,health-beauty
1113953,health-beauty
1113964,health-beauty
1113975,health-beauty
1115391,health-beauty
1115405,health-beauty
1115427,health-beauty
1115438,health-beauty
1115540,health-beauty
1115551,health-beauty
1115584,health-beauty
1115595,health-beauty
1115609,health-beauty
1115610,health-beauty
1115620,health-beauty
1115631,health-beauty
1115777,health-beauty
1115813,health-beauty
1115857,health-beauty
1115868,health-beauty
1115880,health-beauty
1115890,health-beauty
1115904,health-beauty
1115948,health-beauty
1116871,health-beauty
1135151,health-beauty
1135402,health-beauty
1135424,health-beauty
1135457,health-beauty
1135468,health-beauty
1135559,health-beauty
1135560,health-beauty
1135570,health-beauty
1135581,health-beauty
1150202,health-beauty
1150213,health-beauty
1155035,health-beauty
1157063,health-beauty
1157074,health-beauty
1159910,health-beauty
1161435,health-beauty
1162416,health-beauty
1164819,health-beauty
1164841,health-beauty
1164863,health-beauty
1164921,health-beauty
1164943,health-beauty
1164987,health-beauty
1164998,health-beauty
1165006,health-beauty
1165017,health-beauty
1165039,health-beauty
1165061,health-beauty
1165072,health-beauty
1166676,health-beauty
1167759,health-beauty
1168219,health-beauty
1168762,health-beauty
1173172,health-beauty
1173194,health-beauty
1173376,health-beauty
1173401,health-beauty
1173478,health-beauty
1176716,health-beauty
1176738,health-beauty
1176807,health-beauty
1176818,health-beauty
1184598,health-beauty
1184623,health-beauty
1206464,health-beauty
1216140,health-beauty
1216162,health-beauty
1216173,health-beauty
1216209,health-beauty
1216231,health-beauty
1216253,health-beauty
1216297,health-beauty
1216821,health-beauty
1218260,health-beauty
1218292,health-beauty
1255175,health-beauty
1255346,health-beauty
1255357,health-beauty
1256826,health-beauty
1279129,health-beauty
1281404,health-beauty
1281685,health-beauty
1281696,health-beauty
1295588,health-beauty
1299046,health-beauty
1301567,health-beauty
1303289,health-beauty
1313908,health-beauty
1324370,health-beauty
1324380,health-beauty
1324391,health-beauty
1324405,health-beauty
1324416,health-beauty
1324427,health-beauty
1324438,health-beauty
1324449,health-beauty
1324450,health-beauty
1324460,health-beauty
1324471,health-beauty
1324482,health-beauty
1324493,health-beauty
1324507,health-beauty
1324518,health-beauty
1324529,health-beauty
1324530,health-beauty
1324540,health-beauty
1324551,health-beauty
1324562,health-beauty
1324573,health-beauty
1324584,health-beauty
1324595,health-beauty
1324609,health-beauty
1324610,health-beauty
1324642,health-beauty
1324653,health-beauty
1324664,health-beauty
1324675,health-beauty
1331342,health-beauty
1331353,health-beauty
1335842,health-beauty
1335853,health-beauty
1335864,health-beauty
1335875,health-beauty
1335886,health-beauty
1335900,health-beauty
1335911,health-beauty
1335922,health-beauty
1335933,health-beauty
1335944,health-beauty
1335955,health-beauty
1335966,health-beauty
1335977,health-beauty
1338830,health-beauty
1338862,health-beauty
1338910,health-beauty
1338931,health-beauty
1338942,health-beauty
1338953,health-beauty
1339038,health-beauty
1339049,health-beauty
1339050,health-beauty
1339060,health-beauty
1339071,health-beauty
1339082,health-beauty
1339093,health-beauty
1341415,health-beauty
1344038,health-beauty
1351011,health-beauty
1351565,health-beauty
1357620,health-beauty
1357630,health-beauty
1357641,health-beauty
1357856,health-beauty
1358000,health-beauty
1358065,health-beauty
1386049,health-beauty
1386050,health-beauty
1386071,health-beauty
1386082,health-beauty
1386129,health-beauty
1386162,health-beauty
1386195,health-beauty
1386785,health-beauty
1386956,health-beauty
1386978,health-beauty
1387008,health-beauty
1387020,health-beauty
1387041,health-beauty
1387085,health-beauty
1387802,health-beauty
1388496,health-beauty
1388500,health-beauty
1388510,health-beauty
1388543,health-beauty
1388576,health-beauty
1388601,health-beauty
1388612,health-beauty
1388623,health-beauty
1388645,health-beauty
1388678,health-beauty
1388703,health-beauty
1388714,health-beauty
1388725,health-beauty
1388736,health-beauty
1388747,health-beauty
1388758,health-beauty
1388769,health-beauty
1402043,health-beauty
1402054,health-beauty
1414723,health-beauty
1415191,health-beauty
1415351,health-beauty
1415409,health-beauty
1415453,health-beauty
1415475,health-beauty
1415486,health-beauty
1419217,health-beauty
1419931,health-beauty
1419953,health-beauty
1419964,health-beauty
1419975,health-beauty
1420001,health-beauty
1420023,health-beauty
1420034,health-beauty
1420045,health-beauty
1420136,health-beauty
1420216,health-beauty
1420238,health-beauty
1420293,health-beauty
1420318,health-beauty
1420330,health-beauty
1420340,health-beauty
1420362,health-beauty
1420373,health-beauty
1420395,health-beauty
1420409,health-beauty
1422233,health-beauty
1422346,health-beauty
1422379,health-beauty
1422380,health-beauty
1422572,health-beauty
1422620,health-beauty
1422663,health-beauty
1422674,health-beauty
1430628,health-beauty
1432340,health-beauty
1432350,health-beauty
1432383,health-beauty
1432485,health-beauty
1432543,health-beauty
1432601,health-beauty
1432667,health-beauty
1432780,health-beauty
1432791,health-beauty
1432995,health-beauty
1434083,health-beauty
1435643,health-beauty
1435654,health-beauty
1435665,health-beauty
1435701,health-beauty
1440009,health-beauty
1440745,health-beauty
1440869,health-beauty
1440891,health-beauty
1441034,health-beauty
1441090,health-beauty
1441114,health-beauty
1441511,health-beauty
1441522,health-beauty
1441555,health-beauty
1441566,health-beauty
1441588,health-beauty
1441613,health-beauty
1441657,health-beauty
1441680,health-beauty
1441704,health-beauty
1441715,health-beauty
1441726,health-beauty
1441748,health-beauty
1441759,health-beauty
1442751,health-beauty
1442762,health-beauty
1442911,health-beauty
1444633,health-beauty
1451526,health-beauty
1451537,health-beauty
1461519,health-beauty
1461541,health-beauty
1461552,health-beauty
1461574,health-beauty
1461596,health-beauty
1461600,health-beauty
1461621,health-beauty
1461632,health-beauty
1474248,health-beauty
1474260,health-beauty
1474270,health-beauty
1474281,health-beauty
1474623,health-beauty
1476800,health-beauty
1477916,health-beauty
1479955,health-beauty
1479977,health-beauty
1481141,health-beauty
1484285,health-beauty
1484547,health-beauty
1500031,health-beauty
1500042,health-beauty
1500064,health-beauty
1500337,health-beauty
1500643,health-beauty
1501748,health-beauty
1501759,health-beauty
1501770,health-beauty
1501806,health-beauty
1516020,health-beauty
1519540,health-beauty
1532821,health-beauty
1589578,health-beauty
1589589,health-beauty
1589590,health-beauty
1589603,health-beauty
1589636,health-beauty
1589647,health-beauty
1589670,health-beauty
1589716,health-beauty
1589760,health-beauty
1589782,health-beauty
1589910,health-beauty
1589920,health-beauty
1589931,health-beauty
1589997,health-beauty
1590001,health-beauty
1590023,health-beauty
1590056,health-beauty
1590067,health-beauty
1590078,health-beauty
1590090,health-beauty
1590409,health-beauty
1591285,health-beauty
1591296,health-beauty
1591300,health-beauty
1591310,health-beauty
1591332,health-beauty
1591354,health-beauty
1591365,health-beauty
1591376,health-beauty
1591401,health-beauty
1591456,health-beauty
1591478,health-beauty
1591489,health-beauty
1591503,health-beauty
1591525,health-beauty
1591558,health-beauty
1591580,health-beauty
1591591,health-beauty
1591638,health-beauty
1591671,health-beauty
1591682,health-beauty
1591707,health-beauty
1591810,health-beauty
1591831,health-beauty
1591864,health-beauty
1591875,health-beauty
1591886,health-beauty
1591897,health-beauty
1591955,health-beauty
1591999,health-beauty
1593134,health-beauty
1593145,health-beauty
1593270,health-beauty
1593280,health-beauty
1593724,health-beauty
1603828,health-beauty
1603850,health-beauty
1603883,health-beauty
1603894,health-beauty
1603919,health-beauty
1607830,health-beauty
1607884,health-beauty
1607964,health-beauty
1608050,health-beauty
1608093,health-beauty
1608118,health-beauty
1608253,health-beauty
1608264,health-beauty
1608275,health-beauty
1608311,health-beauty
1608366,health-beauty
1608388,health-beauty
1608413,health-beauty
1608424,health-beauty
1608435,health-beauty
1608457,health-beauty
1608468,health-beauty
1608490,health-beauty
1608515,health-beauty
1608526,health-beauty
1609540,health-beauty
1609562,health-beauty
1609573,health-beauty
1609675,health-beauty
1609700,health-beauty
1609722,health-beauty
1609733,health-beauty
1609744,health-beauty
1609755,health-beauty
1609777,health-beauty
1609788,health-beauty
1609799,health-beauty
1609813,health-beauty
1609824,health-beauty
1609835,health-beauty
1609857,health-beauty
1609879,health-beauty
1609880,health-beauty
1609926,health-beauty
1610018,health-beauty
1610029,health-beauty
1610030,health-beauty
1610040,health-beauty
1610051,health-beauty
1610222,health-beauty
1610244,health-beauty
1610561,health-beauty
1610947,health-beauty
1610969,health-beauty
1610980,health-beauty
1611010,health-beauty
1611021,health-beauty
1611032,health-beauty
1611054,health-beauty
1611065,health-beauty
1611112,health-beauty
1611280,health-beauty
1611418,health-beauty
1611462,health-beauty
1611473,health-beauty
1611484,health-beauty
1611509,health-beauty
1611520,health-beauty
1611531,health-beauty
1611542,health-beauty
1611553,health-beauty
1611586,health-beauty
1611597,health-beauty
1611600,health-beauty
1611611,health-beauty
1611644,health-beauty
1611655,health-beauty
1611713,health-beauty
1611724,health-beauty
1611735,health-beauty
1611746,health-beauty
1611779,health-beauty
1611780,health-beauty
1611815,health-beauty
1611837,health-beauty
1612647,health-beauty
1612658,health-beauty
1612670,health-beauty
1613945,health-beauty
1619522,health-beauty
1619544,health-beauty
1623064,health-beauty
1623530,health-beauty
1623552,health-beauty
1643709,health-beauty
1643710,health-beauty
1643720,health-beauty
1643731,health-beauty
1645238,health-beauty
1645260,health-beauty
1645282,health-beauty
1645475,health-beauty
1645486,health-beauty
1645555,health-beauty
1645566,health-beauty
1645577,health-beauty
1645588,health-beauty
1645602,health-beauty
1645624,health-beauty
1645635,health-beauty
1645646,health-beauty
1645668,health-beauty
1645680,health-beauty
1645726,health-beauty
1645760,health-beauty
1645806,health-beauty
1645872,health-beauty
1645930,health-beauty
1645941,health-beauty
1645952,health-beauty
1646060,health-beauty
1646285,health-beauty
1646300,health-beauty
1646332,health-beauty
1646376,health-beauty
1646401,health-beauty
1646434,health-beauty
1646456,health-beauty
1646489,health-beauty
1646490,health-beauty
1646660,health-beauty
1646693,health-beauty
1646707,health-beauty
1646718,health-beauty
1646730,health-beauty
1646740,health-beauty
1646751,health-beauty
1646784,health-beauty
1647084,health-beauty
1647302,health-beauty
1647313,health-beauty
1647324,health-beauty
1647380,health-beauty
1647415,health-beauty
1647492,health-beauty
1647539,health-beauty
1647561,health-beauty
1647572,health-beauty
1647798,health-beauty
1647801,health-beauty
1647823,health-beauty
1647889,health-beauty
1647890,health-beauty
1647903,health-beauty
1647925,health-beauty
1647947,health-beauty
1648010,health-beauty
1648032,health-beauty
1648054,health-beauty
1648393,health-beauty
1648429,health-beauty
1648462,health-beauty
1648484,health-beauty
1648509,health-beauty
1648510,health-beauty
1648520,health-beauty
1648531,health-beauty
1648542,health-beauty
1648553,health-beauty
1648575,health-beauty
1648600,health-beauty
1648611,health-beauty
1648622,health-beauty
1648633,health-beauty
1648644,health-beauty
1648655,health-beauty
1648666,health-beauty
1648677,health-beauty
1648688,health-beauty
1648699,health-beauty
1648702,health-beauty
1648713,health-beauty
1648724,health-beauty
1648735,health-beauty
1648757,health-beauty
1648768,health-beauty
1648779,health-beauty
1648780,health-beauty
1648790,health-beauty
1648804,health-beauty
1648815,health-beauty
1648826,health-beauty
1648837,health-beauty
1648860,health-beauty
1648917,health-beauty
1648940,health-beauty
1648950,health-beauty
1649013,health-beauty
1649024,health-beauty
1649057,health-beauty
1649068,health-beauty
1649079,health-beauty
1651354,health-beauty
1651955,health-beauty
1651999,health-beauty
1652007,health-beauty
1652018,health-beauty
1652029,health-beauty
1652030,health-beauty
1652823,health-beauty
1655650,health-beauty
1655661,health-beauty
1655876,health-beauty
1655901,health-beauty
1678102,health-beauty
1678408,health-beauty
1679717,health-beauty
1680002,health-beauty
1680024,health-beauty
1683000,health-beauty
1683011,health-beauty
1683893,health-beauty
1685640,health-beauty
1686949,health-beauty
1686971,health-beauty
1688671,health-beauty
1688740,health-beauty
1688933,health-beauty
1688955,health-beauty
1689164,health-beauty
1689197,health-beauty
1689200,health-beauty
1689572,health-beauty
1699929,health-beauty
1699951,health-beauty
1699962,health-beauty
1699984,health-beauty
1699995,health-beauty
1700008,health-beauty
1700019,health-beauty
1700020,health-beauty
1700052,health-beauty
1700063,health-beauty
1700777,health-beauty
1700788,health-beauty
1700799,health-beauty
1700802,health-beauty
1700813,health-beauty
1700835,health-beauty
1702910,health-beauty
1704461,health-beauty
1706015,health-beauty
1706026,health-beauty
1706037,health-beauty
1706059,health-beauty
1706081,health-beauty
1706183,health-beauty
1707620,health-beauty
1707630,health-beauty
1707641,health-beauty
1707652,health-beauty
1707754,health-beauty
1707765,health-beauty
1708586,health-beauty
1708611,health-beauty
1708666,health-beauty
1708768,health-beauty
1709910,health-beauty
1709975,health-beauty
1709986,health-beauty
1710001,health-beauty
1710012,health-beauty
1710034,health-beauty
1710103,health-beauty
1710136,health-beauty
1710872,health-beauty
1710883,health-beauty
1710908,health-beauty
1710919,health-beauty
1719527,health-beauty
1721471,health-beauty
1721493,health-beauty
1721540,health-beauty
1722485,health-beauty
1722496,health-beauty
1723127,health-beauty
1723557,health-beauty
1723568,health-beauty
1724163,health-beauty
1724174,health-beauty
1724185,health-beauty
1724232,health-beauty
1724243,health-beauty
1724254,health-beauty
1724276,health-beauty
1724298,health-beauty
1724301,health-beauty
1724312,health-beauty
1724458,health-beauty
1724469,health-beauty
1724470,health-beauty
1724491,health-beauty
1724516,health-beauty
1724527,health-beauty
1724538,health-beauty
1724550,health-beauty
1724630,health-beauty
1724640,health-beauty
1724651,health-beauty
1724662,health-beauty
1724673,health-beauty
1724684,health-beauty
1724695,health-beauty
1724709,health-beauty
1724710,health-beauty
1724720,health-beauty
1724731,health-beauty
1724742,health-beauty
1724753,health-beauty
1724797,health-beauty
1724833,health-beauty
1724855,health-beauty
1724888,health-beauty
1724902,health-beauty
1724924,health-beauty
1725814,health-beauty
1726420,health-beauty
1735705,health-beauty
1736399,health-beauty
1736537,health-beauty
1736548,health-beauty
1736559,health-beauty
1736570,health-beauty
1736719,health-beauty
1737096,health-beauty
1737110,health-beauty
1737132,health-beauty
1737176,health-beauty
1737187,health-beauty
1737369,health-beauty
1737370,health-beauty
1737427,health-beauty
1737450,health-beauty
1737460,health-beauty
1737471,health-beauty
1737482,health-beauty
1737493,health-beauty
1737507,health-beauty
1737518,health-beauty
1737529,health-beauty
1737530,health-beauty
1737540,health-beauty
1737551,health-beauty
1737562,health-beauty
1737573,health-beauty
1737584,health-beauty
1737595,health-beauty
1737609,health-beauty
1737610,health-beauty
1737664,health-beauty
1737675,health-beauty
1737697,health-beauty
1737700,health-beauty
1737711,health-beauty
1737744,health-beauty
1737788,health-beauty
1737802,health-beauty
1737813,health-beauty
1737824,health-beauty
1737846,health-beauty
1737857,health-beauty
1737879,health-beauty
1737926,health-beauty
1738022,health-beauty
1740647,health-beauty
1740830,health-beauty
1741355,health-beauty
1742880,health-beauty
1742904,health-beauty
1743011,health-beauty
1743033,health-beauty
1743044,health-beauty
1743995,health-beauty
1744003,health-beauty
1744091,health-beauty
1744150,health-beauty
1744171,health-beauty
1744433,health-beauty
1745050,health-beauty
1745094,health-beauty
1745630,health-beauty
1745651,health-beauty
1745902,health-beauty
1746031,health-beauty
1747395,health-beauty
1747602,health-beauty
1748875,health-beauty
1749914,health-beauty
1750312,health-beauty
1750549,health-beauty
1750593,health-beauty
1753489,health-beauty
1753503,health-beauty
1753558,health-beauty
1755462,health-beauty
1757151,health-beauty
1757708,health-beauty
1758187,health-beauty
1758540,health-beauty
1758610,health-beauty
1758620,health-beauty
1758755,health-beauty
1770626,health-beauty
1770660,health-beauty
1783570,health-beauty
1783694,health-beauty
1783741,health-beauty
1784846,health-beauty
1788789,health-beauty
1789602,health-beauty
1789680,health-beauty
1790033,health-beauty
1790055,health-beauty
1795208,health-beauty
1799504,health-beauty
1800909,health-beauty
1801016,health-beauty
1801060,health-beauty
1810174,health-beauty
1812090,health-beauty
1829401,health-beauty
1829412,health-beauty
1829423,health-beauty
1829434,health-beauty
1829445,health-beauty
1829456,health-beauty
1829707,health-beauty
1829730,health-beauty
1829751,health-beauty
1829842,health-beauty
1829900,health-beauty
1829922,health-beauty
1829944,health-beauty
1829966,health-beauty
1829988,health-beauty
1829999,health-beauty
1831152,health-beauty
1831276,health-beauty
1831298,health-beauty
1831301,health-beauty
1831312,health-beauty
1831334,health-beauty
1831356,health-beauty
1831389,health-beauty
1831390,health-beauty
1831403,health-beauty
1831414,health-beauty
1832428,health-beauty
1832440,health-beauty
1832712,health-beauty
1832723,health-beauty
1832790,health-beauty
1832803,health-beauty
1832847,health-beauty
1835313,health-beauty
1847141,health-beauty
1848042,health-beauty
1848053,health-beauty
1848064,health-beauty
1848111,health-beauty
1848461,health-beauty
1848472,health-beauty
1848676,health-beauty
1850011,health-beauty
1850703,health-beauty
1850747,health-beauty
1850758,health-beauty
1850769,health-beauty
1851251,health-beauty
1851262,health-beauty
1851273,health-beauty
1851284,health-beauty
1855922,health-beauty
1855944,health-beauty
1855955,health-beauty
1855977,health-beauty
1855988,health-beauty
1855999,health-beauty
1873243,health-beauty
1873265,health-beauty
1873276,health-beauty
1874235,health-beauty
1875908,health-beauty
1875919,health-beauty
1875920,health-beauty
1875930,health-beauty
1875941,health-beauty
1875963,health-beauty
1875974,health-beauty
1875996,health-beauty
1876015,health-beauty
1876037,health-beauty
1876060,health-beauty
1876070,health-beauty
1876740,health-beauty
1876853,health-beauty
1876977,health-beauty
1877040,health-beauty
1878848,health-beauty
1878859,health-beauty
1878892,health-beauty
1878928,health-beauty
1878950,health-beauty
1878961,health-beauty
1878972,health-beauty
1879228,health-beauty
1879239,health-beauty
1882029,health-beauty
1883860,health-beauty
1883881,health-beauty
1888852,health-beauty
1888863,health-beauty
1901430,health-beauty
1923035,health-beauty
1935410,health-beauty
1935624,health-beauty
1957490,health-beauty
1960246,health-beauty
1960279,health-beauty
1982260,health-beauty
1983864,health-beauty
1990350,health-beauty
1990597,health-beauty
1995874,health-beauty
1995900,health-beauty
1995910,health-beauty
1996403,health-beauty
1996414,health-beauty
2000930,health-beauty
2007849,health-beauty
2007882,health-beauty
2015290,health-beauty
2015304,health-beauty
2015360,health-beauty
2015370,health-beauty
2015381,health-beauty
2020235,health-beauty
2020268,health-beauty
2038365,health-beauty
2038376,health-beauty
2038387,health-beauty
2047479,health-beauty
2065867,health-beauty
2065878,health-beauty
2108347,health-beauty
2110859,health-beauty
2222740,health-beauty
2222783,health-beauty
2222794,health-beauty
2265764,health-beauty
2265775,health-beauty
2268955,health-beauty
2268988,health-beauty
2274200,health-beauty
2274211,health-beauty
2274233,health-beauty
2274459,health-beauty
2274460,health-beauty
2274470,health-beauty
2274492,health-beauty
2274765,health-beauty
2274776,health-beauty
2276884,health-beauty
2277253,health-beauty
2277300,health-beauty
2277617,health-beauty
2277912,health-beauty
2277945,health-beauty
2279383,health-beauty
2279747,health-beauty
2289128,health-beauty
2290400,health-beauty
2290444,health-beauty
2290466,health-beauty
2290513,health-beauty
2290557,health-beauty
2290580,health-beauty
2292450,health-beauty
2292461,health-beauty
2292483,health-beauty
2292858,health-beauty
2292869,health-beauty
2292927,health-beauty
2292971,health-beauty
2292982,health-beauty
2296338,health-beauty
2296350,health-beauty
2296371,health-beauty
2296407,health-beauty
2296418,health-beauty
2296484,health-beauty
2296495,health-beauty
2296509,health-beauty
2303580,health-beauty
2303604,health-beauty
2319273,health-beauty
2321526,health-beauty
2335699,health-beauty
2363480,health-beauty
2363592,health-beauty
2363606,health-beauty
2363617,health-beauty
2363650,health-beauty
2363774,health-beauty
2364391,health-beauty
2364438,health-beauty
2371660,health-beauty
2371739,health-beauty
2371761,health-beauty
2373632,health-beauty
2373654,health-beauty
2375274,health-beauty
2375285,health-beauty
2375300,health-beauty
2375332,health-beauty
2375343,health-beauty
2382644,health-beauty
2382702,health-beauty
2382790,health-beauty
2382815,health-beauty
2382939,health-beauty
2382950,health-beauty
2383137,health-beauty
2392331,health-beauty
2428541,health-beauty
2458327,health-beauty
2459590,health-beauty
2459603,health-beauty
2464691,health-beauty
2464727,health-beauty
2464738,health-beauty
2464807,health-beauty
2467317,health-beauty
2497817,health-beauty
2507309,health-beauty
2556202,health-beauty
2556213,health-beauty
2564357,health-beauty
2564415,health-beauty
2564798,health-beauty
2590798,health-beauty
2598825,health-beauty
2606606,health-beauty
2606640,health-beauty
2620673,health-beauty
2620742,health-beauty
2621010,health-beauty
2621075,health-beauty
2621097,health-beauty
2621235,health-beauty
2621246,health-beauty
2621574,health-beauty
2621778,health-beauty
2622464,health-beauty
2622497,health-beauty
2629612,health-beauty
2646269,health-beauty
2646622,health-beauty
2646644,health-beauty
2647057,health-beauty
2647261,health-beauty
2649267,health-beauty
2649278,health-beauty
2658950,health-beauty
2663450,health-beauty
2666572,health-beauty
2666619,health-beauty
2666663,health-beauty
2666674,health-beauty
2666700,health-beauty
2666765,health-beauty
2666867,health-beauty
2670649,health-beauty
2671142,health-beauty
2671878,health-beauty
2672214,health-beauty
2675562,health-beauty
2675610,health-beauty
2676124,health-beauty
2676179,health-beauty
2676973,health-beauty
2677284,health-beauty
2677841,health-beauty
2677863,health-beauty
2677874,health-beauty
2677896,health-beauty
2677900,health-beauty
2677921,health-beauty
2677943,health-beauty
2679100,health-beauty
2679122,health-beauty
2679133,health-beauty
2679520,health-beauty
2686004,health-beauty
2686026,health-beauty
2697973,health-beauty
2710991,health-beauty
2792599,health-beauty
2792635,health-beauty
2794164,health-beauty
2794175,health-beauty
2814603,health-beauty
2814625,health-beauty
2818615,health-beauty
2825993,health-beauty
2826001,health-beauty
2826012,health-beauty
2826090,health-beauty
2826114,health-beauty
2826125,health-beauty
2828743,health-beauty
2834451,health-beauty
2834495,health-beauty
2834510,health-beauty
2834520,health-beauty
2835352,health-beauty
2837314,health-beauty
2837427,health-beauty
2837507,health-beauty
2837959,health-beauty
2843260,health-beauty
2843292,health-beauty
2843340,health-beauty
2843408,health-beauty
2845844,health-beauty
2845855,health-beauty
2845877,health-beauty
2845888,health-beauty
2845946,health-beauty
2845979,health-beauty
2845980,health-beauty
2855600,health-beauty
2855892,health-beauty
2855972,health-beauty
2856013,health-beauty
2857650,health-beauty
2857934,health-beauty
2857945,health-beauty
2858198,health-beauty
2859044,health-beauty
2859055,health-beauty
2859168,health-beauty
2859306,health-beauty
2859430,health-beauty
2859532,health-beauty
2859780,health-beauty
2859791,health-beauty
2859827,health-beauty
2859838,health-beauty
2861738,health-beauty
2861771,health-beauty
2862130,health-beauty
2862210,health-beauty
2862286,health-beauty
2862297,health-beauty
2862300,health-beauty
2862388,health-beauty
2862402,health-beauty
2862446,health-beauty
2862468,health-beauty
2862479,health-beauty
2862480,health-beauty
2864270,health-beauty
2864281,health-beauty
2864645,health-beauty
2864678,health-beauty
2864703,health-beauty
2864714,health-beauty
2864838,health-beauty
2864882,health-beauty
2864918,health-beauty
2864929,health-beauty
2864930,health-beauty
2865116,health-beauty
2865171,health-beauty
2867938,health-beauty
2868679,health-beauty
2868690,health-beauty
2868759,health-beauty
2868817,health-beauty
2869285,health-beauty
2869456,health-beauty
2869489,health-beauty
2872654,health-beauty
2873170,health-beauty
2897190,health-beauty
2897214,health-beauty
2897291,health-beauty
2897327,health-beauty
2898964,health-beauty
2900545,health-beauty
2900670,health-beauty
2900909,health-beauty
2901435,health-beauty
2904488,health-beauty
2904692,health-beauty
2904717,health-beauty
2911745,health-beauty
2915972,health-beauty
2916002,health-beauty
2916035,health-beauty
2920655,health-beauty
2930568,health-beauty
2930579,health-beauty
2940051,health-beauty
2940073,health-beauty
2940109,health-beauty
2940120,health-beauty
2940175,health-beauty
2940200,health-beauty
2940222,health-beauty
2940299,health-beauty
2940324,health-beauty
2940380,health-beauty
2940426,health-beauty
2940459,health-beauty
2940492,health-beauty
2940506,health-beauty
2994050,health-beauty
2994108,health-beauty
2994119,health-beauty
2994130,health-beauty
2994152,health-beauty
2994243,health-beauty
2994254,health-beauty
2994265,health-beauty
2994287,health-beauty
2994458,health-beauty
2994469,health-beauty
2994538,health-beauty
2994550,health-beauty
2994990,health-beauty
2995009,health-beauty
2995778,health-beauty
2995803,health-beauty
2995814,health-beauty
2996384,health-beauty
2996409,health-beauty
2996894,health-beauty
2997955,health-beauty
2997988,health-beauty
2998029,health-beauty
3004857,health-beauty
3004879,health-beauty
3004915,health-beauty
3004937,health-beauty
3004948,health-beauty
3013632,health-beauty
3014566,health-beauty
3014588,health-beauty
3019220,health-beauty
3019923,health-beauty
3020525,health-beauty
3021368,health-beauty
3021379,health-beauty
3021390,health-beauty
3021619,health-beauty
3021620,health-beauty
3021630,health-beauty
3021674,health-beauty
3021696,health-beauty
3022316,health-beauty
3022600,health-beauty
3022702,health-beauty
3022780,health-beauty
3022790,health-beauty
3022815,health-beauty
3022826,health-beauty
3022881,health-beauty
3023035,health-beauty
3023057,health-beauty
3024210,health-beauty
3024333,health-beauty
3032852,health-beauty
3033334,health-beauty
3033436,health-beauty
3033447,health-beauty
3033480,health-beauty
3033491,health-beauty
3033651,health-beauty
3033662,health-beauty
3033673,health-beauty
3035930,health-beauty
3035941,health-beauty
3041401,health-beauty
3048885,health-beauty
3048896,health-beauty
3049006,health-beauty
3054072,health-beauty
3057864,health-beauty
3057875,health-beauty
3058390,health-beauty
3058437,health-beauty
3058470,health-beauty
3060461,health-beauty
3062966,health-beauty
3068088,health-beauty
3111380,health-beauty
3111427,health-beauty
3111609,health-beauty
3130487,health-beauty
3130567,health-beauty
3130658,health-beauty
3132052,health-beauty
3132290,health-beauty
3137318,health-beauty
3138525,health-beauty
3140844,health-beauty
3140855,health-beauty
3140866,health-beauty
3148584,health-beauty
3148595,health-beauty
3149565,health-beauty
3149576,health-beauty
3149601,health-beauty
3149612,health-beauty
3151046,health-beauty
3152548,health-beauty
3154816,health-beauty
3154827,health-beauty
3154930,health-beauty
3154940,health-beauty
3154973,health-beauty
3154984,health-beauty
3155025,health-beauty
3156120,health-beauty
3157596,health-beauty
3157687,health-beauty
3157701,health-beauty
3157712,health-beauty
3157789,health-beauty
3160648,health-beauty
3160659,health-beauty
3161571,health-beauty
3161630,health-beauty
3161979,health-beauty
3162155,health-beauty
3162654,health-beauty
3163522,health-beauty
3163577,health-beauty
3163963,health-beauty
3164015,health-beauty
3164026,health-beauty
3164252,health-beauty
3169675,health-beauty
3176411,health-beauty
3223329,health-beauty
3223330,health-beauty
3227206,health-beauty
3227217,health-beauty
3231462,health-beauty
3232261,health-beauty
3233989,health-beauty
3234347,health-beauty
3234369,health-beauty
3234370,health-beauty
3234416,health-beauty
3234438,health-beauty
3234529,health-beauty
3234551,health-beauty
3234562,health-beauty
3239486,health-beauty
3239497,health-beauty
3239500,health-beauty
3239544,health-beauty
3240532,health-beauty
3240543,health-beauty
3240645,health-beauty
3240984,health-beauty
3248272,health-beauty
3248283,health-beauty
3248308,health-beauty
3248374,health-beauty
3248385,health-beauty
3256667,health-beauty
3256780,health-beauty
3256860,health-beauty
3256951,health-beauty
3257411,health-beauty
3257502,health-beauty
3264290,health-beauty
3264950,health-beauty
3268316,health-beauty
3269829,health-beauty
3271445,health-beauty
3273407,health-beauty
3279469,health-beauty
3279775,health-beauty
3279786,health-beauty
3280140,health-beauty
3281008,health-beauty
3283568,health-beauty
3283772,health-beauty
3283794,health-beauty
3292886,health-beauty
3293164,health-beauty
3293175,health-beauty
3293528,health-beauty
3298667,health-beauty
3299987,health-beauty
3301524,health-beauty
3301535,health-beauty
3301546,health-beauty
3302742,health-beauty
3302764,health-beauty
3303086,health-beauty
3303100,health-beauty
3303224,health-beauty
3303246,health-beauty
3303268,health-beauty
3303279,health-beauty
3303304,health-beauty
3303315,health-beauty
3303337,health-beauty
3303359,health-beauty
3308192,health-beauty
3325668,health-beauty
3326467,health-beauty
3328713,health-beauty
3328746,health-beauty
3328892,health-beauty
3363022,health-beauty
3363667,health-beauty
3363940,health-beauty
3363951,health-beauty
3363995,health-beauty
3364003,health-beauty
3364025,health-beauty
3364105,health-beauty
3365516,health-beauty
3365571,health-beauty
3365582,health-beauty
3365673,health-beauty
3365684,health-beauty
3365710,health-beauty
3365833,health-beauty
3365844,health-beauty
3365855,health-beauty
3399960,health-beauty
3400821,health-beauty
3400832,health-beauty
3400854,health-beauty
3400887,health-beauty
3400898,health-beauty
3400912,health-beauty
3400934,health-beauty
3400956,health-beauty
3400990,health-beauty
3401008,health-beauty
3401074,health-beauty
3401744,health-beauty
3401813,health-beauty
3402601,health-beauty
3410257,health-beauty
3411078,health-beauty
3411613,health-beauty
3411883,health-beauty
3412900,health-beauty
3413685,health-beauty
3413710,health-beauty
3414032,health-beauty
3414054,health-beauty
3414462,health-beauty
3414768,health-beauty
3415590,health-beauty
3415669,health-beauty
3415909,health-beauty
3415920,health-beauty
3416151,health-beauty
3416173,health-beauty
3416195,health-beauty
3416560,health-beauty
3417325,health-beauty
3417788,health-beauty
3417799,health-beauty
3417824,health-beauty
3417835,health-beauty
3417937,health-beauty
3417970,health-beauty
3417981,health-beauty
3418598,health-beauty
3419171,health-beauty
3419207,health-beauty
3419240,health-beauty
3419262,health-beauty
3419320,health-beauty
3419513,health-beauty
3419568,health-beauty
3422370,health-beauty
3422460,health-beauty
3422686,health-beauty
3425061,health-beauty
3428037,health-beauty
3432453,health-beauty
3432588,health-beauty
3432624,health-beauty
3433580,health-beauty
3433591,health-beauty
3434299,health-beauty
3434390,health-beauty
3434437,health-beauty
3434460,health-beauty
3435495,health-beauty
3435509,health-beauty
3438370,health-beauty
3438518,health-beauty
3438755,health-beauty
3438835,health-beauty
3438857,health-beauty
3445590,health-beauty
3447188,health-beauty
3447304,health-beauty
3447406,health-beauty
3449456,health-beauty
3449944,health-beauty
3449977,health-beauty
3450488,health-beauty
3450568,health-beauty
3450580,health-beauty
3450615,health-beauty
3450670,health-beauty
3450692,health-beauty
3450740,health-beauty
3453362,health-beauty
3455255,health-beauty
3465929,health-beauty
3466058,health-beauty
3466386,health-beauty
3466422,health-beauty
3468858,health-beauty
3469351,health-beauty
3469464,health-beauty
3470292,health-beauty
3470452,health-beauty
3471240,health-beauty
3476947,health-beauty
3477000,health-beauty
3477010,health-beauty
3479570,health-beauty
3509365,health-beauty
3509376,health-beauty
3509387,health-beauty
3509853,health-beauty
3510003,health-beauty
3510069,health-beauty
3510230,health-beauty
3512064,health-beauty
3512100,health-beauty
3512155,health-beauty
3513384,health-beauty
3514570,health-beauty
3516917,health-beauty
3516928,health-beauty
3517319,health-beauty
3517341,health-beauty
3517374,health-beauty
3519471,health-beauty
3519493,health-beauty
3519664,health-beauty
3523399,health-beauty
3523413,health-beauty
3523435,health-beauty
3525500,health-beauty
3530929,health-beauty
3531670,health-beauty
3531692,health-beauty
3534170,health-beauty
3534180,health-beauty
3534216,health-beauty
3534883,health-beauty
3534941,health-beauty
3534952,health-beauty
3535026,health-beauty
3535525,health-beauty
3536277,health-beauty
3536299,health-beauty
3536302,health-beauty
3537258,health-beauty
3537462,health-beauty
3538330,health-beauty
3538341,health-beauty
3538352,health-beauty
3538363,health-beauty
3538669,health-beauty
3540004,health-beauty
3540026,health-beauty
3540037,health-beauty
3540048,health-beauty
3540059,health-beauty
3540081,health-beauty
3540128,health-beauty
3540140,health-beauty
3540161,health-beauty
3540219,health-beauty
3540241,health-beauty
3542407,health-beauty
3542757,health-beauty
3542848,health-beauty
3544581,health-beauty
3544617,health-beauty
3552149,health-beauty
3557700,health-beauty
3557798,health-beauty
3557823,health-beauty
3557834,health-beauty
3557845,health-beauty
3560930,health-beauty
3560985,health-beauty
3561004,health-beauty
3566609,health-beauty
3571493,health-beauty
3571529,health-beauty
3571609,health-beauty
3579065,health-beauty
3579553,health-beauty
3582605,health-beauty
3583652,health-beauty
3583834,health-beauty
3583856,health-beauty
3583925,health-beauty
3584134,health-beauty
3585443,health-beauty
3585487,health-beauty
3588441,health-beauty
3588850,health-beauty
3588940,health-beauty
3588995,health-beauty
3589105,health-beauty
3589309,health-beauty
3590840,health-beauty
3591912,health-beauty
3591934,health-beauty
3591945,health-beauty
3591978,health-beauty
3591989,health-beauty
3592052,health-beauty
3592074,health-beauty
3592132,health-beauty
3592143,health-beauty
3592154,health-beauty
3592212,health-beauty
3592256,health-beauty
3592267,health-beauty
3592278,health-beauty
3592289,health-beauty
3593521,health-beauty
3593532,health-beauty
3593565,health-beauty
3593587,health-beauty
3593598,health-beauty
3593623,health-beauty
3593634,health-beauty
3593656,health-beauty
3593667,health-beauty
3593678,health-beauty
3593689,health-beauty
3593690,health-beauty
3593714,health-beauty
3593725,health-beauty
3593747,health-beauty
3593758,health-beauty
3595855,health-beauty
3596790,health-beauty
3597227,health-beauty
3599120,health-beauty
3605584,health-beauty
3605595,health-beauty
3605610,health-beauty
3606099,health-beauty
3606306,health-beauty
3606383,health-beauty
3610143,health-beauty
3610449,health-beauty
3610471,health-beauty
3610915,health-beauty
3610926,health-beauty
3611281,health-beauty
3614927,health-beauty
3615395,health-beauty
3615453,health-beauty
3615464,health-beauty
3615475,health-beauty
3615500,health-beauty
3615511,health-beauty
3615522,health-beauty
3615533,health-beauty
3615555,health-beauty
3615566,health-beauty
3615588,health-beauty
3615679,health-beauty
3616310,health-beauty
3616616,health-beauty
3616627,health-beauty
3616638,health-beauty
3616649,health-beauty
3616650,health-beauty
3616660,health-beauty
3616671,health-beauty
3616682,health-beauty
3616693,health-beauty
3616707,health-beauty
3616718,health-beauty
3616922,health-beauty
3617018,health-beauty
3617040,health-beauty
3617051,health-beauty
3617073,health-beauty
3617608,health-beauty
3617620,health-beauty
3628433,health-beauty
3628499,health-beauty
3628502,health-beauty
3629072,health-beauty
3631416,health-beauty
3648521,health-beauty
3649499,health-beauty
3653113,health-beauty
3653372,health-beauty
3658387,health-beauty
3658401,health-beauty
3660797,health-beauty
3660811,health-beauty
3660822,health-beauty
3660844,health-beauty
3660866,health-beauty
3660877,health-beauty
3660899,health-beauty
3660902,health-beauty
3660913,health-beauty
3677676,health-beauty
3680400,health-beauty
3680499,health-beauty
3681640,health-beauty
3693901,health-beauty
3693990,health-beauty
3695168,health-beauty
3695496,health-beauty
3699067,health-beauty
3699635,health-beauty
3699883,health-beauty
3700213,health-beauty
3700304,health-beauty
3700406,health-beauty
3700745,health-beauty
3702718,health-beauty
3706402,health-beauty
3706526,health-beauty
3708419,health-beauty
3708452,health-beauty
3710501,health-beauty
3710545,health-beauty
3710589,health-beauty
3710691,health-beauty
3710705,health-beauty
3710727,health-beauty
3710851,health-beauty
3711413,health-beauty
3711628,health-beauty
3711639,health-beauty
3711661,health-beauty
3712460,health-beauty
3712573,health-beauty
3712711,health-beauty
3713000,health-beauty
3713011,health-beauty
3713033,health-beauty
3714375,health-beauty
3721166,health-beauty
3722045,health-beauty
3722089,health-beauty
3722103,health-beauty
3722136,health-beauty
3722180,health-beauty
3722191,health-beauty
3722205,health-beauty
3722318,health-beauty
3722420,health-beauty
3722453,health-beauty
3723150,health-beauty
3723161,health-beauty
3723172,health-beauty
3723220,health-beauty
3723332,health-beauty
3723365,health-beauty
3723376,health-beauty
3723398,health-beauty
3723740,health-beauty
3723820,health-beauty
3724051,health-beauty
3724095,health-beauty
3724142,health-beauty
3724164,health-beauty
3724175,health-beauty
3724186,health-beauty
3724277,health-beauty
3724299,health-beauty
3724335,health-beauty
3727140,health-beauty
3727151,health-beauty
3727184,health-beauty
3727195,health-beauty
3728223,health-beauty
3728744,health-beauty
3730360,health-beauty
3730429,health-beauty
3730430,health-beauty
3730440,health-beauty
3731363,health-beauty
3731487,health-beauty
3731669,health-beauty
3731680,health-beauty
3731829,health-beauty
3731873,health-beauty
3731920,health-beauty
3731931,health-beauty
3732297,health-beauty
3732355,health-beauty
3732639,health-beauty
3732650,health-beauty
3732672,health-beauty
3733471,health-beauty
3733482,health-beauty
3733529,health-beauty
3733551,health-beauty
3733595,health-beauty
3733609,health-beauty
3733610,health-beauty
3733620,health-beauty
3733664,health-beauty
3733722,health-beauty
3733733,health-beauty
3733744,health-beauty
3734044,health-beauty
3734055,health-beauty
3734066,health-beauty
3734157,health-beauty
3734179,health-beauty
3734281,health-beauty
3734328,health-beauty
3734420,health-beauty
3734430,health-beauty
3734576,health-beauty
3734587,health-beauty
3734601,health-beauty
3735422,health-beauty
3740885,health-beauty
3745109,health-beauty
3751123,health-beauty
3751134,health-beauty
3751145,health-beauty
3751156,health-beauty
3751167,health-beauty
3753129,health-beauty
3755962,health-beauty
3758097,health-beauty
3758100,health-beauty
3758202,health-beauty
3758257,health-beauty
3758279,health-beauty
3758519,health-beauty
3758520,health-beauty
3760180,health-beauty
3760248,health-beauty
3760281,health-beauty
3760317,health-beauty
3760350,health-beauty
3763698,health-beauty
3763723,health-beauty
3765445,health-beauty
3768217,health-beauty
3768228,health-beauty
3768239,health-beauty
3768240,health-beauty
3768705,health-beauty
3769479,health-beauty
3770332,health-beauty
3770354,health-beauty
3770365,health-beauty
3770434,health-beauty
3770489,health-beauty
3770514,health-beauty
3770660,health-beauty
3770707,health-beauty
3771018,health-beauty
3771095,health-beauty
3771630,health-beauty
3775369,health-beauty
3779246,health-beauty
3779257,health-beauty
3782400,health-beauty
3787970,health-beauty
3788087,health-beauty
3788098,health-beauty
3788112,health-beauty
3788123,health-beauty
3788167,health-beauty
3789578,health-beauty
3789997,health-beauty
3790001,health-beauty
3790012,health-beauty
3791525,health-beauty
3791536,health-beauty
3792073,health-beauty
3793633,health-beauty
3793677,health-beauty
3793702,health-beauty
3793713,health-beauty
3793724,health-beauty
3793735,health-beauty
3796551,health-beauty
3796573,health-beauty
3796595,health-beauty
3798364,health-beauty
3798397,health-beauty
3812636,health-beauty
3812647,health-beauty
3812669,health-beauty
3816310,health-beauty
3816386,health-beauty
3816740,health-beauty
3817130,health-beauty
3817141,health-beauty
3817174,health-beauty
3817196,health-beauty
3818199,health-beauty
3819136,health-beauty
3820918,health-beauty
3820984,health-beauty
3821149,health-beauty
3821397,health-beauty
3822855,health-beauty
3823213,health-beauty
3823280,health-beauty
3823290,health-beauty
3823440,health-beauty
3826812,health-beauty
3827112,health-beauty
3829650,health-beauty
3829661,health-beauty
3829672,health-beauty
3831368,health-beauty
3832054,health-beauty
3833851,health-beauty
3837193,health-beauty
3837218,health-beauty
3837364,health-beauty
3837513,health-beauty
3839359,health-beauty
3844370,health-beauty
3844392,health-beauty
3847460,health-beauty
3847470,health-beauty
3847583,health-beauty
3847594,health-beauty
3847620,health-beauty
3849909,health-beauty
3849910,health-beauty
3856063,health-beauty
3878077,health-beauty
3880024,health-beauty
3880057,health-beauty
3880080,health-beauty
3880090,health-beauty
3880115,health-beauty
3880320,health-beauty
3883077,health-beauty
3883099,health-beauty
3896385,health-beauty
3898482,health-beauty
3898981,health-beauty
3932467,health-beauty
3944513,health-beauty
3945684,health-beauty
3949889,health-beauty
3959190,health-beauty
3959204,health-beauty
3959237,health-beauty
3959441,health-beauty
3959463,health-beauty
3961057,health-beauty
3961884,health-beauty
3961964,health-beauty
3962129,health-beauty
3962810,health-beauty
3963369,health-beauty
3967009,health-beauty
3967111,health-beauty
3967166,health-beauty
3973475,health-beauty
3973588,health-beauty
3977590,health-beauty
3977771,health-beauty
3978027,health-beauty
3978162,health-beauty
3978173,health-beauty
3978184,health-beauty
3978195,health-beauty
3978209,health-beauty
3978210,health-beauty
3978333,health-beauty
3978344,health-beauty
3978388,health-beauty
3978537,health-beauty
3978548,health-beauty
3978570,health-beauty
3978581,health-beauty
3978592,health-beauty
3978672,health-beauty
3978683,health-beauty
3978796,health-beauty
3978810,health-beauty
3979041,health-beauty
3979052,health-beauty
3979110,health-beauty
3979391,health-beauty
3979460,health-beauty
3979493,health-beauty
3979518,health-beauty
3979551,health-beauty
3979642,health-beauty
3979686,health-beauty
3979711,health-beauty
3979959,health-beauty
3979970,health-beauty
3979981,health-beauty
3980018,health-beauty
3980051,health-beauty
3980062,health-beauty
3980073,health-beauty
3980084,health-beauty
3980109,health-beauty
3980110,health-beauty
3980120,health-beauty
3980131,health-beauty
3980153,health-beauty
3980175,health-beauty
3980197,health-beauty
3980200,health-beauty
3980255,health-beauty
3980277,health-beauty
3980288,health-beauty
3980299,health-beauty
3980313,health-beauty
3980324,health-beauty
3980335,health-beauty
3980368,health-beauty
3980390,health-beauty
3980426,health-beauty
3980459,health-beauty
3980481,health-beauty
3981757,health-beauty
3989577,health-beauty
3989679,health-beauty
3989760,health-beauty
3990000,health-beauty
3990180,health-beauty
3990226,health-beauty
3990259,health-beauty
3991681,health-beauty
3994431,health-beauty
3994453,health-beauty
4147215,health-beauty
4150887,health-beauty
4150923,health-beauty
4152690,health-beauty
4153150,health-beauty
4153320,health-beauty
4155745,health-beauty
4155756,health-beauty
4165330,health-beauty
4186104,health-beauty
4186239,health-beauty
4187210,health-beauty
4187413,health-beauty
4195783,health-beauty
4197304,health-beauty
4197359,health-beauty
4198872,health-beauty
4201751,health-beauty
4203735,health-beauty
4203950,health-beauty
4206700,health-beauty
4206711,health-beauty
4206744,health-beauty
4207984,health-beauty
4216227,health-beauty
4223674,health-beauty
4223765,health-beauty
4223776,health-beauty
4223798,health-beauty
4223801,health-beauty
4226763,health-beauty
4226774,health-beauty
4227766,health-beauty
4229116,health-beauty
4230272,health-beauty
4232664,health-beauty
4232675,health-beauty
4232697,health-beauty
4240618,health-beauty
4240979,health-beauty
4240980,health-beauty
4240990,health-beauty
4242522,health-beauty
4242533,health-beauty
4248664,health-beauty
4253788,health-beauty
4253799,health-beauty
4253824,health-beauty
4253846,health-beauty
4255171,health-beauty
4255218,health-beauty
4255229,health-beauty
4255230,health-beauty
4256254,health-beauty
4256265,health-beauty
4256276,health-beauty
4256287,health-beauty
4256298,health-beauty
4256301,health-beauty
4256312,health-beauty
4256323,health-beauty
4256334,health-beauty
4256345,health-beauty
4256378,health-beauty
4256389,health-beauty
4256390,health-beauty
4256775,health-beauty
4256786,health-beauty
4256800,health-beauty
4256822,health-beauty
4260885,health-beauty
4261028,health-beauty
4261039,health-beauty
4261061,health-beauty
4261083,health-beauty
4261899,health-beauty
4282491,health-beauty
4301723,health-beauty
4306603,health-beauty
4308540,health-beauty
4308610,health-beauty
4308686,health-beauty
4309248,health-beauty
4309292,health-beauty
4309372,health-beauty
4309576,health-beauty
4309587,health-beauty
4309703,health-beauty
4309714,health-beauty
4309736,health-beauty
4309791,health-beauty
4309816,health-beauty
4309827,health-beauty
4309838,health-beauty
4310134,health-beauty
4310881,health-beauty
4312560,health-beauty
4312570,health-beauty
4314780,health-beauty
4314791,health-beauty
4315364,health-beauty
4320251,health-beauty
4320273,health-beauty
4320284,health-beauty
4320320,health-beauty
4320499,health-beauty
4322472,health-beauty
4322494,health-beauty
4324718,health-beauty
4324740,health-beauty
4324842,health-beauty
4329620,health-beauty
4329722,health-beauty
4330798,health-beauty
4338519,health-beauty
4339307,health-beauty
4339318,health-beauty
4344238,health-beauty
4344453,health-beauty
4346142,health-beauty
4348465,health-beauty
4348476,health-beauty
4348487,health-beauty
4348512,health-beauty
4348680,health-beauty
4348705,health-beauty
4349923,health-beauty
4357987,health-beauty
4358695,health-beauty
4358720,health-beauty
4358753,health-beauty
4358797,health-beauty
4358822,health-beauty
4358833,health-beauty
4358855,health-beauty
4358968,health-beauty
4358980,health-beauty
4359064,health-beauty
4359439,health-beauty
4359450,health-beauty
4359483,health-beauty
4359494,health-beauty
4359508,health-beauty
4359574,health-beauty
4359585,health-beauty
4359698,health-beauty
4359701,health-beauty
4359712,health-beauty
4359734,health-beauty
4360369,health-beauty
4360584,health-beauty
4360610,health-beauty
4364530,health-beauty
4364541,health-beauty
4365894,health-beauty
4373655,health-beauty
4377678,health-beauty
4377690,health-beauty
4377860,health-beauty
4377907,health-beauty
4378455,health-beauty
4378513,health-beauty
4378546,health-beauty
4378819,health-beauty
4378841,health-beauty
4378910,health-beauty
4378921,health-beauty
4378954,health-beauty
4408818,health-beauty
4419440,health-beauty
4443513,health-beauty
4453801,health-beauty
4453823,health-beauty
4453834,health-beauty
4453856,health-beauty
4453878,health-beauty
4453889,health-beauty
4454032,health-beauty
4454043,health-beauty
4454065,health-beauty
4454076,health-beauty
4454087,health-beauty
4454189,health-beauty
4454247,health-beauty
4454269,health-beauty
4454305,health-beauty
4454327,health-beauty
4454393,health-beauty
4454407,health-beauty
4461399,health-beauty
4461617,health-beauty
4461720,health-beauty
4465935,health-beauty
4473570,health-beauty
4475542,health-beauty
4476534,health-beauty
4476545,health-beauty
4476625,health-beauty
4476760,health-beauty
4476895,health-beauty
4476909,health-beauty
4477118,health-beauty
4477129,health-beauty
4477344,health-beauty
4477413,health-beauty
4477446,health-beauty
4479612,health-beauty
4481614,health-beauty
4481669,health-beauty
4481670,health-beauty
4481910,health-beauty
4488533,health-beauty
4494117,health-beauty
4494139,health-beauty
4494140,health-beauty
4494161,health-beauty
4494172,health-beauty
4494183,health-beauty
4496407,health-beauty
4497057,health-beauty
4497320,health-beauty
4497374,health-beauty
4498912,health-beauty
4499085,health-beauty
4499530,health-beauty
4501562,health-beauty
4501610,health-beauty
4501642,health-beauty
4503364,health-beauty
4503444,health-beauty
4503998,health-beauty
4504312,health-beauty
4504662,health-beauty
4504673,health-beauty
4504684,health-beauty
4504695,health-beauty
4505687,health-beauty
4506410,health-beauty
4509134,health-beauty
4509269,health-beauty
4509393,health-beauty
4510348,health-beauty
4515126,health-beauty
4544962,health-beauty
4569715,health-beauty
4569760,health-beauty
4571692,health-beauty
4580911,health-beauty
4583829,health-beauty
4643421,health-beauty
4643487,health-beauty
4658597,health-beauty
4661300,health-beauty
4661310,health-beauty
4669028,health-beauty
4681828,health-beauty
4681839,health-beauty
4701084,health-beauty
4702826,health-beauty
4703705,health-beauty
4703716,health-beauty
4708710,health-beauty
4713673,health-beauty
4715828,health-beauty
4716343,health-beauty
4716354,health-beauty
4717120,health-beauty
4721376,health-beauty
4724330,health-beauty
4730592,health-beauty
4740280,health-beauty
4759492,health-beauty
4764801,health-beauty
4767399,health-beauty
4767560,health-beauty
4777905,health-beauty
4779773,health-beauty
4784569,health-beauty
4788934,health-beauty
4789449,health-beauty
4789518,health-beauty
4790889,health-beauty
4791542,health-beauty
4801839,health-beauty
4804225,health-beauty
4804940,health-beauty
4805443,health-beauty
4806480,health-beauty
4806592,health-beauty
4806650,health-beauty
4807314,health-beauty
4808645,health-beauty
4810454,health-beauty
4810567,health-beauty
4819277,health-beauty
4819448,health-beauty
4819460,health-beauty
4819470,health-beauty
4825225,health-beauty
4825236,health-beauty
4842381,health-beauty
4842392,health-beauty
4842406,health-beauty
4842417,health-beauty
4842428,health-beauty
4842439,health-beauty
4842440,health-beauty
4842450,health-beauty
4842461,health-beauty
4842472,health-beauty
4842520,health-beauty
4847793,health-beauty
4847818,health-beauty
4847862,health-beauty
4849449,health-beauty
4849697,health-beauty
4850062,health-beauty
4856229,health-beauty
4856397,health-beauty
4856400,health-beauty
4856477,health-beauty
4856954,health-beauty
4857447,health-beauty
4866266,health-beauty
4866379,health-beauty
4866390,health-beauty
4866550,health-beauty
4866619,health-beauty
4866620,health-beauty
4866630,health-beauty
4866663,health-beauty
4866674,health-beauty
4866696,health-beauty
4867644,health-beauty
4867713,health-beauty
4882466,health-beauty
4882590,health-beauty
4884406,health-beauty
4884596,health-beauty
4884621,health-beauty
4884632,health-beauty
4884654,health-beauty
4884665,health-beauty
4887765,health-beauty
4919760,health-beauty
4920408,health-beauty
4920882,health-beauty
4933931,health-beauty
4941770,health-beauty
4941780,health-beauty
4941791,health-beauty
4946795,health-beauty
4950464,health-beauty
4950497,health-beauty
4950533,health-beauty
4950599,health-beauty
4950679,health-beauty
4951241,health-beauty
4956937,health-beauty
4957656,health-beauty
4957678,health-beauty
4957827,health-beauty
4957838,health-beauty
4958987,health-beauty
4959017,health-beauty
4959120,health-beauty
4959902,health-beauty
4959957,health-beauty
4959968,health-beauty
4959979,health-beauty
4959980,health-beauty
4959990,health-beauty
4960027,health-beauty
4960038,health-beauty
4960049,health-beauty
4960050,health-beauty
4960060,health-beauty
4960071,health-beauty
4960093,health-beauty
4961201,health-beauty
4961212,health-beauty
4961223,health-beauty
4961267,health-beauty
4961325,health-beauty
4961336,health-beauty
4961347,health-beauty
4962689,health-beauty
4962714,health-beauty
4963116,health-beauty
4963353,health-beauty
4963364,health-beauty
4963670,health-beauty
4963706,health-beauty
4963976,health-beauty
4964185,health-beauty
4964200,health-beauty
4968390,health-beauty
4968426,health-beauty
4968437,health-beauty
4968470,health-beauty
4969076,health-beauty
4969101,health-beauty
4969451,health-beauty
4969575,health-beauty
4969597,health-beauty
4969611,health-beauty
4970235,health-beauty
4970381,health-beauty
4970643,health-beauty
4970676,health-beauty
4970698,health-beauty
4975090,health-beauty
4975137,health-beauty
4975228,health-beauty
4975501,health-beauty
4975523,health-beauty
4975556,health-beauty
4992329,health-beauty
4992566,health-beauty
4992690,health-beauty
4993300,health-beauty
4993467,health-beauty
4994630,health-beauty
4994652,health-beauty
4994969,health-beauty
4995214,health-beauty
5003673,health-beauty
5004494,health-beauty
5004574,health-beauty
5005726,health-beauty
5005941,health-beauty
5009068,health-beauty
5011106,health-beauty
5012845,health-beauty
5015843,health-beauty
5015923,health-beauty
5015989,health-beauty
5015990,health-beauty
5016020,health-beauty
5018080,health-beauty
5020231,health-beauty
5025053,health-beauty
5037187,health-beauty
5037201,health-beauty
5047260,health-beauty
5050913,health-beauty
5052920,health-beauty
5058802,health-beauty
5058959,health-beauty
5059124,health-beauty
5059135,health-beauty
5059146,health-beauty
5059930,health-beauty
5061035,health-beauty
5061691,health-beauty
5062399,health-beauty
5062570,health-beauty
5062581,health-beauty
5062934,health-beauty
5063074,health-beauty
5063347,health-beauty
5063813,health-beauty
5063835,health-beauty
5064033,health-beauty
5064146,health-beauty
5069310,health-beauty
5076768,health-beauty
5079187,health-beauty
5079201,health-beauty
5082512,health-beauty
5082523,health-beauty
5085441,health-beauty
5085496,health-beauty
5086003,health-beauty
5086069,health-beauty
5086070,health-beauty
5086896,health-beauty
5095536,health-beauty
5096437,health-beauty
5096448,health-beauty
5096459,health-beauty
5100272,health-beauty
5103306,health-beauty
5124452,health-beauty
5125717,health-beauty
5136000,health-beauty
5137658,health-beauty
5149602,health-beauty
5158160,health-beauty
5158319,health-beauty
5167626,health-beauty
5171022,health-beauty
5171044,health-beauty
5171736,health-beauty
5175715,health-beauty
5175952,health-beauty
5179862,health-beauty
5184341,health-beauty
5189276,health-beauty
5189287,health-beauty
5192962,health-beauty
5203741,health-beauty
5203774,health-beauty
5203796,health-beauty
5203800,health-beauty
5203810,health-beauty
5203832,health-beauty
5203843,health-beauty
5204041,health-beauty
5204370,health-beauty
5204380,health-beauty
5204391,health-beauty
5204405,health-beauty
5204449,health-beauty
5209737,health-beauty
5227954,health-beauty
5228731,health-beauty
5228742,health-beauty
5232014,health-beauty
5236886,health-beauty
5239330,health-beauty
5240351,health-beauty
5241412,health-beauty
5241842,health-beauty
5242277,health-beauty
5242492,health-beauty
5242506,health-beauty
5242539,health-beauty
5242550,health-beauty
5242561,health-beauty
5245220,health-beauty
5245311,health-beauty
5245322,health-beauty
5247521,health-beauty
5247576,health-beauty
5250570,health-beauty
5250639,health-beauty
5250720,health-beauty
5250901,health-beauty
5250945,health-beauty
5251278,health-beauty
5252984,health-beauty
5253386,health-beauty
5256250,health-beauty
5256522,health-beauty
5257106,health-beauty
5257128,health-beauty
5258970,health-beauty
5259360,health-beauty
5259371,health-beauty
5259393,health-beauty
5259407,health-beauty
5259451,health-beauty
5259484,health-beauty
5259510,health-beauty
5259531,health-beauty
5259600,health-beauty
5259611,health-beauty
5264666,health-beauty
5264688,health-beauty
5264713,health-beauty
5264779,health-beauty
5264780,health-beauty
5264790,health-beauty
5264804,health-beauty
5265079,health-beauty
5265160,health-beauty
5265181,health-beauty
5265498,health-beauty
5265534,health-beauty
5265556,health-beauty
5266071,health-beauty
5266082,health-beauty
5266162,health-beauty
5266184,health-beauty
5266195,health-beauty
5266355,health-beauty
5266366,health-beauty
5266399,health-beauty
5266457,health-beauty
5268394,health-beauty
5268430,health-beauty
5268645,health-beauty
5269546,health-beauty
5270374,health-beauty
5271504,health-beauty
5271526,health-beauty
5271640,health-beauty
5271661,health-beauty
5271694,health-beauty
5271730,health-beauty
5271854,health-beauty
5271865,health-beauty
5271923,health-beauty
5271934,health-beauty
5271967,health-beauty
5271978,health-beauty
5272085,health-beauty
5272100,health-beauty
5272711,health-beauty
5273907,health-beauty
5273918,health-beauty
5273995,health-beauty
5283092,health-beauty
5283220,health-beauty
5284845,health-beauty
5286760,health-beauty
5288530,health-beauty
5288540,health-beauty
5292457,health-beauty
5293063,health-beauty
5293529,health-beauty
5293540,health-beauty
5294623,health-beauty
5296549,health-beauty
5300001,health-beauty
5300409,health-beauty
5300566,health-beauty
5300577,health-beauty
5300588,health-beauty
5300602,health-beauty
5301900,health-beauty
5303327,health-beauty
5303600,health-beauty
5303622,health-beauty
5303644,health-beauty
5303713,health-beauty
5304160,health-beauty
5304636,health-beauty
5305945,health-beauty
5305956,health-beauty
5305967,health-beauty
5306100,health-beauty
5306110,health-beauty
5309560,health-beauty
5309582,health-beauty
5309640,health-beauty
5309673,health-beauty
5311096,health-beauty
5311201,health-beauty
5311212,health-beauty
5311234,health-beauty
5311267,health-beauty
5311289,health-beauty
5311303,health-beauty
5311835,health-beauty
5311868,health-beauty
5311879,health-beauty
5312077,health-beauty
5316680,health-beauty
5316704,health-beauty
5324123,health-beauty
5325217,health-beauty
5325421,health-beauty
5325432,health-beauty
5325454,health-beauty
5325465,health-beauty
5325476,health-beauty
5325487,health-beauty
5325498,health-beauty
5325501,health-beauty
5325512,health-beauty
5325523,health-beauty
5325567,health-beauty
5325589,health-beauty
5325603,health-beauty
5327992,health-beauty
5328099,health-beauty
5329513,health-beauty
5330228,health-beauty
5330261,health-beauty
5330341,health-beauty
5330578,health-beauty
5330975,health-beauty
5335618,health-beauty
5337883,health-beauty
5337894,health-beauty
5338401,health-beauty
5338412,health-beauty
5338784,health-beauty
5338795,health-beauty
5338977,health-beauty
5339663,health-beauty
5340006,health-beauty
5340491,health-beauty
5341009,health-beauty
5347162,health-beauty
5347253,health-beauty
5347504,health-beauty
5347515,health-beauty
5351057,health-beauty
5351090,health-beauty
5352796,health-beauty
5353358,health-beauty
5353530,health-beauty
5353610,health-beauty
5354623,health-beauty
5355182,health-beauty
5355309,health-beauty
5355455,health-beauty
5357439,health-beauty
5357734,health-beauty
5358588,health-beauty
5358679,health-beauty
5359376,health-beauty
5378767,health-beauty
5388385,health-beauty
5388400,health-beauty
5390194,health-beauty
5396485,health-beauty
5398582,health-beauty
5400298,health-beauty
5400629,health-beauty
5400651,health-beauty
5406647,health-beauty
5407515,health-beauty
5409656,health-beauty
5427625,health-beauty
5428195,health-beauty
5428242,health-beauty
5428934,health-beauty
5428956,health-beauty
5429030,health-beauty
5429460,health-beauty
5430380,health-beauty
5432400,health-beauty
5439599,health-beauty
5469385,health-beauty
5490982,health-beauty
5491001,health-beauty
5492682,health-beauty
5498361,health-beauty
5498394,health-beauty
5500339,health-beauty
5500361,health-beauty
5500441,health-beauty
5500554,health-beauty
5500565,health-beauty
5500576,health-beauty
5500598,health-beauty
5500601,health-beauty
5500634,health-beauty
5500645,health-beauty
5500656,health-beauty
5500667,health-beauty
5500678,health-beauty
5513002,health-beauty
5516011,health-beauty
5521714,health-beauty
5522262,health-beauty
5523163,health-beauty
5524519,health-beauty
5527823,health-beauty
5527903,health-beauty
5527936,health-beauty
5528190,health-beauty
5531401,health-beauty
5541347,health-beauty
5553288,health-beauty
5555217,health-beauty
5569222,health-beauty
5577195,health-beauty
5578370,health-beauty
5597589,health-beauty
5599041,health-beauty
5602383,health-beauty
5602430,health-beauty
5612263,health-beauty
5612285,health-beauty
5625323,health-beauty
5654536,health-beauty
5656349,health-beauty
5665168,health-beauty
5678410,health-beauty
5694450,health-beauty
5707712,health-beauty
5742247,health-beauty
5751554,health-beauty
5753039,health-beauty
5758655,health-beauty
5759771,health-beauty
5762390,health-beauty
5764750,health-beauty
5765504,health-beauty
5765708,health-beauty
5766303,health-beauty
5766325,health-beauty
5766336,health-beauty
5771675,health-beauty
5782569,health-beauty
5782638,health-beauty
5782730,health-beauty
5782784,health-beauty
5782820,health-beauty
5782842,health-beauty
5782875,health-beauty
5782900,health-beauty
5782911,health-beauty
5782922,health-beauty
5782933,health-beauty
5782944,health-beauty
5783448,health-beauty
5783459,health-beauty
5783460,health-beauty
5783470,health-beauty
5783492,health-beauty
5783517,health-beauty
5783539,health-beauty
5783550,health-beauty
5787380,health-beauty
5787405,health-beauty
5790465,health-beauty
5790986,health-beauty
5796360,health-beauty
5804402,health-beauty
5804413,health-beauty
5804435,health-beauty
5804446,health-beauty
5804560,health-beauty
5806394,health-beauty
5806554,health-beauty
5808301,health-beauty
5809133,health-beauty
5809494,health-beauty
5814870,health-beauty
5816707,health-beauty
5817197,health-beauty
5817620,health-beauty
5818203,health-beauty
5821671,health-beauty
5826664,health-beauty
5836817,health-beauty
5836839,health-beauty
5836840,health-beauty
5836861,health-beauty
5836872,health-beauty
5836919,health-beauty
5836920,health-beauty
5850578,health-beauty
5852290,health-beauty
5854852,health-beauty
5854863,health-beauty
5854965,health-beauty
5856279,health-beauty
5856290,health-beauty
5856440,health-beauty
5856461,health-beauty
5856778,health-beauty
5856858,health-beauty
5856971,health-beauty
5857125,health-beauty
5857216,health-beauty
5859302,health-beauty
5859357,health-beauty
5861246,health-beauty
5861279,health-beauty
5861280,health-beauty
5861406,health-beauty
5861439,health-beauty
5873245,health-beauty
5880295,health-beauty
5880320,health-beauty
5883318,health-beauty
5886688,health-beauty
5886699,health-beauty
5886815,health-beauty
5886848,health-beauty
5887432,health-beauty
5888209,health-beauty
5889777,health-beauty
5890947,health-beauty
5890970,health-beauty
5891564,health-beauty
5907653,health-beauty
5908485,health-beauty
5911708,health-beauty
5913372,health-beauty
5919153,health-beauty
5919277,health-beauty
5919302,health-beauty
5919324,health-beauty
5919335,health-beauty
5927650,health-beauty
5928744,health-beauty
5928755,health-beauty
5928766,health-beauty
5928777,health-beauty
5929882,health-beauty
5929907,health-beauty
5930098,health-beauty
5930112,health-beauty
5930134,health-beauty
5930156,health-beauty
5934339,health-beauty
5935070,health-beauty
5939536,health-beauty
5940262,health-beauty
5940273,health-beauty
5940295,health-beauty
5940309,health-beauty
5940310,health-beauty
5940331,health-beauty
5940342,health-beauty
5940353,health-beauty
5940397,health-beauty
5940411,health-beauty
5940422,health-beauty
5940433,health-beauty
5940444,health-beauty
5940466,health-beauty
5940488,health-beauty
5940499,health-beauty
5950674,health-beauty
5954529,health-beauty
5968330,health-beauty
5968363,health-beauty
5981667,health-beauty
5984789,health-beauty
5995945,health-beauty
5996290,health-beauty
5998138,health-beauty
6005700,health-beauty
6011349,health-beauty
6011350,health-beauty
6027371,health-beauty
6036805,health-beauty
6036827,health-beauty
6041678,health-beauty
6041838,health-beauty
6061981,health-beauty
6062441,health-beauty
6062452,health-beauty
6079706,health-beauty
6082992,health-beauty
6086596,health-beauty
6089030,health-beauty
6094594,health-beauty
6105329,health-beauty
6106445,health-beauty
6108214,health-beauty
6109320,health-beauty
6109341,health-beauty
6111875,health-beauty
6117736,health-beauty
6121584,health-beauty
6121664,health-beauty
6121686,health-beauty
6121846,health-beauty
6122011,health-beauty
6122033,health-beauty
6122805,health-beauty
6122918,health-beauty
6123025,health-beauty
6123091,health-beauty
6123138,health-beauty
6123193,health-beauty
6123218,health-beauty
6124480,health-beauty
6124618,health-beauty
6126657,health-beauty
6126690,health-beauty
6126792,health-beauty
6127241,health-beauty
6127263,health-beauty
6127365,health-beauty
6127514,health-beauty
6127660,health-beauty
6127671,health-beauty
6134713,health-beauty
6134815,health-beauty
6136887,health-beauty
6137766,health-beauty
6137835,health-beauty
6137890,health-beauty
6137904,health-beauty
6138179,health-beauty
6138180,health-beauty
6138215,health-beauty
6138248,health-beauty
6138306,health-beauty
6138328,health-beauty
6138452,health-beauty
6138463,health-beauty
6138510,health-beauty
6138598,health-beauty
6138770,health-beauty
6138791,health-beauty
6138838,health-beauty
6138850,health-beauty
6138860,health-beauty
6138871,health-beauty
6149357,health-beauty
6149506,health-beauty
6149528,health-beauty
6149550,health-beauty
6149710,health-beauty
6153310,health-beauty
6153412,health-beauty
6163096,health-beauty
6170251,health-beauty
6174321,health-beauty
6174570,health-beauty
6181702,health-beauty
6181724,health-beauty
6199606,health-beauty
6279807,health-beauty
6279818,health-beauty
6280464,health-beauty
6280475,health-beauty
6294527,health-beauty
6294651,health-beauty
6304143,health-beauty
6304303,health-beauty
6304325,health-beauty
6304336,health-beauty
6304347,health-beauty
6304653,health-beauty
6304664,health-beauty
6310565,health-beauty
6310850,health-beauty
6311080,health-beauty
6313483,health-beauty
6313508,health-beauty
6313519,health-beauty
6313520,health-beauty
6314089,health-beauty
6319537,health-beauty
6320489,health-beauty
6320490,health-beauty
6320503,health-beauty
6320525,health-beauty
6320558,health-beauty
6321776,health-beauty
6322451,health-beauty
6327502,health-beauty
6338961,health-beauty
6340599,health-beauty
6342619,health-beauty
6346325,health-beauty
6347565,health-beauty
6347634,health-beauty
6356307,health-beauty
6356533,health-beauty
6356544,health-beauty
6356555,health-beauty
6356566,health-beauty
6356668,health-beauty
6356679,health-beauty
6357219,health-beauty
6357490,health-beauty
6358018,health-beauty
6358030,health-beauty
6358040,health-beauty
6358051,health-beauty
6358073,health-beauty
6358460,health-beauty
6358492,health-beauty
6358619,health-beauty
6366220,health-beauty
6366264,health-beauty
6373543,health-beauty
6373554,health-beauty
6375243,health-beauty
6376960,health-beauty
6377023,health-beauty
6379903,health-beauty
6379914,health-beauty
6379925,health-beauty
6380141,health-beauty
6381610,health-beauty
6381643,health-beauty
6387672,health-beauty
6387683,health-beauty
6388562,health-beauty
6392151,health-beauty
6393096,health-beauty
6393653,health-beauty
6395637,health-beauty
6395648,health-beauty
6396695,health-beauty
6396720,health-beauty
6396731,health-beauty
6396764,health-beauty
6402630,health-beauty
6402641,health-beauty
6402652,health-beauty
6403972,health-beauty
6404104,health-beauty
6404126,health-beauty
6404192,health-beauty
6404240,health-beauty
6404294,health-beauty
6404840,health-beauty
6404895,health-beauty
6404910,health-beauty
6404953,health-beauty
6404964,health-beauty
6405184,health-beauty
6405209,health-beauty
6405300,health-beauty
6405402,health-beauty
6405479,health-beauty
6405606,health-beauty
6405617,health-beauty
6407770,health-beauty
6407791,health-beauty
6409753,health-beauty
6410640,health-beauty
6410650,health-beauty
6410672,health-beauty
6410683,health-beauty
6415585,health-beauty
6419291,health-beauty
6419815,health-beauty
6420213,health-beauty
6420268,health-beauty
6420348,health-beauty
6420360,health-beauty
6420665,health-beauty
6421599,health-beauty
6421894,health-beauty
6423991,health-beauty
6425727,health-beauty
6432573,health-beauty
6434706,health-beauty
6434728,health-beauty
6435582,health-beauty
6435593,health-beauty
6438580,health-beauty
6445236,health-beauty
6448879,health-beauty
6449180,health-beauty
6449521,health-beauty
6449554,health-beauty
6449634,health-beauty
6449656,health-beauty
6450316,health-beauty
6450371,health-beauty
6450462,health-beauty
6450484,health-beauty
6450495,health-beauty
6450509,health-beauty
6450510,health-beauty
6450520,health-beauty
6450531,health-beauty
6450542,health-beauty
6450553,health-beauty
6450575,health-beauty
6450600,health-beauty
6450633,health-beauty
6450644,health-beauty
6476717,health-beauty
6480260,health-beauty
6481342,health-beauty
6481488,health-beauty
6481535,health-beauty
6481580,health-beauty
6481692,health-beauty
6482083,health-beauty
6486415,health-beauty
6487167,health-beauty
6489130,health-beauty
6489162,health-beauty
6495562,health-beauty
6496463,health-beauty
6496576,health-beauty
6496758,health-beauty
6497218,health-beauty
6497229,health-beauty
6497240,health-beauty
6497273,health-beauty
6497502,health-beauty
6497513,health-beauty
6497524,health-beauty
6497580,health-beauty
6497648,health-beauty
6497659,health-beauty
6497660,health-beauty
6507311,health-beauty
6507322,health-beauty
6507366,health-beauty
6508369,health-beauty
6509770,health-beauty
6509805,health-beauty
6510735,health-beauty
6519649,health-beauty
6532240,health-beauty
6533490,health-beauty
6533548,health-beauty
6542083,health-beauty
6552961,health-beauty
6554843,health-beauty
6555857,health-beauty
6556306,health-beauty
6567131,health-beauty
6567142,health-beauty
6574160,health-beauty
6574181,health-beauty
6574206,health-beauty
6575741,health-beauty
6575865,health-beauty
6591522,health-beauty
6607600,health-beauty
6609130,health-beauty
6609140,health-beauty
6609479,health-beauty
6609490,health-beauty
6609639,health-beauty
6609672,health-beauty
6611437,health-beauty
6611448,health-beauty
6616587,health-beauty
6621000,health-beauty
6679452,health-beauty
6685987,health-beauty
6693996,health-beauty
6780795,health-beauty
6786871,health-beauty
6792058,health-beauty
6797460,health-beauty
6802708,health-beauty
6802730,health-beauty
6811480,health-beauty
6811491,health-beauty
6811505,health-beauty
6811527,health-beauty
6841110,health-beauty
6841131,health-beauty
6841153,health-beauty
6841175,health-beauty
6848163,health-beauty
6848800,health-beauty
6848844,health-beauty
6849100,health-beauty
6849122,health-beauty
6874072,health-beauty
6874120,health-beauty
6874130,health-beauty
6883299,health-beauty
6884837,health-beauty
6886424,health-beauty
6886435,health-beauty
6886548,health-beauty
6889761,health-beauty
6892722,health-beauty
6892915,health-beauty
6896723,health-beauty
6896778,health-beauty
6899437,health-beauty
6904708,health-beauty
6913742,health-beauty
6914723,health-beauty
6916241,health-beauty
6928364,health-beauty
6928375,health-beauty
6932962,health-beauty
6933761,health-beauty
6940472,health-beauty
6957362,health-beauty
6979172,health-beauty
6979387,health-beauty
6980976,health-beauty
6981710,health-beauty
6981979,health-beauty
6985980,health-beauty
6988399,health-beauty
6988515,health-beauty
7003834,health-beauty
7003867,health-beauty
7005670,health-beauty
7012290,health-beauty
7014182,health-beauty
7016202,health-beauty
7016280,health-beauty
7016392,health-beauty
7016439,health-beauty
7016483,health-beauty
7016552,health-beauty
7016632,health-beauty
7025451,health-beauty
7025768,health-beauty
7026228,health-beauty
7026250,health-beauty
7026283,health-beauty
7026294,health-beauty
7028868,health-beauty
7028879,health-beauty
7028880,health-beauty
7028890,health-beauty
7028904,health-beauty
7032934,health-beauty
7032989,health-beauty
7033416,health-beauty
7033449,health-beauty
7036458,health-beauty
7038840,health-beauty
7038861,health-beauty
7038872,health-beauty
7038883,health-beauty
7038930,health-beauty
7038941,health-beauty
7043271,health-beauty
7043318,health-beauty
7043340,health-beauty
7046837,health-beauty
7046870,health-beauty
7048242,health-beauty
7051112,health-beauty
7051214,health-beauty
7051393,health-beauty
7051418,health-beauty
7051430,health-beauty
7051484,health-beauty
7051509,health-beauty
7051531,health-beauty
7051586,health-beauty
7054325,health-beauty
7054405,health-beauty
7054551,health-beauty
7055135,health-beauty
7055623,health-beauty
7058337,health-beauty
7058359,health-beauty
7058428,health-beauty
7058439,health-beauty
7058836,health-beauty
7060532,health-beauty
7060543,health-beauty
7060554,health-beauty
7060565,health-beauty
7060678,health-beauty
7060714,health-beauty
7060995,health-beauty
7061171,health-beauty
7061182,health-beauty
7061193,health-beauty
7061207,health-beauty
7061218,health-beauty
7061229,health-beauty
7061240,health-beauty
7061262,health-beauty
7061477,health-beauty
7061513,health-beauty
7063745,health-beauty
7063778,health-beauty
7063789,health-beauty
7063803,health-beauty
7063814,health-beauty
7068170,health-beauty
7078710,health-beauty
7078786,health-beauty
7079880,health-beauty
7080176,health-beauty
7080223,health-beauty
7080234,health-beauty
7080551,health-beauty
7081339,health-beauty
7081340,health-beauty
7082965,health-beauty
7082976,health-beauty
7084916,health-beauty
7085078,health-beauty
7085158,health-beauty
7085555,health-beauty
7103770,health-beauty
7105506,health-beauty
7108810,health-beauty
7109289,health-beauty
7109303,health-beauty
7109880,health-beauty
7117946,health-beauty
7124646,health-beauty
7125139,health-beauty
7126029,health-beauty
7186698,health-beauty
7187442,health-beauty
7190174,health-beauty
7198584,health-beauty
7198879,health-beauty
7198992,health-beauty
7199000,health-beauty
7199500,health-beauty
7199554,health-beauty
7200019,health-beauty
7200948,health-beauty
7200959,health-beauty
7204235,health-beauty
7210351,health-beauty
7210373,health-beauty
7211081,health-beauty
7211445,health-beauty
7211456,health-beauty
7211503,health-beauty
7211514,health-beauty
7211525,health-beauty
7213510,health-beauty
7220333,health-beauty
7220377,health-beauty
7227718,health-beauty
7228801,health-beauty
7229600,health-beauty
7231985,health-beauty
7241537,health-beauty
7249845,health-beauty
7251326,health-beauty
7255338,health-beauty
7273136,health-beauty
7273205,health-beauty
7305006,health-beauty
7330648,health-beauty
7331200,health-beauty
7332199,health-beauty
7354952,health-beauty
7359763,health-beauty
7359796,health-beauty
7359800,health-beauty
7359810,health-beauty
7359832,health-beauty
7362510,health-beauty
7362520,health-beauty
7362553,health-beauty
7362564,health-beauty
7363272,health-beauty
7363523,health-beauty
7383586,health-beauty
7395891,health-beauty
7395905,health-beauty
7416073,health-beauty
7420117,health-beauty
7420172,health-beauty
7420423,health-beauty
7420650,health-beauty
7434993,health-beauty
7444385,health-beauty
7444670,health-beauty
7445242,health-beauty
7445275,health-beauty
7445650,health-beauty
7445810,health-beauty
7446256,health-beauty
7449265,health-beauty
7449312,health-beauty
7449378,health-beauty
7449436,health-beauty
7449469,health-beauty
7449480,health-beauty
7449516,health-beauty
7449538,health-beauty
7449571,health-beauty
7449582,health-beauty
7449618,health-beauty
7449640,health-beauty
7449684,health-beauty
7449695,health-beauty
7450708,health-beauty
7451100,health-beauty
7451201,health-beauty
7451223,health-beauty
7451289,health-beauty
7453524,health-beauty
7455858,health-beauty
7456759,health-beauty
7457616,health-beauty
7459983,health-beauty
7462944,health-beauty
7463652,health-beauty
7465319,health-beauty
7465330,health-beauty
7465410,health-beauty
7465986,health-beauty
7466785,health-beauty
7467529,health-beauty
7469615,health-beauty
7471606,health-beauty
7472573,health-beauty
7473645,health-beauty
7474590,health-beauty
7475276,health-beauty
7479030,health-beauty
7480120,health-beauty
7482330,health-beauty
7482362,health-beauty
7482384,health-beauty
7482410,health-beauty
7482475,health-beauty
7482533,health-beauty
7484426,health-beauty
7488121,health-beauty
7489995,health-beauty
7499183,health-beauty
7499220,health-beauty
7499729,health-beauty
7500840,health-beauty
7514855,health-beauty
7514979,health-beauty
7519688,health-beauty
7519699,health-beauty
7523051,health-beauty
7523801,health-beauty
7523856,health-beauty
7523878,health-beauty
7524451,health-beauty
7524484,health-beauty
7524495,health-beauty
7524510,health-beauty
7525556,health-beauty
7525567,health-beauty
7525578,health-beauty
7525590,health-beauty
7525603,health-beauty
7525625,health-beauty
7525636,health-beauty
7525658,health-beauty
7525669,health-beauty
7526050,health-beauty
7526071,health-beauty
7526402,health-beauty
7526468,health-beauty
7526480,health-beauty
7526504,health-beauty
7526548,health-beauty
7528077,health-beauty
7534149,health-beauty
7535571,health-beauty
7535662,health-beauty
7536891,health-beauty
7537410,health-beauty
7537431,health-beauty
7538263,health-beauty
7539481,health-beauty
7539506,health-beauty
7543117,health-beauty
7547887,health-beauty
7547898,health-beauty
7547912,health-beauty
7548096,health-beauty
7548100,health-beauty
7548948,health-beauty
7548959,health-beauty
7549576,health-beauty
7549951,health-beauty
7553256,health-beauty
7556695,health-beauty
7556742,health-beauty
7562712,health-beauty
7562723,health-beauty
7562790,health-beauty
7562880,health-beauty
7563067,health-beauty
7563169,health-beauty
7620105,health-beauty
7643563,health-beauty
7643574,health-beauty
7643600,health-beauty
7660336,health-beauty
7660664,health-beauty
7669090,health-beauty
7669206,health-beauty
7669261,health-beauty
7669294,health-beauty
7669319,health-beauty
7670260,health-beauty
7670624,health-beauty
7670635,health-beauty
7670726,health-beauty
7670760,health-beauty
7670770,health-beauty
7670781,health-beauty
7670817,health-beauty
7670828,health-beauty
7670839,health-beauty
7670861,health-beauty
7670872,health-beauty
7673961,health-beauty
7673983,health-beauty
7674363,health-beauty
7674400,health-beauty
7674443,health-beauty
7674454,health-beauty
7678728,health-beauty
7679152,health-beauty
7679505,health-beauty
7689360,health-beauty
7689429,health-beauty
7689430,health-beauty
7689462,health-beauty
7689495,health-beauty
7689510,health-beauty
7689622,health-beauty
7689677,health-beauty
7699193,health-beauty
7699422,health-beauty
7699455,health-beauty
7699794,health-beauty
7700135,health-beauty
7704781,health-beauty
7704792,health-beauty
7704817,health-beauty
7704828,health-beauty
7704952,health-beauty
7705208,health-beauty
7705376,health-beauty
7705398,health-beauty
7706211,health-beauty
7706426,health-beauty
7706459,health-beauty
7706517,health-beauty
7707065,health-beauty
7707076,health-beauty
7707101,health-beauty
7707123,health-beauty
7707134,health-beauty
7711153,health-beauty
7711164,health-beauty
7711175,health-beauty
7711186,health-beauty
7711197,health-beauty
7711222,health-beauty
7711244,health-beauty
7711266,health-beauty
7711277,health-beauty
7711288,health-beauty
7711299,health-beauty
7711302,health-beauty
7711324,health-beauty
7711346,health-beauty
7711561,health-beauty
7711594,health-beauty
7712280,health-beauty
7712338,health-beauty
7712349,health-beauty
7712371,health-beauty
7712382,health-beauty
7713137,health-beauty
7713862,health-beauty
7713873,health-beauty
7713884,health-beauty
7713909,health-beauty
7713931,health-beauty
7713986,health-beauty
7714129,health-beauty
7714130,health-beauty
7719177,health-beauty
7719188,health-beauty
7719202,health-beauty
7719224,health-beauty
7719246,health-beauty
7719279,health-beauty
7749236,health-beauty
7749270,health-beauty
7749280,health-beauty
7749291,health-beauty
7749393,health-beauty
7749451,health-beauty
7749826,health-beauty
7749837,health-beauty
7749870,health-beauty
7749939,health-beauty
7749950,health-beauty
7749961,health-beauty
7750010,health-beauty
7750020,health-beauty
7750075,health-beauty
7750086,health-beauty
7750100,health-beauty
7750122,health-beauty
7750133,health-beauty
7750144,health-beauty
7750155,health-beauty
7750166,health-beauty
7752285,health-beauty
7754473,health-beauty
7754495,health-beauty
7754509,health-beauty
7755603,health-beauty
7755669,health-beauty
7757041,health-beauty
7757143,health-beauty
7757154,health-beauty
7757176,health-beauty
7757187,health-beauty
7757198,health-beauty
7757201,health-beauty
7757212,health-beauty
7757223,health-beauty
7757234,health-beauty
7757336,health-beauty
7757347,health-beauty
7757358,health-beauty
7757518,health-beauty
7757529,health-beauty
7757573,health-beauty
7757595,health-beauty
7757610,health-beauty
7757642,health-beauty
7757664,health-beauty
7757686,health-beauty
7759240,health-beauty
7759728,health-beauty
7759739,health-beauty
7759740,health-beauty
7760013,health-beauty
7760793,health-beauty
7761741,health-beauty
7782628,health-beauty
7786378,health-beauty
7812810,health-beauty
7812897,health-beauty
7813007,health-beauty
7813197,health-beauty
7813266,health-beauty
7813630,health-beauty
7825390,health-beauty
7835940,health-beauty
7864631,health-beauty
7864642,health-beauty
7908635,health-beauty
7945303,health-beauty
7945314,health-beauty
7958983,health-beauty
7969028,health-beauty
7969050,health-beauty
7969061,health-beauty
7973921,health-beauty
8012692,health-beauty
8012819,health-beauty
8012841,health-beauty
8012874,health-beauty
8013470,health-beauty
8013480,health-beauty
8051923,health-beauty
8053496,health-beauty
8053500,health-beauty
8053612,health-beauty
8053623,health-beauty
8053973,health-beauty
8054499,health-beauty
8054546,health-beauty
8055425,health-beauty
8077541,health-beauty
8077585,health-beauty
8077596,health-beauty
8077600,health-beauty
8077632,health-beauty
8077654,health-beauty
8077665,health-beauty
8077790,health-beauty
8078442,health-beauty
8079773,health-beauty
8079784,health-beauty
8079999,health-beauty
8081470,health-beauty
8081480,health-beauty
8081630,health-beauty
8081640,health-beauty
8081651,health-beauty
8081742,health-beauty
8082359,health-beauty
8082370,health-beauty
8082381,health-beauty
8082417,health-beauty
8082450,health-beauty
8082483,health-beauty
8082494,health-beauty
8082574,health-beauty
8082585,health-beauty
8082621,health-beauty
8082789,health-beauty
8082790,health-beauty
8082803,health-beauty
8083464,health-beauty
8083475,health-beauty
8083486,health-beauty
8083500,health-beauty
8084161,health-beauty
8084172,health-beauty
8084194,health-beauty
8086371,health-beauty
8086892,health-beauty
8090288,health-beauty
8090550,health-beauty
8090561,health-beauty
8090970,health-beauty
8093082,health-beauty
8093118,health-beauty
8093151,health-beauty
8093231,health-beauty
8095463,health-beauty
8095623,health-beauty
8096091,health-beauty
8096127,health-beauty
8096150,health-beauty
8096182,health-beauty
8096207,health-beauty
8096218,health-beauty
8096229,health-beauty
8096230,health-beauty
8096513,health-beauty
8096546,health-beauty
8096648,health-beauty
8096681,health-beauty
8097039,health-beauty
8097119,health-beauty
8097120,health-beauty
8097185,health-beauty
8097221,health-beauty
8097458,health-beauty
8098202,health-beauty
8098574,health-beauty
8098734,health-beauty
8098790,health-beauty
8098870,health-beauty
8098927,health-beauty
8098982,health-beauty
8098993,health-beauty
8099067,health-beauty
8099089,health-beauty
8100086,health-beauty
8100097,health-beauty
8100100,health-beauty
8108645,health-beauty
8109411,health-beauty
8109433,health-beauty
8124685,health-beauty
8129394,health-beauty
8129474,health-beauty
8129678,health-beauty
8131680,health-beauty
8132446,health-beauty
8132480,health-beauty
8132515,health-beauty
8132537,health-beauty
8132581,health-beauty
8133176,health-beauty
8138089,health-beauty
8138216,health-beauty
8138431,health-beauty
8139220,health-beauty
8142439,health-beauty
8142440,health-beauty
8142665,health-beauty
8142687,health-beauty
8142756,health-beauty
8142790,health-beauty
8142870,health-beauty
8142938,health-beauty
8143522,health-beauty
8143599,health-beauty
8143602,health-beauty
8143715,health-beauty
8143883,health-beauty
8146305,health-beauty
8147909,health-beauty
8150277,health-beauty
8152068,health-beauty
8152578,health-beauty
8153683,health-beauty
8154096,health-beauty
8154518,health-beauty
8155383,health-beauty
8155543,health-beauty
8155893,health-beauty
8156568,health-beauty
8157458,health-beauty
8157673,health-beauty
8158155,health-beauty
8160270,health-beauty
8160769,health-beauty
8161706,health-beauty
8162913,health-beauty
8165183,health-beauty
8165219,health-beauty
8165252,health-beauty
8166062,health-beauty
8166142,health-beauty
8166335,health-beauty
8167112,health-beauty
8167156,health-beauty
8167655,health-beauty
8167699,health-beauty
8167735,health-beauty
8167757,health-beauty
8167804,health-beauty
8167848,health-beauty
8168035,health-beauty
8168240,health-beauty
8168261,health-beauty
8168330,health-beauty
8174130,health-beauty
8174286,health-beauty
8174333,health-beauty
8174457,health-beauty
8174504,health-beauty
8174559,health-beauty
8174560,health-beauty
8174570,health-beauty
8174741,health-beauty
8174752,health-beauty
8174763,health-beauty
8174865,health-beauty
8174876,health-beauty
8174887,health-beauty
8174898,health-beauty
8175187,health-beauty
8175198,health-beauty
8177160,health-beauty
8177331,health-beauty
8180212,health-beauty
8180223,health-beauty
8180234,health-beauty
8182626,health-beauty
8182681,health-beauty
8185577,health-beauty
8185748,health-beauty
8185974,health-beauty
8186117,health-beauty
8186139,health-beauty
8186140,health-beauty
8187528,health-beauty
8190646,health-beauty
8222403,health-beauty
8237910,health-beauty
8240110,health-beauty
8289448,health-beauty
8289492,health-beauty
8289528,health-beauty
8289583,health-beauty
8289594,health-beauty
8289696,health-beauty
8290651,health-beauty
8296567,health-beauty
8297184,health-beauty
8297231,health-beauty
8297322,health-beauty
8297490,health-beauty
8297650,health-beauty
8297661,health-beauty
8297694,health-beauty
8299146,health-beauty
8299703,health-beauty
8326770,health-beauty
8326781,health-beauty
8347249,health-beauty
8382523,health-beauty
8396700,health-beauty
8396721,health-beauty
8396754,health-beauty
8396798,health-beauty
8398057,health-beauty
8399060,health-beauty
8399184,health-beauty
8399209,health-beauty
8399220,health-beauty
8399242,health-beauty
8399253,health-beauty
8399286,health-beauty
8399322,health-beauty
8399446,health-beauty
8399468,health-beauty
8399479,health-beauty
8399480,health-beauty
8399490,health-beauty
8399515,health-beauty
8399548,health-beauty
8399581,health-beauty
8399592,health-beauty
8407657,health-beauty
8408820,health-beauty
8409120,health-beauty
8409470,health-beauty
8409492,health-beauty
8409506,health-beauty
8409539,health-beauty
8409550,health-beauty
8409561,health-beauty
8414583,health-beauty
8414630,health-beauty
8414641,health-beauty
8414652,health-beauty
8414663,health-beauty
8414732,health-beauty
8414787,health-beauty
8415269,health-beauty
8419394,health-beauty
8422990,health-beauty
8423030,health-beauty
8423347,health-beauty
8423675,health-beauty
8423697,health-beauty
8423711,health-beauty
8432858,health-beauty
8445000,health-beauty
8445011,health-beauty
8448304,health-beauty
8473163,health-beauty
8473287,health-beauty
8473505,health-beauty
8473516,health-beauty
8473549,health-beauty
8476569,health-beauty
8476605,health-beauty
8476638,health-beauty
8476660,health-beauty
8476773,health-beauty
8476795,health-beauty
8477368,health-beauty
8477765,health-beauty
8477798,health-beauty
8477914,health-beauty
8478032,health-beauty
8478145,health-beauty
8478495,health-beauty
8478804,health-beauty
8480023,health-beauty
8480690,health-beauty
8481478,health-beauty
8485560,health-beauty
8485581,health-beauty
8485592,health-beauty
8486948,health-beauty
8486959,health-beauty
8491609,health-beauty
8496646,health-beauty
8497048,health-beauty
8505758,health-beauty
8508280,health-beauty
8528549,health-beauty
8536853,health-beauty
8551686,health-beauty
8553772,health-beauty
8553783,health-beauty
8553808,health-beauty
8581982,health-beauty
8588610,health-beauty
8588642,health-beauty
8593336,health-beauty
8595342,health-beauty
8595364,health-beauty
8605537,health-beauty
8624032,health-beauty
8627948,health-beauty
8632020,health-beauty
8632766,health-beauty
8648303,health-beauty
8649587,health-beauty
8653289,health-beauty
8653584,health-beauty
8653700,health-beauty
8653755,health-beauty
8656855,health-beauty
8657825,health-beauty
8680077,health-beauty
8680146,health-beauty
8683483,health-beauty
8684963,health-beauty
8685580,health-beauty
8685810,health-beauty
8692371,health-beauty
8701472,health-beauty
8702260,health-beauty
8702599,health-beauty
8716141,health-beauty
8716618,health-beauty
8717202,health-beauty
8717676,health-beauty
8719310,health-beauty
8719321,health-beauty
8719423,health-beauty
8719467,health-beauty
8730302,health-beauty
8735930,health-beauty
8737040,health-beauty
8744001,health-beauty
8744034,health-beauty
8744067,health-beauty
8744216,health-beauty
8744500,health-beauty
8757433,health-beauty
8757659,health-beauty
8757692,health-beauty
8758028,health-beauty
8758232,health-beauty
8758276,health-beauty
8758491,health-beauty
8758822,health-beauty
8759315,health-beauty
8759530,health-beauty
8759665,health-beauty
8759701,health-beauty
8759734,health-beauty
8760041,health-beauty
8760278,health-beauty
8760450,health-beauty
8760518,health-beauty
8760595,health-beauty
8760675,health-beauty
8760722,health-beauty
8761000,health-beauty
8761033,health-beauty
8763265,health-beauty
8763287,health-beauty
8763298,health-beauty
8763301,health-beauty
8763389,health-beauty
8779185,health-beauty
8779458,health-beauty
8779470,health-beauty
8781802,health-beauty
8790949,health-beauty
8790950,health-beauty
8791067,health-beauty
8791078,health-beauty
8795931,health-beauty
8796300,health-beauty
8796388,health-beauty
8798882,health-beauty
8798907,health-beauty
8798918,health-beauty
8798951,health-beauty
8798962,health-beauty
8798995,health-beauty
8799003,health-beauty
8799025,health-beauty
8799058,health-beauty
8799080,health-beauty
8799116,health-beauty
8799150,health-beauty
8799160,health-beauty
8799207,health-beauty
8799320,health-beauty
8812043,health-beauty
8855400,health-beauty
8855454,health-beauty
8855465,health-beauty
8855487,health-beauty
8855501,health-beauty
8855534,health-beauty
8855578,health-beauty
8855658,health-beauty
8858157,health-beauty
8860115,health-beauty
8860159,health-beauty
8868037,health-beauty
8870141,health-beauty
8883245,health-beauty
8883370,health-beauty
8883427,health-beauty
8883493,health-beauty
8883529,health-beauty
8883551,health-beauty
8883642,health-beauty
8885353,health-beauty
8885364,health-beauty
8885400,health-beauty
8885422,health-beauty
8885433,health-beauty
8891549,health-beauty
8891662,health-beauty
8896644,health-beauty
8896655,health-beauty
8898774,health-beauty
8901904,health-beauty
8903386,health-beauty
8915670,health-beauty
8916210,health-beauty
8916220,health-beauty
8916253,health-beauty
8916286,health-beauty
8916322,health-beauty
8916333,health-beauty
8916344,health-beauty
8916366,health-beauty
8916388,health-beauty
8916468,health-beauty
8916479,health-beauty
8916490,health-beauty
8916504,health-beauty
8916526,health-beauty
8916537,health-beauty
8916617,health-beauty
8916628,health-beauty
8918204,health-beauty
8922176,health-beauty
8922198,health-beauty
8922223,health-beauty
8922314,health-beauty
8924954,health-beauty
8925072,health-beauty
8925505,health-beauty
8925516,health-beauty
8925549,health-beauty
8925550,health-beauty
8925571,health-beauty
8925630,health-beauty
8925640,health-beauty
8925651,health-beauty
8925720,health-beauty
8926133,health-beauty
8926144,health-beauty
8926257,health-beauty
8926392,health-beauty
8926406,health-beauty
8926600,health-beauty
8926621,health-beauty
8926632,health-beauty
8926701,health-beauty
8928682,health-beauty
8930040,health-beauty
8930050,health-beauty
8930276,health-beauty
8930458,health-beauty
8930480,health-beauty
8930505,health-beauty
8930630,health-beauty
8930640,health-beauty
8931326,health-beauty
8934492,health-beauty
8934517,health-beauty
8934539,health-beauty
8939383,health-beauty
8940440,health-beauty
8941487,health-beauty
8941829,health-beauty
8943799,health-beauty
8944259,health-beauty
8944714,health-beauty
8944725,health-beauty
8944805,health-beauty
8947213,health-beauty
8948839,health-beauty
8948883,health-beauty
8949220,health-beauty
8949558,health-beauty
8949580,health-beauty
8949605,health-beauty
8949616,health-beauty
8949649,health-beauty
8949682,health-beauty
8949693,health-beauty
8962534,health-beauty
8962578,health-beauty
8962658,health-beauty
8962680,health-beauty
8962716,health-beauty
8962738,health-beauty
8962793,health-beauty
8962851,health-beauty
8963210,health-beauty
8963231,health-beauty
8967458,health-beauty
8967505,health-beauty
8968891,health-beauty
8968905,health-beauty
8969227,health-beauty
8969238,health-beauty
8985609,health-beauty
8985890,health-beauty
8996365,health-beauty
9000429,health-beauty
9001782,health-beauty
9013760,health-beauty
9024303,health-beauty
9024336,health-beauty
9024369,health-beauty
9024507,health-beauty
9025929,health-beauty
9026863,health-beauty
9026874,health-beauty
9026921,health-beauty
9026965,health-beauty
9026976,health-beauty
9029362,health-beauty
9029384,health-beauty
9029409,health-beauty
9029464,health-beauty
9029511,health-beauty
9029544,health-beauty
9029577,health-beauty
9029599,health-beauty
9029602,health-beauty
9029613,health-beauty
9029624,health-beauty
9029635,health-beauty
9029668,health-beauty
9029679,health-beauty
9029690,health-beauty
9029704,health-beauty
9029760,health-beauty
9029770,health-beauty
9029781,health-beauty
9029806,health-beauty
9029839,health-beauty
9029840,health-beauty
9029861,health-beauty
9029908,health-beauty
9029941,health-beauty
9032709,health-beauty
9032710,health-beauty
9036404,health-beauty
9036415,health-beauty
9036426,health-beauty
9036437,health-beauty
9036448,health-beauty
9036459,health-beauty
9036460,health-beauty
9036470,health-beauty
9036481,health-beauty
9036492,health-beauty
9036583,health-beauty
9036608,health-beauty
9036620,health-beauty
9036798,health-beauty
9037407,health-beauty
9040194,health-beauty
9040219,health-beauty
9040230,health-beauty
9040285,health-beauty
9040310,health-beauty
9040376,health-beauty
9040445,health-beauty
9040525,health-beauty
9040580,health-beauty
9042702,health-beauty
9043352,health-beauty
9047182,health-beauty
9047284,health-beauty
9047320,health-beauty
9047342,health-beauty
9059341,health-beauty
9059385,health-beauty
9059476,health-beauty
9059501,health-beauty
9061161,health-beauty
9061263,health-beauty
9061285,health-beauty
9061296,health-beauty
9061310,health-beauty
9061321,health-beauty
9066857,health-beauty
9066879,health-beauty
9067292,health-beauty
9067317,health-beauty
9067328,health-beauty
9067339,health-beauty
9067645,health-beauty
9067725,health-beauty
9069072,health-beauty
9070151,health-beauty
9071766,health-beauty
9071802,health-beauty
9071960,health-beauty
9072408,health-beauty
9076828,health-beauty
9077026,health-beauty
9077183,health-beauty
9077445,health-beauty
9077478,health-beauty
9077490,health-beauty
9077569,health-beauty
9077616,health-beauty
9077718,health-beauty
9077773,health-beauty
9079779,health-beauty
9079780,health-beauty
9079826,health-beauty
9086526,health-beauty
9086537,health-beauty
9086560,health-beauty
9086581,health-beauty
9086639,health-beauty
9090498,health-beauty
9090567,health-beauty
9090589,health-beauty
9092664,health-beauty
9092675,health-beauty
9095389,health-beauty
9095425,health-beauty
9102429,health-beauty
9102430,health-beauty
9102509,health-beauty
9102531,health-beauty
9102564,health-beauty
9102575,health-beauty
9104617,health-beauty
9104683,health-beauty
9105143,health-beauty
9105256,health-beauty
9105777,health-beauty
9105788,health-beauty
9105799,health-beauty
9105813,health-beauty
9105835,health-beauty
9105868,health-beauty
9105890,health-beauty
9106463,health-beauty
9106678,health-beauty
9109392,health-beauty
9110493,health-beauty
9110518,health-beauty
9110562,health-beauty
9110609,health-beauty
9110664,health-beauty
9110890,health-beauty
9111420,health-beauty
9111463,health-beauty
9113141,health-beauty
9113196,health-beauty
9113221,health-beauty
9113232,health-beauty
9113276,health-beauty
9113312,health-beauty
9113378,health-beauty
9113389,health-beauty
9113491,health-beauty
9113505,health-beauty
9113593,health-beauty
9114020,health-beauty
9114075,health-beauty
9114155,health-beauty
9114235,health-beauty
9114268,health-beauty
9114982,health-beauty
9118440,health-beauty
9120329,health-beauty
9123815,health-beauty
9124057,health-beauty
9125140,health-beauty
9126507,health-beauty
9126530,health-beauty
9128150,health-beauty
9128921,health-beauty
9131380,health-beauty
9131391,health-beauty
9131766,health-beauty
9131868,health-beauty
9131880,health-beauty
9131890,health-beauty
9131904,health-beauty
9131915,health-beauty
9131926,health-beauty
9131937,health-beauty
9131948,health-beauty
9132339,health-beauty
9132394,health-beauty
9132500,health-beauty
9132598,health-beauty
9132601,health-beauty
9132871,health-beauty
9133230,health-beauty
9133342,health-beauty
9137263,health-beauty
9137274,health-beauty
9137300,health-beauty
9137343,health-beauty
9137365,health-beauty
9137445,health-beauty
9137478,health-beauty
9137514,health-beauty
9137525,health-beauty
9137547,health-beauty
9137570,health-beauty
9137580,health-beauty
9137591,health-beauty
9139870,health-beauty
9139961,health-beauty
9140010,health-beauty
9140031,health-beauty
9140053,health-beauty
9140075,health-beauty
9152551,health-beauty
9153612,health-beauty
9156257,health-beauty
9158570,health-beauty
9158580,health-beauty
9161450,health-beauty
9187068,health-beauty
9187115,health-beauty
9187320,health-beauty
9187523,health-beauty
9187534,health-beauty
9191495,health-beauty
9192749,health-beauty
9193049,health-beauty
9193060,health-beauty
9193071,health-beauty
9193082,health-beauty
9193752,health-beauty
9193796,health-beauty
9193832,health-beauty
9194008,health-beauty
9194981,health-beauty
9203721,health-beauty
9212450,health-beauty
9216348,health-beauty
9216359,health-beauty
9216825,health-beauty
9216847,health-beauty
9216869,health-beauty
9218252,health-beauty
9219175,health-beauty
9223230,health-beauty
9223503,health-beauty
9223536,health-beauty
9223547,health-beauty
9223558,health-beauty
9223570,health-beauty
9223591,health-beauty
9223627,health-beauty
9223650,health-beauty
9223671,health-beauty
9227173,health-beauty
9227388,health-beauty
9227504,health-beauty
9227672,health-beauty
9227945,health-beauty
9227978,health-beauty
9227989,health-beauty
9227990,health-beauty
9228438,health-beauty
9228450,health-beauty
9228471,health-beauty
9228482,health-beauty
9228529,health-beauty
9228540,health-beauty
9229601,health-beauty
9230509,health-beauty
9231691,health-beauty
9232016,health-beauty
9232300,health-beauty
9232311,health-beauty
9232322,health-beauty
9232413,health-beauty
9232424,health-beauty
9241527,health-beauty
9241538,health-beauty
9241550,health-beauty
9241560,health-beauty
9243158,health-beauty
9245583,health-beauty
9245969,health-beauty
9255270,health-beauty
9260237,health-beauty
9260270,health-beauty
9260317,health-beauty
9260339,health-beauty
9260340,health-beauty
9261240,health-beauty
9261433,health-beauty
9261488,health-beauty
9275595,health-beauty
9276930,health-beauty
9277036,health-beauty
9277127,health-beauty
9277149,health-beauty
9278458,health-beauty
9279440,health-beauty
9282783,health-beauty
9282943,health-beauty
9283094,health-beauty
9283356,health-beauty
9283436,health-beauty
9284122,health-beauty
9284676,health-beauty
9287368,health-beauty
9287404,health-beauty
9287619,health-beauty
9287620,health-beauty
9287743,health-beauty
9292619,health-beauty
9297500,health-beauty
9299640,health-beauty
9300580,health-beauty
9301425,health-beauty
9301629,health-beauty
9302144,health-beauty
9302166,health-beauty
9309664,health-beauty
9309700,health-beauty
9309722,health-beauty
9309755,health-beauty
9309904,health-beauty
9309948,health-beauty
9313253,health-beauty
9313399,health-beauty
9313560,health-beauty
9313581,health-beauty
9313592,health-beauty
9313606,health-beauty
9314267,health-beauty
9314518,health-beauty
9314620,health-beauty
9314733,health-beauty
9315168,health-beauty
9315226,health-beauty
9317083,health-beauty
9317152,health-beauty
9317163,health-beauty
9317243,health-beauty
9317345,health-beauty
9317356,health-beauty
9317378,health-beauty
9317389,health-beauty
9317390,health-beauty
9317447,health-beauty
9317549,health-beauty
9317618,health-beauty
9321069,health-beauty
9321965,health-beauty
9322130,health-beauty
9322287,health-beauty
9322298,health-beauty
9326131,health-beauty
9336237,health-beauty
9353600,health-beauty
9357623,health-beauty
9357747,health-beauty
9363659,health-beauty
9386701,health-beauty
9386723,health-beauty
9387680,health-beauty
9387690,health-beauty
9390185,health-beauty
9391086,health-beauty
9391122,health-beauty
9428991,health-beauty
9436333,health-beauty
9444444,health-beauty
9466618,health-beauty
9467213,health-beauty
9467520,health-beauty
9479890,health-beauty
9479937,health-beauty
9494759,health-beauty
9498523,health-beauty
9498738,health-beauty
9498818,health-beauty
9498997,health-beauty
9499005,health-beauty
9499446,health-beauty
9500240,health-beauty
9505470,health-beauty
9506814,health-beauty
9511803,health-beauty
9515848,health-beauty
9516239,health-beauty
9519292,health-beauty
9519306,health-beauty
9533067,health-beauty
9536189,health-beauty
9536316,health-beauty
9536327,health-beauty
9536382,health-beauty
9536393,health-beauty
9536407,health-beauty
9536429,health-beauty
9536440,health-beauty
9537159,health-beauty
9539664,health-beauty
9540641,health-beauty
9548927,health-beauty
9550408,health-beauty
9562134,health-beauty
9563320,health-beauty
9563352,health-beauty
9563363,health-beauty
9563396,health-beauty
9563556,health-beauty
9563614,health-beauty
9563625,health-beauty
9563669,health-beauty
9564140,health-beauty
9567466,health-beauty
9571463,health-beauty
9574290,health-beauty
9577572,health-beauty
9578622,health-beauty
9579454,health-beauty
9580908,health-beauty
9581514,health-beauty
9582969,health-beauty
9583000,health-beauty
9583054,health-beauty
9583087,health-beauty
9583134,health-beauty
9583338,health-beauty
9583349,health-beauty
9583371,health-beauty
9596136,health-beauty
9601291,health-beauty
9603297,health-beauty
9621889,health-beauty
9622021,health-beauty
9622101,health-beauty
9623261,health-beauty
9670873,health-beauty
9676202,health-beauty
9677125,health-beauty
9677715,health-beauty
9677920,health-beauty
9677985,health-beauty
9678048,health-beauty
9683252,health-beauty
9687118,health-beauty
9688890,health-beauty
9690203,health-beauty
9692854,health-beauty
9692923,health-beauty
9695590,health-beauty
9702856,health-beauty
9738161,health-beauty
9738387,health-beauty
9739561,health-beauty
9788578,health-beauty
9790569,health-beauty
9806035,health-beauty
9811272,health-beauty
9831892,health-beauty
9832975,health-beauty
9833457,health-beauty
9833865,health-beauty
9849763,health-beauty
9851700,health-beauty
9851958,health-beauty
9870941,health-beauty
9872404,health-beauty
9873098,health-beauty
9873101,health-beauty
9873269,health-beauty
9873495,health-beauty
9874545,health-beauty
9875763,health-beauty
9875774,health-beauty
9877780,health-beauty
9886577,health-beauty
9917218,health-beauty
9925861,health-beauty
9932732,health-beauty
9932765,health-beauty
9936187,health-beauty
9936530,health-beauty
9936573,health-beauty
9949600,health-beauty
9957992,health-beauty
9960749,health-beauty
9971870,health-beauty
9972045,health-beauty
9982082,health-beauty
9994296,health-beauty
9994343,health-beauty
9994354,health-beauty
9994569,health-beauty
9994886,health-beauty
2163,home-garden
25191,home-garden
43182,home-garden
61253,home-garden
108889,home-garden
112503,home-garden
112638,home-garden
205171,home-garden
221713,home-garden
234624,home-garden
244344,home-garden
277886,home-garden
448912,home-garden
492845,home-garden
497667,home-garden
636640,home-garden
636800,home-garden
637370,home-garden
637610,home-garden
637880,home-garden
640910,home-garden
641210,home-garden
641480,home-garden
641560,home-garden
854210,home-garden
892333,home-garden
1000021,home-garden
1000025,home-garden
1014543,home-garden
1014598,home-garden
1014601,home-garden
1020397,home-garden
1022950,home-garden
1022982,home-garden
1023384,home-garden
1023395,home-garden
1023410,home-garden
1023475,home-garden
1031881,home-garden
1031892,home-garden
1031906,home-garden
1031917,home-garden
1031928,home-garden
1033050,home-garden
1033060,home-garden
1033093,home-garden
1052940,home-garden
1052961,home-garden
1053705,home-garden
1056260,home-garden
1056317,home-garden
1056340,home-garden
1056350,home-garden
1056441,home-garden
1056452,home-garden
1058196,home-garden
1060653,home-garden
1060970,home-garden
1060992,home-garden
1061000,home-garden
1061099,home-garden
1061350,home-garden
1061521,home-garden
1061587,home-garden
1061601,home-garden
1061612,home-garden
1061634,home-garden
1061645,home-garden
1061656,home-garden
1061667,home-garden
1061689,home-garden
1061690,home-garden
1061703,home-garden
1061725,home-garden
1061736,home-garden
1061747,home-garden
1061791,home-garden
1061805,home-garden
1061816,home-garden
1063061,home-garden
1064552,home-garden
1064563,home-garden
1064610,home-garden
1064982,home-garden
1064993,home-garden
1065001,home-garden
1065410,home-garden
1072845,home-garden
1074057,home-garden
1074909,home-garden
1074910,home-garden
1077500,home-garden
1079480,home-garden
1085166,home-garden
1089407,home-garden
1089451,home-garden
1089462,home-garden
1089484,home-garden
1089495,home-garden
1105671,home-garden
1135763,home-garden
1135923,home-garden
1145461,home-garden
1147999,home-garden
1155942,home-garden
1156821,home-garden
1156832,home-garden
1158383,home-garden
1170196,home-garden
1170301,home-garden
1170312,home-garden
1170334,home-garden
1170345,home-garden
1170356,home-garden
1182876,home-garden
1182956,home-garden
1199700,home-garden
1210111,home-garden
1276288,home-garden
1278159,home-garden
1282633,home-garden
1282644,home-garden
1282655,home-garden
1282666,home-garden
1283080,home-garden
1296398,home-garden
1296580,home-garden
1301851,home-garden
1302050,home-garden
1302071,home-garden
1302082,home-garden
1324992,home-garden
1331739,home-garden
1331740,home-garden
1331750,home-garden
1331761,home-garden
1363407,home-garden
1363429,home-garden
1363430,home-garden
1363917,home-garden
1363928,home-garden
1363950,home-garden
1388838,home-garden
1388871,home-garden
1388882,home-garden
1388907,home-garden
1388918,home-garden
1388929,home-garden
1388930,home-garden
1388962,home-garden
1388995,home-garden
1389014,home-garden
1389036,home-garden
1389047,home-garden
1389058,home-garden
1389069,home-garden
1390862,home-garden
1390884,home-garden
1390910,home-garden
1391967,home-garden
1400591,home-garden
1401540,home-garden
1401550,home-garden
1401561,home-garden
1401583,home-garden
1415544,home-garden
1415577,home-garden
1415599,home-garden
1415602,home-garden
1419308,home-garden
1419319,home-garden
1419330,home-garden
1421004,home-garden
1421092,home-garden
1421605,home-garden
1421729,home-garden
1421773,home-garden
1421784,home-garden
1421809,home-garden
1421810,home-garden
1421831,home-garden
1421922,home-garden
1421933,home-garden
1422120,home-garden
1422131,home-garden
1422142,home-garden
1422153,home-garden
1422164,home-garden
1422175,home-garden
1422186,home-garden
1422197,home-garden
1422211,home-garden
1423972,home-garden
1438110,home-garden
1439870,home-garden
1442525,home-garden
1443550,home-garden
1445716,home-garden
1445727,home-garden
1447960,home-garden
1447992,home-garden
1448000,home-garden
1448022,home-garden
1448033,home-garden
1448044,home-garden
1448055,home-garden
1448066,home-garden
1448077,home-garden
1448088,home-garden
1450035,home-garden
1451661,home-garden
1461381,home-garden
1461406,home-garden
1466953,home-garden
1466975,home-garden
1466986,home-garden
1466997,home-garden
1467016,home-garden
1474420,home-garden
1474452,home-garden
1474510,home-garden
1474532,home-garden
1474543,home-garden
1494212,home-garden
1499894,home-garden
1505910,home-garden
1505953,home-garden
1506016,home-garden
1510680,home-garden
1510750,home-garden
1511490,home-garden
1511504,home-garden
1511515,home-garden
1511526,home-garden
1511537,home-garden
1511548,home-garden
1511559,home-garden
1517170,home-garden
1531603,home-garden
1531749,home-garden
1545084,home-garden
1545404,home-garden
1545594,home-garden
1545619,home-garden
1547228,home-garden
1547261,home-garden
1547294,home-garden
1574821,home-garden
1575019,home-garden
1575020,home-garden
1575030,home-garden
1576033,home-garden
1579530,home-garden
1579552,home-garden
1579574,home-garden
1583141,home-garden
1583152,home-garden
1583163,home-garden
1584213,home-garden
1584224,home-garden
1584348,home-garden
1584360,home-garden
1587346,home-garden
1587903,home-garden
1588622,home-garden
1588666,home-garden
1588688,home-garden
1588746,home-garden
1600681,home-garden
1601017,home-garden
1601039,home-garden
1601040,home-garden
1601130,home-garden
1601174,home-garden
1601196,home-garden
1601200,home-garden
1604059,home-garden
1604060,home-garden
1604219,home-garden
1604489,home-garden
1604503,home-garden
1604525,home-garden
1605754,home-garden
1605856,home-garden
1606021,home-garden
1606076,home-garden
1606462,home-garden
1606473,home-garden
1606484,home-garden
1606495,home-garden
1606509,home-garden
1606553,home-garden
1606564,home-garden
1606575,home-garden
1606586,home-garden
1606768,home-garden
1606779,home-garden
1606994,home-garden
1607035,home-garden
1607057,home-garden
1607170,home-garden
1607727,home-garden
1607760,home-garden
1607771,home-garden
1607782,home-garden
1607793,home-garden
1608650,home-garden
1610200,home-garden
1611666,home-garden
1611688,home-garden
1611699,home-garden
1611917,home-garden
1611939,home-garden
1612895,home-garden
1613640,home-garden
1613752,home-garden
1613800,home-garden
1613810,home-garden
1613832,home-garden
1613854,home-garden
1614030,home-garden
1614391,home-garden
1616954,home-garden
1616976,home-garden
1640777,home-garden
1640835,home-garden
1640846,home-garden
1640868,home-garden
1640890,home-garden
1640915,home-garden
1640937,home-garden
1641452,home-garden
1651037,home-garden
1651059,home-garden
1651081,home-garden
1651092,home-garden
1651900,home-garden
1651922,home-garden
1651933,home-garden
1651944,home-garden
1652062,home-garden
1652302,home-garden
1652380,home-garden
1652608,home-garden
1652620,home-garden
1652652,home-garden
1652710,home-garden
1652721,home-garden
1652732,home-garden
1652743,home-garden
1652754,home-garden
1652776,home-garden
1652798,home-garden
1652801,home-garden
1652812,home-garden
1652845,home-garden
1652856,home-garden
1652867,home-garden
1652878,home-garden
1652914,home-garden
1652947,home-garden
1653000,home-garden
1653010,home-garden
1653032,home-garden
1653043,home-garden
1653054,home-garden
1653065,home-garden
1655209,home-garden
1655548,home-garden
1655592,home-garden
1655606,home-garden
1655639,home-garden
1655640,home-garden
1655785,home-garden
1655832,home-garden
1655912,home-garden
1655978,home-garden
1678430,home-garden
1678441,home-garden
1678452,home-garden
1678474,home-garden
1679579,home-garden
1679580,home-garden
1679590,home-garden
1679604,home-garden
1679626,home-garden
1679660,home-garden
1682733,home-garden
1682744,home-garden
1682755,home-garden
1682766,home-garden
1682777,home-garden
1682802,home-garden
1682846,home-garden
1682915,home-garden
1682937,home-garden
1682959,home-garden
1683066,home-garden
1684127,home-garden
1684149,home-garden
1684150,home-garden
1684160,home-garden
1684590,home-garden
1684604,home-garden
1684615,home-garden
1684637,home-garden
1686880,home-garden
1686891,home-garden
1687169,home-garden
1687180,home-garden
1687227,home-garden
1689346,home-garden
1689561,home-garden
1689583,home-garden
1709975,home-garden
1710001,home-garden
1712299,home-garden
1712380,home-garden
1718182,home-garden
1721314,home-garden
1721880,home-garden
1721890,home-garden
1721915,home-garden
1721926,home-garden
1724505,home-garden
1724775,home-garden
1724913,home-garden
1724946,home-garden
1724980,home-garden
1725053,home-garden
1725086,home-garden
1725246,home-garden
1739943,home-garden
1740002,home-garden
1740534,home-garden
1741344,home-garden
1742020,home-garden
1742030,home-garden
1742052,home-garden
1742063,home-garden
1742074,home-garden
1742314,home-garden
1742325,home-garden
1742620,home-garden
1742915,home-garden
1751075,home-garden
1811790,home-garden
1811803,home-garden
1811847,home-garden
1811880,home-garden
1811950,home-garden
1812001,home-garden
1812012,home-garden
1812034,home-garden
1812930,home-garden
1812985,home-garden
1812996,home-garden
1813354,home-garden
1818482,home-garden
1819576,home-garden
1823234,home-garden
1823289,home-garden
1823336,home-garden
1823482,home-garden
1828056,home-garden
1828781,home-garden
1828930,home-garden
1828952,home-garden
1828963,home-garden
1829580,home-garden
1829605,home-garden
1838526,home-garden
1838560,home-garden
1838570,home-garden
1839711,home-garden
1839744,home-garden
1839766,home-garden
1839802,home-garden
1840095,home-garden
1840211,home-garden
1841236,home-garden
1842250,home-garden
1842261,home-garden
1842283,home-garden
1842320,home-garden
1842374,home-garden
1842465,home-garden
1842501,home-garden
1842534,home-garden
1842545,home-garden
1842556,home-garden
1842567,home-garden
1842636,home-garden
1843559,home-garden
1844110,home-garden
1868629,home-garden
1868630,home-garden
1868673,home-garden
1896588,home-garden
1896646,home-garden
1896715,home-garden
1897060,home-garden
1897070,home-garden
1897106,home-garden
1897376,home-garden
1899189,home-garden
1953896,home-garden
1953954,home-garden
1955290,home-garden
1982056,home-garden
1982883,home-garden
1982941,home-garden
1982952,home-garden
2005490,home-garden
2005504,home-garden
2005515,home-garden
2005526,home-garden
2005537,home-garden
2005548,home-garden
2005559,home-garden
2006085,home-garden
2044233,home-garden
2044244,home-garden
2044299,home-garden
2044302,home-garden
2044313,home-garden
2044324,home-garden
2044357,home-garden
2044368,home-garden
2044390,home-garden
2044437,home-garden
2044460,home-garden
2044492,home-garden
2049179,home-garden
2145150,home-garden
2145172,home-garden
2153512,home-garden
2153567,home-garden
2153782,home-garden
2153807,home-garden
2163221,home-garden
2179458,home-garden
2208250,home-garden
2208261,home-garden
2208374,home-garden
2208385,home-garden
2229716,home-garden
2250392,home-garden
2346866,home-garden
2361429,home-garden
2361430,home-garden
2361440,home-garden
2361451,home-garden
2371874,home-garden
2387987,home-garden
2396252,home-garden
2396274,home-garden
2406980,home-garden
2406990,home-garden
2407009,home-garden
2407177,home-garden
2407392,home-garden
2407450,home-garden
2425328,home-garden
2445278,home-garden
2445314,home-garden
2445427,home-garden
2470231,home-garden
2542536,home-garden
2542547,home-garden
2594507,home-garden
2601760,home-garden
2602412,home-garden
2611901,home-garden
2611912,home-garden
2673830,home-garden
2682455,home-garden
2682466,home-garden
2682488,home-garden
2682659,home-garden
2682660,home-garden
2709857,home-garden
2748269,home-garden
2748509,home-garden
2765600,home-garden
2765698,home-garden
2768619,home-garden
2769881,home-garden
2770279,home-garden
2790414,home-garden
2790425,home-garden
2790447,home-garden
2795270,home-garden
2795280,home-garden
2797617,home-garden
2817259,home-garden
2817260,home-garden
2817612,home-garden
2817645,home-garden
2940197,home-garden
2959435,home-garden
2959821,home-garden
2962928,home-garden
2963013,home-garden
2981977,home-garden
2982277,home-garden
2982288,home-garden
2982380,home-garden
2982539,home-garden
2982540,home-garden
3014067,home-garden
3014103,home-garden
3014147,home-garden
3014169,home-garden
3014191,home-garden
3015616,home-garden
3022484,home-garden
3022510,home-garden
3022597,home-garden
3024901,home-garden
3030777,home-garden
3041300,home-garden
3056420,home-garden
3057591,home-garden
3057627,home-garden
3059032,home-garden
3059203,home-garden
3059214,home-garden
3059247,home-garden
3059407,home-garden
3085167,home-garden
3085269,home-garden
3085338,home-garden
3087242,home-garden
3087275,home-garden
3112554,home-garden
3112645,home-garden
3116216,home-garden
3116330,home-garden
3121045,home-garden
3121056,home-garden
3121250,home-garden
3121522,home-garden
3124190,home-garden
3131720,home-garden
3137497,home-garden
3145531,home-garden
3145586,home-garden
3145622,home-garden
3145699,home-garden
3146160,home-garden
3146294,home-garden
3164060,home-garden
3164117,home-garden
3185398,home-garden
3188090,home-garden
3188159,home-garden
3188206,home-garden
3188534,home-garden
3189990,home-garden
3219922,home-garden
3220150,home-garden
3220207,home-garden
3233967,home-garden
3251030,home-garden
3251142,home-garden
3253421,home-garden
3260620,home-garden
3300500,home-garden
3300532,home-garden
3309504,home-garden
3330566,home-garden
3331795,home-garden
3345348,home-garden
3380564,home-garden
3404720,home-garden
3411001,home-garden
3411045,home-garden
3411056,home-garden
3413415,home-garden
3413437,home-garden
3413448,home-garden
3413459,home-garden
3422664,home-garden
3448657,home-garden
3468326,home-garden
3503278,home-garden
3504929,home-garden
3505648,home-garden
3505659,home-garden
3505670,home-garden
3505681,home-garden
3508384,home-garden
3508395,home-garden
3508420,home-garden
3508442,home-garden
3508588,home-garden
3518810,home-garden
3519223,home-garden
3561300,home-garden
3563247,home-garden
3568058,home-garden
3573375,home-garden
3573513,home-garden
3573557,home-garden
3573568,home-garden
3575483,home-garden
3575949,home-garden
3579881,home-garden
3582649,home-garden
3582784,home-garden
3582795,home-garden
3588565,home-garden
3616092,home-garden
3629753,home-garden
3629764,home-garden
3629786,home-garden
3629797,home-garden
3629866,home-garden
3629902,home-garden
3629946,home-garden
3629979,home-garden
3629990,home-garden
3630005,home-garden
3630027,home-garden
3630038,home-garden
3630049,home-garden
3630071,home-garden
3630118,home-garden
3630173,home-garden
3633284,home-garden
3633580,home-garden
3633637,home-garden
3633717,home-garden
3634980,home-garden
3634990,home-garden
3635009,home-garden
3635010,home-garden
3635020,home-garden
3635031,home-garden
3635053,home-garden
3635075,home-garden
3635086,home-garden
3641930,home-garden
3645013,home-garden
3660276,home-garden
3660287,home-garden
3662952,home-garden
3663004,home-garden
3663467,home-garden
3663591,home-garden
3664153,home-garden
3667661,home-garden
3668482,home-garden
3670928,home-garden
3670994,home-garden
3671830,home-garden
3671986,home-garden
3672151,home-garden
3704247,home-garden
3704258,home-garden
3704316,home-garden
3704327,home-garden
3704407,home-garden
3704430,home-garden
3704462,home-garden
3704484,home-garden
3709295,home-garden
3711050,home-garden
3711082,home-garden
3711093,home-garden
3711107,home-garden
3711140,home-garden
3711162,home-garden
3711173,home-garden
3721042,home-garden
3721268,home-garden
3721279,home-garden
3721304,home-garden
3721326,home-garden
3721337,home-garden
3721359,home-garden
3721370,home-garden
3721381,home-garden
3725724,home-garden
3725917,home-garden
3733176,home-garden
3733278,home-garden
3733530,home-garden
3733540,home-garden
3733562,home-garden
3739194,home-garden
3741221,home-garden
3741254,home-garden
3756648,home-garden
3756670,home-garden
3756681,home-garden
3756692,home-garden
3756706,home-garden
3756717,home-garden
3764817,home-garden
3767735,home-garden
3777954,home-garden
3779632,home-garden
3782863,home-garden
3783119,home-garden
3784304,home-garden
3785078,home-garden
3785090,home-garden
3785555,home-garden
3785577,home-garden
3790828,home-garden
3790883,home-garden
3790894,home-garden
3793870,home-garden
3795504,home-garden
3795843,home-garden
3796267,home-garden
3796278,home-garden
3796584,home-garden
3796609,home-garden
3796620,home-garden
3796675,home-garden
3796744,home-garden
3796802,home-garden
3797918,home-garden
3798320,home-garden
3801470,home-garden
3801480,home-garden
3807443,home-garden
3807658,home-garden
3807680,home-garden
3807727,home-garden
3807760,home-garden
3808209,home-garden
3809824,home-garden
3809835,home-garden
3809846,home-garden
3810426,home-garden
3810448,home-garden
3811906,home-garden
3823701,home-garden
3823723,home-garden
3823734,home-garden
3837331,home-garden
3849115,home-garden
3849126,home-garden
3849137,home-garden
3849498,home-garden
3851682,home-garden
3851831,home-garden
3852095,home-garden
3852131,home-garden
3858444,home-garden
3858502,home-garden
3858579,home-garden
3858590,home-garden
3858615,home-garden
3858626,home-garden
3858637,home-garden
3858648,home-garden
3858659,home-garden
3858660,home-garden
3858670,home-garden
3858681,home-garden
3861530,home-garden
3861799,home-garden
3861824,home-garden
3862190,home-garden
3863932,home-garden
3864039,home-garden
3864040,home-garden
3864072,home-garden
3864414,home-garden
3865916,home-garden
3865949,home-garden
3866806,home-garden
3866817,home-garden
3879207,home-garden
3879670,home-garden
3887329,home-garden
3887351,home-garden
3887384,home-garden
3887544,home-garden
3887646,home-garden
3891927,home-garden
3912211,home-garden
3912540,home-garden
3912685,home-garden
3912732,home-garden
3912754,home-garden
3912776,home-garden
3912798,home-garden
3912812,home-garden
3912845,home-garden
3912867,home-garden
3912878,home-garden
3913510,home-garden
3913531,home-garden
3913564,home-garden
3913597,home-garden
3919505,home-garden
3919549,home-garden
3919550,home-garden
3919593,home-garden
3931748,home-garden
3931817,home-garden
3931850,home-garden
3931930,home-garden
3932140,home-garden
3932172,home-garden
3932183,home-garden
3932194,home-garden
3932219,home-garden
3932285,home-garden
3932911,home-garden
3932922,home-garden
3932944,home-garden
3932966,home-garden
3933029,home-garden
3933062,home-garden
3933084,home-garden
3933506,home-garden
3933540,home-garden
3933572,home-garden
3933823,home-garden
3933889,home-garden
3934939,home-garden
3934940,home-garden
3934950,home-garden
3935002,home-garden
3935013,home-garden
3935046,home-garden
3935068,home-garden
3935104,home-garden
3935498,home-garden
3935501,home-garden
3936581,home-garden
3936887,home-garden
3936898,home-garden
3936912,home-garden
3936923,home-garden
3937212,home-garden
3937460,home-garden
3937766,home-garden
3937857,home-garden
3937880,home-garden
3937960,home-garden
3938690,home-garden
3938736,home-garden
3938770,home-garden
3938791,home-garden
3939750,home-garden
3939761,home-garden
3939819,home-garden
3940239,home-garden
3940261,home-garden
3944171,home-garden
3947384,home-garden
3963733,home-garden
3963755,home-garden
3963890,home-garden
3963915,home-garden
3964328,home-garden
3964598,home-garden
3965477,home-garden
3969693,home-garden
3969740,home-garden
3969809,home-garden
3971673,home-garden
3971775,home-garden
3973792,home-garden
3973828,home-garden
3973850,home-garden
3973883,home-garden
3973894,home-garden
3973919,home-garden
3973920,home-garden
3973952,home-garden
3973974,home-garden
3973996,home-garden
3974037,home-garden
3974060,home-garden
3974081,home-garden
3974140,home-garden
3974230,home-garden
3974252,home-garden
3974263,home-garden
3974296,home-garden
3974300,home-garden
3975561,home-garden
3978661,home-garden
3979165,home-garden
3982487,home-garden
3982498,home-garden
3990022,home-garden
3990044,home-garden
3990066,home-garden
3990543,home-garden
3990678,home-garden
3990769,home-garden
3990791,home-garden
3990805,home-garden
3991193,home-garden
3991295,home-garden
3996197,home-garden
3996211,home-garden
3996222,home-garden
3996233,home-garden
3996481,home-garden
3996492,home-garden
3996506,home-garden
3997509,home-garden
3997510,home-garden
4149298,home-garden
4150275,home-garden
4150286,home-garden
4150297,home-garden
4150300,home-garden
4160803,home-garden
4163324,home-garden
4163594,home-garden
4163619,home-garden
4163630,home-garden
4163787,home-garden
4163798,home-garden
4163801,home-garden
4163812,home-garden
4163823,home-garden
4163834,home-garden
4163856,home-garden
4163878,home-garden
4163890,home-garden
4163970,home-garden
4163991,home-garden
4164123,home-garden
4164382,home-garden
4164746,home-garden
4165024,home-garden
4167391,home-garden
4182883,home-garden
4182941,home-garden
4182952,home-garden
4182974,home-garden
4184302,home-garden
4230240,home-garden
4230283,home-garden
4230830,home-garden
4230851,home-garden
4230862,home-garden
4230884,home-garden
4232074,home-garden
4232438,home-garden
4236712,home-garden
4237839,home-garden
4243911,home-garden
4247130,home-garden
4247210,home-garden
4250881,home-garden
4253813,home-garden
4253904,home-garden
4253915,home-garden
4253959,home-garden
4256968,home-garden
4271702,home-garden
4276579,home-garden
4283870,home-garden
4288749,home-garden
4289130,home-garden
4289195,home-garden
4289231,home-garden
4289275,home-garden
4305940,home-garden
4309135,home-garden
4309180,home-garden
4309215,home-garden
4309929,home-garden
4309940,home-garden
4310440,home-garden
4311090,home-garden
4314769,home-garden
4320921,home-garden
4322600,home-garden
4329959,home-garden
4329960,home-garden
4359144,home-garden
4418630,home-garden
4447263,home-garden
4448007,home-garden
4448233,home-garden
4448448,home-garden
4448460,home-garden
4448517,home-garden
4448550,home-garden
4460625,home-garden
4462085,home-garden
4462100,home-garden
4462121,home-garden
4481396,home-garden
4481454,home-garden
4481465,home-garden
4481487,home-garden
4481501,home-garden
4481512,home-garden
4485615,home-garden
4488191,home-garden
4488420,home-garden
4488442,home-garden
4488453,home-garden
4488486,home-garden
4488497,home-garden
4488511,home-garden
4488555,home-garden
4488588,home-garden
4488602,home-garden
4488613,home-garden
4493930,home-garden
4503502,home-garden
4503535,home-garden
4503546,home-garden
4509349,home-garden
4509429,home-garden
4509430,home-garden
4509509,home-garden
4509564,home-garden
4557308,home-garden
4568133,home-garden
4575059,home-garden
4651587,home-garden
4661343,home-garden
4661354,home-garden
4661558,home-garden
4661570,home-garden
4661591,home-garden
4663870,home-garden
4689127,home-garden
4713447,home-garden
4714064,home-garden
4714097,home-garden
4714155,home-garden
4715566,home-garden
4715602,home-garden
4720158,home-garden
4720271,home-garden
4728660,home-garden
4729345,home-garden
4735880,home-garden
4742321,home-garden
4742332,home-garden
4750909,home-garden
4753350,home-garden
4791473,home-garden
4797764,home-garden
4799511,home-garden
4799533,home-garden
4799602,home-garden
4799657,home-garden
4799668,home-garden
4815710,home-garden
4848435,home-garden
4864045,home-garden
4866608,home-garden
4867655,home-garden
4867702,home-garden
4868046,home-garden
4868603,home-garden
4868614,home-garden
4868647,home-garden
4871153,home-garden
4871288,home-garden
4871313,home-garden
4871335,home-garden
4882932,home-garden
4883210,home-garden
4883447,home-garden
4883458,home-garden
4883924,home-garden
4883957,home-garden
4886150,home-garden
4886161,home-garden
4888247,home-garden
4951172,home-garden
4951605,home-garden
4952415,home-garden
4956675,home-garden
4962521,home-garden
4962532,home-garden
4962554,home-garden
4962656,home-garden
4992861,home-garden
4994890,home-garden
5004508,home-garden
5005330,home-garden
5015796,home-garden
5016165,home-garden
5016212,home-garden
5016256,home-garden
5016290,home-garden
5061126,home-garden
5067315,home-garden
5083763,home-garden
5096335,home-garden
5097134,home-garden
5115316,home-garden
5116512,home-garden
5119022,home-garden
5119860,home-garden
5135426,home-garden
5135528,home-garden
5135594,home-garden
5136906,home-garden
5142137,home-garden
5142181,home-garden
5149169,home-garden
5152436,home-garden
5152538,home-garden
5152550,home-garden
5152640,home-garden
5159209,home-garden
5159286,home-garden
5159355,home-garden
5159366,home-garden
5159402,home-garden
5159435,home-garden
5159446,home-garden
5159479,home-garden
5159480,home-garden
5163068,home-garden
5173301,home-garden
5176730,home-garden
5177030,home-garden
5197026,home-garden
5198754,home-garden
5199622,home-garden
5211580,home-garden
5215343,home-garden
5215354,home-garden
5231543,home-garden
5241208,home-garden
5245515,home-garden
5245581,home-garden
5247496,home-garden
5247500,home-garden
5247543,home-garden
5247601,home-garden
5247645,home-garden
5249436,home-garden
5249480,home-garden
5256635,home-garden
5256985,home-garden
5283354,home-garden
5291705,home-garden
5299933,home-garden
5306573,home-garden
5306733,home-garden
5316420,home-garden
5316781,home-garden
5318288,home-garden
5323415,home-garden
5323448,home-garden
5323459,home-garden
5323470,home-garden
5323481,home-garden
5323594,home-garden
5323630,home-garden
5323641,home-garden
5323721,home-garden
5323743,home-garden
5323765,home-garden
5323776,home-garden
5323801,home-garden
5323812,home-garden
5323834,home-garden
5363373,home-garden
5379090,home-garden
5393727,home-garden
5393840,home-garden
5396736,home-garden
5398243,home-garden
5400028,home-garden
5400040,home-garden
5403241,home-garden
5408755,home-garden
5410021,home-garden
5412934,home-garden
5423974,home-garden
5425186,home-garden
5425197,home-garden
5435077,home-garden
5435678,home-garden
5445605,home-garden
5445627,home-garden
5445660,home-garden
5445784,home-garden
5445810,home-garden
5445820,home-garden
5475118,home-garden
5483502,home-garden
5484163,home-garden
5487398,home-garden
5487401,home-garden
5487423,home-garden
5487434,home-garden
5505999,home-garden
5515948,home-garden
5519982,home-garden
5551056,home-garden
5552558,home-garden
5567908,home-garden
5569062,home-garden
5573489,home-garden
5578187,home-garden
5578245,home-garden
5578802,home-garden
5578937,home-garden
5579703,home-garden
5580316,home-garden
5582581,home-garden
5582672,home-garden
5583530,home-garden
5583584,home-garden
5587290,home-garden
5604684,home-garden
5605950,home-garden
5621468,home-garden
5621901,home-garden
5651152,home-garden
5651550,home-garden
5658184,home-garden
5696911,home-garden
5696922,home-garden
5697630,home-garden
5745041,home-garden
5746521,home-garden
5746554,home-garden
5760089,home-garden
5763440,home-garden
5763495,home-garden
5780916,home-garden
5790534,home-garden
5793850,home-garden
5795447,home-garden
5817142,home-garden
5880557,home-garden
5880579,home-garden
5880626,home-garden
5880659,home-garden
5882337,home-garden
5882348,home-garden
5882359,home-garden
5882360,home-garden
5882417,home-garden
5883180,home-garden
5883282,home-garden
5883351,home-garden
5883952,home-garden
5884048,home-garden
5884252,home-garden
5884263,home-garden
5884285,home-garden
5884296,home-garden
5884354,home-garden
5906887,home-garden
5916133,home-garden
5918730,home-garden
5919175,home-garden
5934612,home-garden
5937552,home-garden
5938996,home-garden
5960215,home-garden
5960259,home-garden
5983120,home-garden
6009664,home-garden
6010164,home-garden
6024522,home-garden
6068572,home-garden
6071577,home-garden
6109330,home-garden
6120071,home-garden
6120129,home-garden
6120231,home-garden
6121937,home-garden
6123819,home-garden
6129101,home-garden
6129190,home-garden
6133233,home-garden
6133324,home-garden
6133346,home-garden
6133368,home-garden
6133390,home-garden
6133801,home-garden
6133903,home-garden
6133991,home-garden
6134214,home-garden
6134360,home-garden
6134382,home-garden
6134393,home-garden
6134586,home-garden
6134644,home-garden
6134881,home-garden
6140498,home-garden
6152781,home-garden
6152817,home-garden
6162650,home-garden
6313133,home-garden
6313224,home-garden
6313450,home-garden
6313461,home-garden
6362536,home-garden
6362547,home-garden
6362558,home-garden
6363051,home-garden
6399627,home-garden
6399671,home-garden
6400599,home-garden
6400613,home-garden
6400828,home-garden
6404534,home-garden
6409210,home-garden
6417605,home-garden
6417627,home-garden
6420530,home-garden
6420541,home-garden
6420870,home-garden
6420971,home-garden
6420982,home-garden
6421114,home-garden
6421533,home-garden
6421635,home-garden
6421770,home-garden
6421781,home-garden
6422900,home-garden
6423608,home-garden
6423619,home-garden
6433044,home-garden
6433259,home-garden
6433328,home-garden
6433736,home-garden
6436440,home-garden
6436472,home-garden
6436508,home-garden
6438638,home-garden
6448245,home-garden
6448267,home-garden
6448289,home-garden
6448290,home-garden
6448303,home-garden
6466804,home-garden
6476728,home-garden
6485081,home-garden
6489446,home-garden
6489457,home-garden
6509565,home-garden
6512210,home-garden
6512220,home-garden
6512639,home-garden
6512640,home-garden
6512650,home-garden
6512672,home-garden
6512694,home-garden
6524514,home-garden
6531699,home-garden
6531735,home-garden
6541681,home-garden
6542640,home-garden
6542662,home-garden
6542695,home-garden
6543075,home-garden
6543734,home-garden
6544635,home-garden
6544680,home-garden
6544952,home-garden
6550820,home-garden
6578706,home-garden
6578739,home-garden
6590701,home-garden
6597777,home-garden
6619494,home-garden
6678937,home-garden
6744157,home-garden
6797540,home-garden
6799283,home-garden
6806866,home-garden
6820517,home-garden
6820550,home-garden
6820583,home-garden
6820641,home-garden
6820674,home-garden
6821757,home-garden
6821768,home-garden
6821906,home-garden
6821928,home-garden
6821939,home-garden
6821940,home-garden
6821961,home-garden
6823901,home-garden
6823912,home-garden
6825907,home-garden
6825930,home-garden
6827822,home-garden
6828600,home-garden
6828643,home-garden
6829282,home-garden
6829373,home-garden
6829475,home-garden
6829657,home-garden
6830000,home-garden
6830011,home-garden
6830022,home-garden
6830033,home-garden
6830044,home-garden
6830055,home-garden
6830066,home-garden
6830077,home-garden
6830088,home-garden
6830099,home-garden
6830226,home-garden
6838727,home-garden
6838840,home-garden
6839162,home-garden
6839210,home-garden
6839231,home-garden
6839253,home-garden
6839286,home-garden
6839300,home-garden
6839333,home-garden
6839388,home-garden
6839402,home-garden
6839435,home-garden
6839457,home-garden
6839504,home-garden
6839559,home-garden
6839650,home-garden
6840682,home-garden
6841186,home-garden
6841200,home-garden
6842247,home-garden
6842270,home-garden
6842291,home-garden
6842316,home-garden
6845085,home-garden
6845289,home-garden
6845450,home-garden
6845518,home-garden
6845529,home-garden
6845610,home-garden
6846995,home-garden
6847070,home-garden
6847080,home-garden
6874334,home-garden
6876318,home-garden
6876409,home-garden
6876410,home-garden
6878765,home-garden
6892030,home-garden
6892085,home-garden
6892471,home-garden
6892493,home-garden
6892507,home-garden
6892610,home-garden
6928648,home-garden
6939790,home-garden
6939892,home-garden
6943517,home-garden
6943539,home-garden
6943540,home-garden
6987341,home-garden
7014273,home-garden
7014455,home-garden
7014466,home-garden
7014513,home-garden
7016053,home-garden
7016199,home-garden
7016406,home-garden
7016472,home-garden
7016698,home-garden
7016745,home-garden
7017216,home-garden
7017227,home-garden
7020618,home-garden
7021610,home-garden
7021698,home-garden
7022442,home-garden
7023183,home-garden
7023230,home-garden
7024302,home-garden
7024517,home-garden
7025430,home-garden
7026374,home-garden
7026400,home-garden
7026410,home-garden
7030542,home-garden
7030779,home-garden
7034248,home-garden
7036040,home-garden
7036094,home-garden
7039831,home-garden
7039988,home-garden
7040025,home-garden
7041640,home-garden
7041731,home-garden
7041797,home-garden
7041913,home-garden
7042075,home-garden
7042100,home-garden
7042600,home-garden
7043125,home-garden
7043205,home-garden
7043362,home-garden
7043384,home-garden
7043577,home-garden
7051644,home-garden
7058993,home-garden
7060736,home-garden
7063461,home-garden
7063472,home-garden
7080711,home-garden
7080744,home-garden
7081237,home-garden
7082433,home-garden
7082444,home-garden
7106961,home-garden
7106972,home-garden
7116998,home-garden
7117040,home-garden
7117050,home-garden
7119760,home-garden
7126540,home-garden
7126561,home-garden
7149534,home-garden
7172365,home-garden
7172478,home-garden
7172570,home-garden
7172591,home-garden
7172616,home-garden
7172650,home-garden
7174633,home-garden
7174644,home-garden
7174713,home-garden
7184557,home-garden
7208484,home-garden
7210588,home-garden
7210599,home-garden
7210602,home-garden
7291626,home-garden
7291637,home-garden
7375307,home-garden
7375318,home-garden
7401043,home-garden
7432229,home-garden
7445480,home-garden
7484266,home-garden
7500817,home-garden
7500839,home-garden
7500919,home-garden
7532482,home-garden
7532799,home-garden
7532835,home-garden
7532981,home-garden
7533124,home-garden
7534091,home-garden
7534150,home-garden
7534182,home-garden
7534386,home-garden
7535301,home-garden
7548609,home-garden
7550666,home-garden
7588170,home-garden
7628050,home-garden
7630890,home-garden
7639442,home-garden
7643530,home-garden
7643610,home-garden
7643687,home-garden
7644737,home-garden
7644748,home-garden
7644759,home-garden
7644963,home-garden
7644974,home-garden
7645015,home-garden
7645037,home-garden
7645762,home-garden
7646540,home-garden
7648567,home-garden
7654118,home-garden
7654195,home-garden
7654253,home-garden
7654275,home-garden
7654286,home-garden
7654300,home-garden
7654344,home-garden
7664166,home-garden
7665420,home-garden
7665475,home-garden
7665500,home-garden
7683761,home-garden
7707611,home-garden
7707622,home-garden
7707644,home-garden
7707655,home-garden
7707666,home-garden
7714865,home-garden
7717615,home-garden
7717626,home-garden
7717648,home-garden
7717670,home-garden
7719144,home-garden
7733575,home-garden
7739629,home-garden
7739630,home-garden
7739640,home-garden
7739673,home-garden
7739695,home-garden
7739710,home-garden
7739764,home-garden
7740592,home-garden
7740617,home-garden
7741278,home-garden
7741675,home-garden
7741813,home-garden
7745643,home-garden
7745676,home-garden
7747343,home-garden
7748470,home-garden
7748583,home-garden
7750235,home-garden
7750257,home-garden
7750279,home-garden
7761785,home-garden
7761810,home-garden
7761832,home-garden
7761843,home-garden
7761887,home-garden
7761912,home-garden
7761956,home-garden
7761978,home-garden
7790921,home-garden
7790965,home-garden
7791720,home-garden
7796236,home-garden
7822846,home-garden
7824830,home-garden
7825028,home-garden
7839893,home-garden
7839951,home-garden
7849161,home-garden
7868858,home-garden
7890416,home-garden
7902446,home-garden
8005799,home-garden
8014938,home-garden
8014971,home-garden
8071964,home-garden
8072129,home-garden
8072173,home-garden
8072253,home-garden
8072300,home-garden
8073733,home-garden
8073813,home-garden
8074419,home-garden
8074420,home-garden
8076662,home-garden
8095328,home-garden
8112540,home-garden
8129521,home-garden
8135295,home-garden
8135310,home-garden
8135364,home-garden
8138500,home-garden
8138577,home-garden
8138613,home-garden
8139263,home-garden
8139274,home-garden
8163417,home-garden
8163530,home-garden
8163643,home-garden
8163687,home-garden
8170106,home-garden
8170150,home-garden
8177444,home-garden
8177499,home-garden
8181893,home-garden
8185668,home-garden
8185690,home-garden
8385576,home-garden
8386218,home-garden
8386342,home-garden
8386397,home-garden
8393585,home-garden
8411530,home-garden
8419237,home-garden
8419281,home-garden
8424328,home-garden
8424951,home-garden
8424962,home-garden
8425036,home-garden
8462699,home-garden
8474596,home-garden
8476252,home-garden
8476285,home-garden
8476296,home-garden
8476300,home-garden
8476401,home-garden
8476591,home-garden
8476671,home-garden
8477346,home-garden
8477710,home-garden
8478010,home-garden
8479953,home-garden
8480340,home-garden
8481219,home-garden
8481321,home-garden
8481387,home-garden
8481398,home-garden
8481467,home-garden
8481490,home-garden
8481514,home-garden
8495213,home-garden
8498812,home-garden
8504267,home-garden
8593063,home-garden
8593121,home-garden
8593154,home-garden
8593198,home-garden
8633907,home-garden
8643525,home-garden
8673887,home-garden
8676284,home-garden
8677979,home-garden
8680000,home-garden
8680044,home-garden
8680099,home-garden
8684624,home-garden
8685343,home-garden
8685401,home-garden
8685456,home-garden
8694140,home-garden
8694184,home-garden
8694195,home-garden
8694322,home-garden
8694344,home-garden
8694355,home-garden
8694366,home-garden
8694388,home-garden
8694399,home-garden
8694480,home-garden
8694526,home-garden
8694537,home-garden
8706625,home-garden
8737516,home-garden
8738508,home-garden
8744362,home-garden
8744395,home-garden
8744442,home-garden
8744464,home-garden
8744475,home-garden
8744486,home-garden
8758458,home-garden
8766853,home-garden
8770475,home-garden
8770770,home-garden
8770828,home-garden
8770850,home-garden
8770883,home-garden
8773258,home-garden
8785803,home-garden
8793335,home-garden
8796060,home-garden
8796093,home-garden
8797653,home-garden
8797675,home-garden
8798871,home-garden
8798940,home-garden
8799138,home-garden
8799579,home-garden
8799604,home-garden
8826853,home-garden
8842260,home-garden
8860217,home-garden
8868252,home-garden
8871031,home-garden
8873106,home-garden
8873183,home-garden
8873296,home-garden
8873343,home-garden
8882071,home-garden
8920625,home-garden
8925108,home-garden
8925141,home-garden
8925152,home-garden
8925163,home-garden
8925185,home-garden
8925287,home-garden
8927602,home-garden
8934663,home-garden
8945546,home-garden
8946265,home-garden
8946276,home-garden
8946334,home-garden
8962104,home-garden
8962159,home-garden
8962261,home-garden
8966692,home-garden
8966728,home-garden
8968133,home-garden
8968304,home-garden
8998688,home-garden
9013395,home-garden
9015244,home-garden
9015652,home-garden
9015765,home-garden
9016837,home-garden
9017080,home-garden
9017239,home-garden
9017272,home-garden
9017873,home-garden
9017997,home-garden
9019154,home-garden
9019290,home-garden
9019358,home-garden
9019370,home-garden
9019405,home-garden
9020743,home-garden
9021098,home-garden
9021699,home-garden
9041335,home-garden
9041346,home-garden
9070027,home-garden
9126573,home-garden
9126664,home-garden
9129083,home-garden
9147595,home-garden
9151741,home-garden
9151810,home-garden
9152370,home-garden
9161359,home-garden
9188526,home-garden
9188537,home-garden
9188559,home-garden
9188560,home-garden
9188570,home-garden
9188581,home-garden
9188592,home-garden
9188617,home-garden
9188639,home-garden
9188640,home-garden
9188672,home-garden
9193016,home-garden
9193854,home-garden
9193901,home-garden
9193912,home-garden
9193923,home-garden
9193956,home-garden
9193967,home-garden
9193978,home-garden
9193989,home-garden
9194121,home-garden
9194132,home-garden
9232388,home-garden
9232683,home-garden
9283232,home-garden
9283243,home-garden
9283265,home-garden
9309777,home-garden
9317957,home-garden
9318020,home-garden
9319362,home-garden
9319646,home-garden
9320328,home-garden
9320383,home-garden
9335530,home-garden
9374531,home-garden
9382766,home-garden
9382926,home-garden
9405781,home-garden
9407798,home-garden
9407801,home-garden
9407845,home-garden
9468635,home-garden
9508456,home-garden
9534660,home-garden
9559923,home-garden
9561958,home-garden
9563997,home-garden
9579217,home-garden
9583804,home-garden
9591256,home-garden
9618545,home-garden
9659699,home-garden
9714061,home-garden
9723700,home-garden
9738423,home-garden
9803241,home-garden
9803263,home-garden
9805510,home-garden
9828865,home-garden
9843075,home-garden
9893324,home-garden
9894190,home-garden
9894269,home-garden
9894270,home-garden
9894280,home-garden
9896311,home-garden
9954043,home-garden
9969550,home-garden
10016,liquorland
10030,liquorland
10078,liquorland
10474,liquorland
10481,liquorland
10955,liquorland
14168,liquorland
14250,liquorland
14298,liquorland
15950,liquorland
21098,liquorland
21845,liquorland
21944,liquorland
22507,liquorland
24716,liquorland
29575,liquorland
35415,liquorland
35583,liquorland
35590,liquorland
35606,liquorland
35644,liquorland
35927,liquorland
35996,liquorland
36009,liquorland
36191,liquorland
36474,liquorland
37822,liquorland
45827,liquorland
49542,liquorland
49559,liquorland
49665,liquorland
52092,liquorland
54485,liquorland
54492,liquorland
60189,liquorland
60202,liquorland
63029,liquorland
70102,liquorland
74773,liquorland
75787,liquorland
82891,liquorland
84161,liquorland
88121,liquorland
88602,liquorland
89487,liquorland
90223,liquorland
93606,liquorland
95143,liquorland
95471,liquorland
99981,liquorland
101264,liquorland
101288,liquorland
101295,liquorland
120661,liquorland
125345,liquorland
131223,liquorland
162708,liquorland
162777,liquorland
168069,liquorland
181495,liquorland
216685,liquorland
224246,liquorland
311007,liquorland
311021,liquorland
313360,liquorland
313421,liquorland
313612,liquorland
314275,liquorland
335199,liquorland
379939,liquorland
380713,liquorland
382755,liquorland
382823,liquorland
416504,liquorland
416528,liquorland
445603,liquorland
464345,liquorland
465786,liquorland
465793,liquorland
466257,liquorland
473583,liquorland
473613,liquorland
479622,liquorland
482608,liquorland
482653,liquorland
512732,liquorland
519311,liquorland
519328,liquorland
536899,liquorland
536936,liquorland
539418,liquorland
539456,liquorland
539463,liquorland
539470,liquorland
539494,liquorland
539586,liquorland
544429,liquorland
544443,liquorland
544450,liquorland
549059,liquorland
550499,liquorland
550512,liquorland
550529,liquorland
550543,liquorland
550581,liquorland
551885,liquorland
552158,liquorland
552271,liquorland
552394,liquorland
556590,liquorland
564113,liquorland
564182,liquorland
566216,liquorland
572651,liquorland
927147,liquorland
927451,liquorland
927468,liquorland
1002362,liquorland
1014011,liquorland
1015102,liquorland
1015423,liquorland
1015430,liquorland
1015513,liquorland
1015921,liquorland
1018599,liquorland
1018624,liquorland
1028209,liquorland
1028242,liquorland
1028264,liquorland
1028286,liquorland
1028300,liquorland
1032830,liquorland
1038483,liquorland
1040645,liquorland
1040667,liquorland
1040714,liquorland
1045434,liquorland
1045514,liquorland
1045616,liquorland
1045693,liquorland
1045718,liquorland
1050650,liquorland
1054956,liquorland
1056168,liquorland
1058695,liquorland
1058990,liquorland
1059574,liquorland
1059621,liquorland
1059654,liquorland
1059665,liquorland
1059778,liquorland
1059790,liquorland
1060212,liquorland
1060223,liquorland
1062513,liquorland
1062535,liquorland
1062604,liquorland
1062626,liquorland
1065271,liquorland
1065293,liquorland
1068393,liquorland
1068430,liquorland
1070045,liquorland
1072379,liquorland
1081460,liquorland
1083036,liquorland
1083058,liquorland
1085461,liquorland
1085508,liquorland
1093889,liquorland
1096854,liquorland
1096876,liquorland
1105081,liquorland
1105092,liquorland
1118039,liquorland
1130329,liquorland
1130340,liquorland
1130373,liquorland
1134589,liquorland
1134851,liquorland
1134873,liquorland
1136960,liquorland
1137394,liquorland
1147649,liquorland
1149531,liquorland
1153856,liquorland
1153878,liquorland
1153890,liquorland
1155975,liquorland
1159003,liquorland
1164273,liquorland
1164660,liquorland
1164772,liquorland
1164885,liquorland
1166053,liquorland
1168060,liquorland
1168092,liquorland
1168252,liquorland
1168536,liquorland
1168650,liquorland
1168988,liquorland
1169018,liquorland
1169040,liquorland
1169062,liquorland
1169084,liquorland
1169448,liquorland
1169528,liquorland
1169539,liquorland
1169561,liquorland
1169583,liquorland
1170378,liquorland
1170390,liquorland
1170425,liquorland
1170447,liquorland
1170469,liquorland
1223587,liquorland
1223601,liquorland
1223656,liquorland
1227420,liquorland
1232996,liquorland
1253158,liquorland
1253170,liquorland
1253180,liquorland
1253191,liquorland
1259992,liquorland
1263016,liquorland
1263049,liquorland
1263344,liquorland
1263399,liquorland
1282702,liquorland
1282724,liquorland
1282746,liquorland
1282768,liquorland
1282780,liquorland
1282790,liquorland
1282826,liquorland
1282870,liquorland
1282881,liquorland
1282928,liquorland
1282950,liquorland
1282994,liquorland
1283501,liquorland
1296638,liquorland
1296649,liquorland
1301589,liquorland
1301647,liquorland
1311695,liquorland
1311902,liquorland
1311935,liquorland
1318016,liquorland
1323990,liquorland
1324880,liquorland
1324904,liquorland
1329704,liquorland
1329726,liquorland
1329748,liquorland
1329759,liquorland
1332935,liquorland
1333010,liquorland
1333086,liquorland
1336903,liquorland
1336925,liquorland
1337032,liquorland
1337043,liquorland
1337065,liquorland
1337087,liquorland
1338396,liquorland
1338410,liquorland
1338884,liquorland
1355250,liquorland
1382911,liquorland
1382933,liquorland
1385862,liquorland
1385884,liquorland
1385909,liquorland
1385920,liquorland
1389524,liquorland
1402611,liquorland
1402644,liquorland
1402837,liquorland
1402881,liquorland
1402939,liquorland
1415340,liquorland
1415373,liquorland
1415395,liquorland
1415420,liquorland
1416489,liquorland
1416616,liquorland
1420668,liquorland
1420679,liquorland
1420690,liquorland
1420704,liquorland
1420748,liquorland
1420760,liquorland
1420781,liquorland
1420806,liquorland
1420839,liquorland
1422299,liquorland
1422324,liquorland
1432430,liquorland
1432725,liquorland
1432951,liquorland
1432973,liquorland
1437547,liquorland
1437558,liquorland
1443018,liquorland
1445487,liquorland
1445501,liquorland
1445523,liquorland
1445534,liquorland
1446027,liquorland
1447653,liquorland
1451548,liquorland
1451606,liquorland
1460469,liquorland
1461417,liquorland
1461428,liquorland
1461440,liquorland
1461461,liquorland
1461483,liquorland
1461494,liquorland
1463853,liquorland
1463886,liquorland
1464346,liquorland
1464357,liquorland
1473529,liquorland
1474612,liquorland
1474645,liquorland
1475954,liquorland
1486779,liquorland
1486815,liquorland
1487035,liquorland
1487068,liquorland
1487090,liquorland
1488796,liquorland
1488821,liquorland
1496080,liquorland
1497458,liquorland
1497470,liquorland
1497855,liquorland
1498166,liquorland
1499001,liquorland
1499023,liquorland
1503029,liquorland
1503696,liquorland
1505115,liquorland
1506050,liquorland
1506060,liquorland
1506082,liquorland
1506093,liquorland
1506297,liquorland
1506300,liquorland
1507085,liquorland
1507096,liquorland
1507289,liquorland
1507303,liquorland
1509580,liquorland
1509604,liquorland
1511617,liquorland
1513033,liquorland
1513995,liquorland
1515152,liquorland
1515550,liquorland
1515571,liquorland
1515695,liquorland
1515742,liquorland
1515797,liquorland
1515855,liquorland
1516280,liquorland
1516290,liquorland
1516406,liquorland
1516417,liquorland
1516428,liquorland
1516508,liquorland
1516585,liquorland
1522850,liquorland
1531625,liquorland
1531647,liquorland
1531669,liquorland
1532560,liquorland
1532876,liquorland
1534496,liquorland
1534521,liquorland
1534598,liquorland
1544977,liquorland
1545007,liquorland
1545029,liquorland
1545062,liquorland
1545299,liquorland
1545426,liquorland
1546189,liquorland
1546338,liquorland
1546360,liquorland
1548821,liquorland
1548832,liquorland
1549427,liquorland
1557298,liquorland
1574967,liquorland
1574989,liquorland
1575008,liquorland
1576510,liquorland
1578833,liquorland
1578888,liquorland
1579803,liquorland
1579836,liquorland
1579858,liquorland
1582524,liquorland
1582535,liquorland
1586605,liquorland
1587958,liquorland
1588270,liquorland
1590158,liquorland
1591263,liquorland
1591649,liquorland
1591911,liquorland
1592007,liquorland
1592040,liquorland
1593542,liquorland
1593655,liquorland
1594910,liquorland
1594953,liquorland
1595038,liquorland
1596176,liquorland
1596201,liquorland
1606688,liquorland
1607240,liquorland
1608060,liquorland
1609981,liquorland
1611983,liquorland
1612002,liquorland
1612851,liquorland
1613005,liquorland
1613027,liquorland
1613049,liquorland
1613060,liquorland
1616820,liquorland
1621761,liquorland
1621794,liquorland
1625070,liquorland
1634209,liquorland
1642637,liquorland
1642660,liquorland
1643775,liquorland
1643811,liquorland
1643844,liquorland
1643866,liquorland
1643888,liquorland
1643902,liquorland
1644949,liquorland
1645001,liquorland
1647856,liquorland
1648076,liquorland
1649738,liquorland
1649807,liquorland
1654090,liquorland
1673936,liquorland
1679739,liquorland
1679740,liquorland
1684772,liquorland
1684819,liquorland
1684841,liquorland
1687034,liquorland
1687249,liquorland
1687250,liquorland
1708553,liquorland
1708564,liquorland
1708724,liquorland
1708735,liquorland
1709658,liquorland
1709680,liquorland
1709749,liquorland
1709782,liquorland
1709807,liquorland
1709818,liquorland
1709873,liquorland
1709884,liquorland
1710985,liquorland
1711004,liquorland
1711037,liquorland
1711490,liquorland
1711784,liquorland
1712540,liquorland
1712550,liquorland
1712572,liquorland
1712594,liquorland
1712619,liquorland
1712620,liquorland
1712685,liquorland
1712696,liquorland
1712721,liquorland
1712787,liquorland
1713586,liquorland
1713666,liquorland
1713677,liquorland
1713735,liquorland
1713757,liquorland
1713779,liquorland
1713790,liquorland
1724414,liquorland
1724425,liquorland
1725010,liquorland
1725020,liquorland
1737201,liquorland
1737303,liquorland
1737631,liquorland
1737981,liquorland
1737992,liquorland
1741457,liquorland
1745414,liquorland
1747205,liquorland
1748580,liquorland
1750710,liquorland
1753478,liquorland
1753627,liquorland
1777261,liquorland
1812045,liquorland
1812078,liquorland
1814710,liquorland
1819113,liquorland
1819135,liquorland
1819168,liquorland
1819180,liquorland
1829591,liquorland
1829627,liquorland
1832326,liquorland
1832337,liquorland
1837487,liquorland
1840277,liquorland
1842862,liquorland
1842884,liquorland
1842910,liquorland
1842920,liquorland
1845408,liquorland
1847980,liquorland
1848009,liquorland
1848552,liquorland
1848574,liquorland
1849985,liquorland
1866805,liquorland
1880737,liquorland
1893910,liquorland
1923385,liquorland
1933629,liquorland
1948546,liquorland
1948557,liquorland
1957795,liquorland
1976359,liquorland
1977410,liquorland
1977908,liquorland
1979721,liquorland
1980709,liquorland
1984095,liquorland
1984109,liquorland
1984426,liquorland
1989871,liquorland
1989893,liquorland
1991217,liquorland
1994419,liquorland
1994430,liquorland
1997905,liquorland
2004443,liquorland
2005694,liquorland
2016410,liquorland
2018630,liquorland
2018710,liquorland
2025680,liquorland
2037464,liquorland
2037475,liquorland
2037486,liquorland
2049601,liquorland
2078756,liquorland
2091007,liquorland
2103570,liquorland
2108471,liquorland
2112195,liquorland
2113438,liquorland
2113653,liquorland
2127341,liquorland
2127352,liquorland
2146572,liquorland
2149209,liquorland
2157116,liquorland
2164337,liquorland
2164348,liquorland
2165715,liquorland
2165726,liquorland
2165737,liquorland
2165748,liquorland
2165759,liquorland
2193222,liquorland
2193255,liquorland
2224279,liquorland
2226139,liquorland
2254622,liquorland
2271428,liquorland
2351902,liquorland
2351968,liquorland
2372877,liquorland
2374180,liquorland
2374191,liquorland
2385879,liquorland
2385880,liquorland
2401487,liquorland
2401498,liquorland
2405182,liquorland
2409220,liquorland
2445212,liquorland
2445245,liquorland
2445460,liquorland
2445493,liquorland
2466198,liquorland
2466245,liquorland
2466267,liquorland
2467510,liquorland
2481205,liquorland
2485319,liquorland
2499200,liquorland
2502305,liquorland
2502393,liquorland
2515282,liquorland
2515293,liquorland
2521423,liquorland
2525130,liquorland
2528433,liquorland
2538299,liquorland
2538313,liquorland
2540483,liquorland
2540563,liquorland
2542445,liquorland
2554003,liquorland
2554251,liquorland
2554295,liquorland
2554331,liquorland
2554386,liquorland
2579376,liquorland
2580400,liquorland
2580466,liquorland
2583395,liquorland
2587104,liquorland
2587137,liquorland
2587148,liquorland
2587159,liquorland
2587160,liquorland
2587170,liquorland
2587964,liquorland
2588989,liquorland
2589289,liquorland
2589314,liquorland
2592829,liquorland
2597549,liquorland
2597582,liquorland
2598213,liquorland
2599883,liquorland
2601125,liquorland
2603007,liquorland
2605953,liquorland
2607482,liquorland
2611628,liquorland
2611639,liquorland
2611640,liquorland
2611650,liquorland
2611683,liquorland
2614036,liquorland
2618376,liquorland
2623092,liquorland
2623580,liquorland
2623650,liquorland
2626159,liquorland
2658097,liquorland
2662072,liquorland
2662797,liquorland
2670853,liquorland
2673115,liquorland
2679097,liquorland
2679665,liquorland
2684053,liquorland
2685056,liquorland
2688393,liquorland
2688429,liquorland
2688939,liquorland
2688972,liquorland
2689975,liquorland
2691387,liquorland
2691398,liquorland
2691401,liquorland
2697055,liquorland
2697077,liquorland
2698717,liquorland
2699866,liquorland
2710131,liquorland
2711098,liquorland
2732677,liquorland
2737331,liquorland
2740041,liquorland
2740052,liquorland
2741882,liquorland
2767387,liquorland
2770632,liquorland
2770643,liquorland
2770891,liquorland
2790775,liquorland
2790786,liquorland
2790797,liquorland
2790800,liquorland
2791348,liquorland
2793762,liquorland
2795360,liquorland
2795780,liquorland
2797162,liquorland
2797184,liquorland
2798198,liquorland
2798201,liquorland
2798245,liquorland
2799849,liquorland
2799995,liquorland
2800008,liquorland
2800019,liquorland
2800369,liquorland
2800370,liquorland
2800722,liquorland
2801849,liquorland
2801850,liquorland
2803582,liquorland
2816960,liquorland
2816970,liquorland
2816981,liquorland
2817317,liquorland
2818353,liquorland
2818386,liquorland
2819265,liquorland
2823466,liquorland
2824425,liquorland
2824469,liquorland
2824582,liquorland
2827605,liquorland
2829270,liquorland
2830155,liquorland
2830188,liquorland
2833481,liquorland
2833889,liquorland
2834848,liquorland
2834859,liquorland
2838102,liquorland
2838124,liquorland
2840308,liquorland
2840603,liquorland
2840614,liquorland
2843441,liquorland
2847985,liquorland
2847996,liquorland
2850607,liquorland
2850709,liquorland
2851439,liquorland
2861320,liquorland
2863052,liquorland
2864011,liquorland
2864022,liquorland
2870976,liquorland
2871709,liquorland
2877363,liquorland
2885645,liquorland
2896776,liquorland
2896787,liquorland
2896801,liquorland
2903168,liquorland
2903292,liquorland
2903317,liquorland
2903339,liquorland
2917720,liquorland
2917752,liquorland
2917785,liquorland
2917821,liquorland
2918405,liquorland
2918416,liquorland
2920735,liquorland
2927927,liquorland
2927938,liquorland
2929831,liquorland
2930455,liquorland
2950135,liquorland
2958261,liquorland
2974905,liquorland
2977889,liquorland
2978928,liquorland
2978939,liquorland
2981150,liquorland
2981489,liquorland
2982710,liquorland
2982732,liquorland
2982743,liquorland
2982754,liquorland
2982765,liquorland
2982776,liquorland
2982787,liquorland
2987328,liquorland
2990854,liquorland
2992929,liquorland
2993568,liquorland
2996431,liquorland
3013064,liquorland
3013075,liquorland
3013472,liquorland
3013483,liquorland
3021890,liquorland
3021914,liquorland
3022509,liquorland
3023738,liquorland
3025154,liquorland
3025970,liquorland
3025981,liquorland
3026000,liquorland
3026011,liquorland
3026099,liquorland
3026168,liquorland
3026179,liquorland
3035657,liquorland
3036004,liquorland
3039476,liquorland
3041252,liquorland
3041263,liquorland
3041285,liquorland
3041310,liquorland
3041354,liquorland
3048772,liquorland
3048794,liquorland
3049662,liquorland
3049855,liquorland
3049866,liquorland
3049877,liquorland
3049899,liquorland
3062161,liquorland
3066038,liquorland
3068893,liquorland
3074841,liquorland
3074852,liquorland
3074874,liquorland
3075458,liquorland
3075469,liquorland
3081494,liquorland
3081508,liquorland
3085327,liquorland
3085349,liquorland
3087005,liquorland
3088008,liquorland
3089690,liquorland
3112532,liquorland
3112882,liquorland
3113080,liquorland
3113218,liquorland
3114050,liquorland
3114061,liquorland
3114072,liquorland
3115993,liquorland
3116001,liquorland
3116012,liquorland
3116170,liquorland
3129841,liquorland
3129863,liquorland
3136494,liquorland
3136585,liquorland
3139890,liquorland
3139925,liquorland
3144787,liquorland
3147796,liquorland
3150939,liquorland
3161458,liquorland
3161469,liquorland
3161470,liquorland
3161480,liquorland
3182469,liquorland
3182470,liquorland
3186062,liquorland
3186073,liquorland
3189650,liquorland
3200684,liquorland
3208609,liquorland
3222621,liquorland
3223453,liquorland
3223475,liquorland
3223635,liquorland
3223646,liquorland
3224274,liquorland
3226848,liquorland
3230437,liquorland
3232771,liquorland
3240281,liquorland
3241681,liquorland
3243494,liquorland
3249107,liquorland
3253170,liquorland
3253319,liquorland
3258607,liquorland
3268010,liquorland
3268633,liquorland
3268644,liquorland
3268746,liquorland
3272415,liquorland
3272426,liquorland
3273189,liquorland
3275435,liquorland
3276096,liquorland
3278433,liquorland
3278681,liquorland
3290519,liquorland
3292730,liquorland
3295534,liquorland
3298496,liquorland
3301466,liquorland
3301477,liquorland
3305128,liquorland
3307338,liquorland
3307779,liquorland
3307780,liquorland
3307870,liquorland
3312520,liquorland
3322910,liquorland
3330351,liquorland
3330690,liquorland
3330715,liquorland
3334035,liquorland
3334046,liquorland
3341314,liquorland
3341325,liquorland
3343262,liquorland
3344390,liquorland
3345144,liquorland
3345155,liquorland
3345712,liquorland
3346078,liquorland
3346089,liquorland
3354430,liquorland
3357314,liquorland
3358157,liquorland
3359943,liquorland
3363044,liquorland
3363055,liquorland
3365458,liquorland
3369583,liquorland
3369594,liquorland
3376840,liquorland
3380961,liquorland
3381068,liquorland
3383212,liquorland
3383223,liquorland
3386276,liquorland
3388522,liquorland
3397115,liquorland
3401530,liquorland
3403852,liquorland
3403885,liquorland
3407434,liquorland
3410712,liquorland
3411410,liquorland
3416515,liquorland
3426111,liquorland
3426122,liquorland
3430924,liquorland
3431042,liquorland
3431053,liquorland
3433809,liquorland
3455404,liquorland
3455426,liquorland
3455856,liquorland
3464450,liquorland
3464573,liquorland
3465248,liquorland
3465306,liquorland
3465907,liquorland
3466150,liquorland
3466852,liquorland
3469475,liquorland
3472913,liquorland
3472957,liquorland
3474861,liquorland
3474894,liquorland
3476110,liquorland
3479424,liquorland
3491033,liquorland
3496660,liquorland
3497619,liquorland
3506753,liquorland
3509285,liquorland
3509310,liquorland
3512541,liquorland
3515277,liquorland
3517512,liquorland
3517523,liquorland
3520890,liquorland
3524325,liquorland
3524391,liquorland
3524427,liquorland
3524438,liquorland
3525000,liquorland
3530441,liquorland
3532334,liquorland
3532345,liquorland
3532367,liquorland
3532389,liquorland
3534067,liquorland
3534078,liquorland
3534409,liquorland
3535183,liquorland
3535220,liquorland
3535230,liquorland
3536674,liquorland
3536798,liquorland
3536801,liquorland
3536812,liquorland
3539071,liquorland
3541540,liquorland
3541583,liquorland
3541619,liquorland
3542032,liquorland
3542054,liquorland
3542076,liquorland
3543217,liquorland
3544027,liquorland
3544388,liquorland
3544490,liquorland
3544650,liquorland
3560486,liquorland
3560522,liquorland
3572576,liquorland
3573499,liquorland
3577230,liquorland
3577241,liquorland
3581792,liquorland
3582310,liquorland
3582354,liquorland
3587358,liquorland
3591741,liquorland
3591774,liquorland
3591796,liquorland
3593383,liquorland
3593420,liquorland
3607648,liquorland
3607659,liquorland
3608017,liquorland
3608028,liquorland
3610369,liquorland
3610391,liquorland
3611703,liquorland
3613469,liquorland
3619228,liquorland
3621252,liquorland
3623510,liquorland
3625515,liquorland
3625559,liquorland
3628058,liquorland
3628150,liquorland
3628466,liquorland
3629356,liquorland
3631223,liquorland
3631256,liquorland
3640246,liquorland
3640508,liquorland
3640519,liquorland
3640530,liquorland
3640552,liquorland
3643528,liquorland
3643539,liquorland
3648521,liquorland
3651210,liquorland
3651242,liquorland
3652755,liquorland
3653850,liquorland
3653860,liquorland
3657089,liquorland
3657613,liquorland
3657635,liquorland
3657657,liquorland
3657770,liquorland
3657792,liquorland
3657817,liquorland
3658489,liquorland
3661304,liquorland
3661676,liquorland
3661870,liquorland
3665655,liquorland
3665881,liquorland
3665892,liquorland
3666400,liquorland
3667286,liquorland
3668664,liquorland
3668675,liquorland
3670724,liquorland
3671228,liquorland
3671818,liquorland
3672708,liquorland
3673370,liquorland
3673493,liquorland
3673584,liquorland
3673609,liquorland
3673620,liquorland
3673937,liquorland
3675160,liquorland
3676130,liquorland
3676152,liquorland
3677100,liquorland
3677122,liquorland
3678238,liquorland
3678293,liquorland
3678318,liquorland
3678577,liquorland
3678599,liquorland
3679208,liquorland
3679220,liquorland
3679638,liquorland
3681571,liquorland
3681607,liquorland
3693854,liquorland
3695849,liquorland
3696433,liquorland
3696740,liquorland
3696874,liquorland
3697334,liquorland
3697356,liquorland
3698359,liquorland
3698417,liquorland
3699760,liquorland
3699850,liquorland
3700858,liquorland
3701056,liquorland
3701260,liquorland
3701613,liquorland
3701624,liquorland
3702536,liquorland
3702820,liquorland
3702831,liquorland
3703787,liquorland
3704000,liquorland
3704087,liquorland
3706570,liquorland
3708179,liquorland
3709568,liquorland
3709900,liquorland
3709932,liquorland
3710035,liquorland
3710352,liquorland
3712256,liquorland
3712507,liquorland
3715618,liquorland
3715629,liquorland
3716439,liquorland
3716440,liquorland
3717840,liquorland
3717850,liquorland
3720221,liquorland
3722894,liquorland
3722952,liquorland
3728201,liquorland
3729805,liquorland
3729816,liquorland
3729882,liquorland
3730112,liquorland
3732107,liquorland
3732129,liquorland
3732366,liquorland
3734973,liquorland
3735160,liquorland
3744977,liquorland
3753457,liquorland
3755328,liquorland
3755339,liquorland
3755849,liquorland
3755850,liquorland
3760554,liquorland
3776248,liquorland
3776871,liquorland
3776893,liquorland
3784348,liquorland
3787608,liquorland
3787619,liquorland
3788826,liquorland
3791897,liquorland
3795978,liquorland
3795990,liquorland
3796530,liquorland
3796562,liquorland
3796610,liquorland
3806815,liquorland
3806837,liquorland
3812261,liquorland
3812272,liquorland
3814959,liquorland
3815747,liquorland
3816648,liquorland
3820667,liquorland
3825219,liquorland
3827076,liquorland
3827123,liquorland
3828443,liquorland
3828454,liquorland
3828465,liquorland
3828476,liquorland
3833716,liquorland
3836496,liquorland
3836510,liquorland
3838731,liquorland
3838866,liquorland
3839982,liquorland
3841270,liquorland
3841292,liquorland
3841317,liquorland
3841339,liquorland
3841758,liquorland
3841770,liquorland
3841791,liquorland
3841816,liquorland
3841871,liquorland
3841893,liquorland
3841918,liquorland
3841930,liquorland
3843072,liquorland
3843094,liquorland
3843119,liquorland
3843174,liquorland
3843196,liquorland
3843210,liquorland
3844086,liquorland
3844166,liquorland
3844202,liquorland
3844610,liquorland
3845748,liquorland
3845792,liquorland
3846048,liquorland
3846274,liquorland
3846296,liquorland
3846310,liquorland
3846332,liquorland
3847110,liquorland
3847277,liquorland
3847299,liquorland
3847313,liquorland
3848429,liquorland
3848644,liquorland
3848702,liquorland
3848940,liquorland
3849727,liquorland
3850078,liquorland
3850090,liquorland
3850114,liquorland
3850136,liquorland
3850158,liquorland
3850170,liquorland
3850191,liquorland
3850216,liquorland
3850657,liquorland
3850941,liquorland
3851263,liquorland
3851300,liquorland
3853757,liquorland
3853780,liquorland
3853815,liquorland
3853848,liquorland
3854320,liquorland
3854738,liquorland
3854760,liquorland
3854782,liquorland
3854895,liquorland
3855107,liquorland
3855129,liquorland
3855730,liquorland
3855741,liquorland
3856813,liquorland
3857066,liquorland
3857816,liquorland
3857827,liquorland
3857850,liquorland
3857893,liquorland
3857930,liquorland
3858524,liquorland
3858546,liquorland
3858761,liquorland
3860956,liquorland
3861609,liquorland
3861620,liquorland
3864550,liquorland
3864582,liquorland
3867966,liquorland
3870111,liquorland
3870144,liquorland
3870280,liquorland
3870326,liquorland
3871329,liquorland
3871340,liquorland
3871362,liquorland
3871395,liquorland
3871410,liquorland
3871522,liquorland
3871533,liquorland
3871668,liquorland
3872026,liquorland
3872300,liquorland
3872401,liquorland
3872412,liquorland
3873492,liquorland
3873506,liquorland
3873539,liquorland
3873878,liquorland
3874156,liquorland
3874167,liquorland
3874702,liquorland
3875206,liquorland
3875691,liquorland
3875840,liquorland
3876796,liquorland
3876810,liquorland
3878340,liquorland
3878882,liquorland
3878929,liquorland
3884003,liquorland
3884660,liquorland
3886585,liquorland
3887726,liquorland
3887737,liquorland
3891756,liquorland
3891803,liquorland
3891825,liquorland
3891869,liquorland
3893128,liquorland
3893172,liquorland
3896931,liquorland
3899180,liquorland
3899485,liquorland
3899951,liquorland
3901543,liquorland
3902794,liquorland
3904279,liquorland
3904359,liquorland
3904406,liquorland
3915366,liquorland
3915377,liquorland
3915399,liquorland
3915402,liquorland
3916256,liquorland
3923499,liquorland
3923502,liquorland
3928415,liquorland
3933153,liquorland
3936264,liquorland
3937595,liquorland
3938226,liquorland
3938849,liquorland
3939229,liquorland
3939987,liquorland
3940002,liquorland
3940035,liquorland
3940964,liquorland
3942020,liquorland
3942609,liquorland
3953037,liquorland
3954823,liquorland
3957810,liquorland
3962515,liquorland
3963290,liquorland
3964747,liquorland
3966550,liquorland
3972858,liquorland
3972869,liquorland
3977545,liquorland
3977556,liquorland
3987243,liquorland
3987480,liquorland
3993916,liquorland
3994001,liquorland
3994136,liquorland
4145468,liquorland
4145504,liquorland
4145526,liquorland
4145548,liquorland
4150480,liquorland
4153580,liquorland
4153604,liquorland
4160552,liquorland
4160825,liquorland
4160949,liquorland
4160960,liquorland
4160982,liquorland
4161056,liquorland
4161577,liquorland
4161646,liquorland
4161726,liquorland
4162310,liquorland
4165400,liquorland
4191830,liquorland
4191862,liquorland
4193799,liquorland
4193992,liquorland
4194190,liquorland
4195579,liquorland
4195648,liquorland
4197767,liquorland
4201570,liquorland
4201616,liquorland
4201638,liquorland
4203906,liquorland
4204807,liquorland
4205504,liquorland
4206642,liquorland
4206802,liquorland
4209210,liquorland
4213670,liquorland
4221963,liquorland
4222060,liquorland
4222219,liquorland
4224156,liquorland
4224688,liquorland
4224699,liquorland
4225614,liquorland
4225782,liquorland
4225986,liquorland
4225997,liquorland
4226821,liquorland
4226934,liquorland
4226945,liquorland
4227664,liquorland
4227744,liquorland
4230997,liquorland
4231005,liquorland
4232722,liquorland
4232788,liquorland
4232802,liquorland
4236461,liquorland
4236520,liquorland
4236836,liquorland
4240866,liquorland
4242602,liquorland
4242817,liquorland
4242850,liquorland
4243842,liquorland
4244540,liquorland
4244732,liquorland
4244823,liquorland
4247672,liquorland
4253926,liquorland
4265335,liquorland
4265608,liquorland
4265936,liquorland
4267829,liquorland
4267862,liquorland
4268967,liquorland
4268990,liquorland
4270030,liquorland
4270754,liquorland
4270787,liquorland
4271270,liquorland
4271768,liquorland
4271780,liquorland
4277980,liquorland
4281455,liquorland
4284216,liquorland
4289581,liquorland
4293035,liquorland
4293079,liquorland
4295788,liquorland
4299916,liquorland
4301778,liquorland
4301905,liquorland
4303671,liquorland
4304197,liquorland
4304404,liquorland
4304619,liquorland
4307683,liquorland
4307694,liquorland
4308100,liquorland
4308110,liquorland
4308132,liquorland
4308143,liquorland
4308416,liquorland
4309260,liquorland
4309317,liquorland
4310870,liquorland
4310892,liquorland
4310917,liquorland
4310928,liquorland
4310940,liquorland
4310961,liquorland
4310983,liquorland
4311432,liquorland
4311465,liquorland
4311997,liquorland
4313653,liquorland
4318861,liquorland
4330732,liquorland
4331790,liquorland
4331939,liquorland
4331950,liquorland
4331972,liquorland
4331994,liquorland
4332079,liquorland
4332716,liquorland
4332884,liquorland
4333650,liquorland
4335780,liquorland
4335827,liquorland
4336921,liquorland
4336932,liquorland
4342185,liquorland
4342200,liquorland
4348556,liquorland
4354617,liquorland
4354661,liquorland
4354719,liquorland
4356907,liquorland
4357740,liquorland
4357761,liquorland
4357783,liquorland
4362580,liquorland
4364993,liquorland
4365806,liquorland
4365839,liquorland
4368940,liquorland
4379720,liquorland
4379797,liquorland
4379888,liquorland
4379902,liquorland
4380457,liquorland
4380570,liquorland
4384560,liquorland
4384935,liquorland
4387718,liquorland
4387730,liquorland
4387988,liquorland
4399692,liquorland
4406142,liquorland
4406619,liquorland
4406630,liquorland
4407462,liquorland
4407553,liquorland
4407655,liquorland
4408160,liquorland
4408192,liquorland
4408250,liquorland
4408498,liquorland
4408523,liquorland
4410682,liquorland
4410988,liquorland
4411299,liquorland
4412430,liquorland
4412440,liquorland
4412462,liquorland
4412484,liquorland
4414694,liquorland
4417524,liquorland
4417535,liquorland
4417546,liquorland
4417568,liquorland
4417579,liquorland
4417580,liquorland
4419508,liquorland
4419563,liquorland
4419621,liquorland
4419632,liquorland
4419676,liquorland
4419734,liquorland
4419745,liquorland
4419825,liquorland
4441642,liquorland
4441664,liquorland
4443819,liquorland
4443841,liquorland
4443852,liquorland
4448131,liquorland
4448142,liquorland
4448812,liquorland
4451680,liquorland
4451690,liquorland
4452707,liquorland
4452718,liquorland
4454112,liquorland
4454178,liquorland
4454735,liquorland
4454983,liquorland
4455002,liquorland
4459477,liquorland
4462256,liquorland
4462314,liquorland
4462336,liquorland
4462347,liquorland
4465527,liquorland
4467792,liquorland
4469925,liquorland
4469936,liquorland
4470185,liquorland
4470571,liquorland
4470684,liquorland
4470709,liquorland
4470877,liquorland
4472680,liquorland
4473139,liquorland
4473161,liquorland
4473354,liquorland
4473660,liquorland
4474754,liquorland
4474776,liquorland
4475688,liquorland
4475848,liquorland
4477275,liquorland
4490670,liquorland
4492086,liquorland
4492155,liquorland
4494263,liquorland
4498027,liquorland
4500956,liquorland
4501143,liquorland
4501391,liquorland
4501449,liquorland
4501846,liquorland
4501879,liquorland
4501880,liquorland
4505337,liquorland
4509677,liquorland
4513528,liquorland
4662324,liquorland
4662448,liquorland
4662765,liquorland
4662798,liquorland
4662925,liquorland
4674458,liquorland
4674470,liquorland
4674491,liquorland
4683222,liquorland
4683288,liquorland
4684236,liquorland
4684430,liquorland
4684451,liquorland
4684520,liquorland
4692937,liquorland
4693055,liquorland
4693066,liquorland
4693088,liquorland
4697410,liquorland
4697420,liquorland
4699357,liquorland
4699368,liquorland
4706656,liquorland
4709280,liquorland
4709290,liquorland
4712615,liquorland
4712626,liquorland
4718451,liquorland
4718473,liquorland
4718495,liquorland
4718510,liquorland
4718531,liquorland
4718542,liquorland
4731165,liquorland
4731595,liquorland
4731610,liquorland
4734618,liquorland
4734630,liquorland
4736362,liquorland
4736373,liquorland
4739225,liquorland
4739440,liquorland
4739509,liquorland
4740304,liquorland
4740950,liquorland
4741657,liquorland
4742478,liquorland
4744520,liquorland
4744688,liquorland
4744815,liquorland
4745614,liquorland
4746162,liquorland
4750670,liquorland
4764663,liquorland
4769190,liquorland
4770917,liquorland
4775590,liquorland
4775626,liquorland
4780706,liquorland
4784412,liquorland
4788209,liquorland
4788468,liquorland
4793694,liquorland
4794675,liquorland
4794722,liquorland
4794777,liquorland
4794802,liquorland
4795260,liquorland
4799690,liquorland
4807278,liquorland
4815356,liquorland
4815367,liquorland
4815389,liquorland
4815403,liquorland
4819368,liquorland
4820549,liquorland
4846430,liquorland
4846451,liquorland
4849370,liquorland
4867950,liquorland
4868239,liquorland
4868272,liquorland
4883888,liquorland
4947936,liquorland
4948145,liquorland
4950442,liquorland
4952186,liquorland
4952197,liquorland
4959163,liquorland
4962918,liquorland
4962930,liquorland
4962940,liquorland
4962962,liquorland
4963295,liquorland
4968186,liquorland
4969371,liquorland
4972387,liquorland
4977289,liquorland
4995655,liquorland
4996206,liquorland
4997504,liquorland
4998880,liquorland
5003200,liquorland
5003210,liquorland
5003221,liquorland
5005410,liquorland
5009589,liquorland
5018310,liquorland
5018353,liquorland
5020581,liquorland
5023579,liquorland
5023615,liquorland
5024899,liquorland
5025202,liquorland
5025268,liquorland
5025406,liquorland
5025417,liquorland
5025428,liquorland
5025439,liquorland
5025461,liquorland
5025472,liquorland
5025585,liquorland
5025596,liquorland
5028594,liquorland
5028619,liquorland
5028641,liquorland
5028652,liquorland
5037493,liquorland
5040840,liquorland
5044681,liquorland
5046665,liquorland
5046676,liquorland
5046698,liquorland
5051053,liquorland
5051064,liquorland
5051122,liquorland
5051133,liquorland
5051155,liquorland
5051188,liquorland
5053514,liquorland
5053525,liquorland
5065637,liquorland
5067687,liquorland
5067778,liquorland
5071141,liquorland
5072778,liquorland
5082873,liquorland
5082910,liquorland
5084595,liquorland
5085394,liquorland
5086207,liquorland
5086400,liquorland
5086411,liquorland
5087710,liquorland
5087742,liquorland
5087957,liquorland
5087980,liquorland
5088010,liquorland
5088235,liquorland
5088257,liquorland
5088315,liquorland
5090077,liquorland
5091047,liquorland
5091499,liquorland
5093440,liquorland
5094861,liquorland
5097418,liquorland
5097451,liquorland
5097473,liquorland
5097495,liquorland
5098035,liquorland
5098068,liquorland
5101300,liquorland
5101581,liquorland
5101628,liquorland
5102493,liquorland
5102562,liquorland
5102595,liquorland
5102642,liquorland
5103725,liquorland
5105695,liquorland
5105800,liquorland
5112500,liquorland
5112522,liquorland
5116160,liquorland
5116217,liquorland
5116476,liquorland
5118518,liquorland
5118879,liquorland
5120225,liquorland
5120451,liquorland
5123405,liquorland
5132494,liquorland
5132519,liquorland
5136677,liquorland
5139631,liquorland
5142057,liquorland
5142341,liquorland
5142400,liquorland
5142454,liquorland
5142589,liquorland
5148483,liquorland
5151138,liquorland
5156211,liquorland
5159741,liquorland
5159796,liquorland
5160434,liquorland
5188411,liquorland
5188422,liquorland
5197693,liquorland
5202374,liquorland
5202942,liquorland
5203107,liquorland
5203129,liquorland
5203140,liquorland
5203151,liquorland
5203173,liquorland
5203184,liquorland
5203333,liquorland
5212287,liquorland
5212298,liquorland
5212301,liquorland
5212312,liquorland
5214330,liquorland
5218625,liquorland
5218636,liquorland
5218647,liquorland
5225212,liquorland
5227127,liquorland
5232444,liquorland
5237958,liquorland
5237969,liquorland
5240410,liquorland
5268260,liquorland
5268667,liquorland
5268678,liquorland
5270691,liquorland
5271049,liquorland
5271253,liquorland
5271355,liquorland
5271388,liquorland
5293992,liquorland
5294248,liquorland
5294259,liquorland
5294281,liquorland
5294292,liquorland
5294317,liquorland
5296582,liquorland
5309221,liquorland
5309265,liquorland
5309276,liquorland
5309378,liquorland
5309425,liquorland
5311187,liquorland
5316577,liquorland
5316599,liquorland
5316839,liquorland
5317671,liquorland
5320847,liquorland
5330363,liquorland
5330501,liquorland
5335367,liquorland
5338387,liquorland
5338490,liquorland
5338547,liquorland
5340265,liquorland
5340301,liquorland
5353143,liquorland
5363067,liquorland
5363078,liquorland
5365506,liquorland
5370448,liquorland
5372250,liquorland
5377458,liquorland
5386120,liquorland
5386142,liquorland
5396962,liquorland
5396984,liquorland
5404787,liquorland
5404936,liquorland
5417439,liquorland
5420648,liquorland
5420660,liquorland
5425288,liquorland
5435645,liquorland
5438199,liquorland
5438439,liquorland
5456179,liquorland
5456204,liquorland
5457740,liquorland
5458491,liquorland
5458505,liquorland
5458516,liquorland
5472754,liquorland
5472980,liquorland
5489316,liquorland
5489407,liquorland
5489510,liquorland
5490745,liquorland
5490960,liquorland
5490993,liquorland
5491012,liquorland
5491158,liquorland
5491679,liquorland
5491680,liquorland
5491704,liquorland
5491715,liquorland
5491737,liquorland
5491748,liquorland
5491806,liquorland
5491817,liquorland
5491828,liquorland
5492048,liquorland
5492059,liquorland
5492060,liquorland
5492092,liquorland
5492117,liquorland
5492128,liquorland
5492172,liquorland
5492208,liquorland
5492740,liquorland
5492762,liquorland
5492773,liquorland
5493324,liquorland
5493346,liquorland
5493357,liquorland
5493368,liquorland
5494622,liquorland
5494677,liquorland
5495691,liquorland
5495705,liquorland
5497518,liquorland
5498576,liquorland
5498612,liquorland
5498656,liquorland
5498689,liquorland
5498690,liquorland
5498725,liquorland
5498747,liquorland
5498758,liquorland
5498769,liquorland
5498770,liquorland
5498780,liquorland
5500248,liquorland
5500306,liquorland
5500430,liquorland
5501262,liquorland
5502287,liquorland
5502345,liquorland
5502356,liquorland
5502367,liquorland
5502786,liquorland
5502797,liquorland
5502800,liquorland
5502833,liquorland
5502902,liquorland
5502935,liquorland
5502990,liquorland
5512633,liquorland
5512644,liquorland
5518877,liquorland
5527302,liquorland
5528021,liquorland
5534137,liquorland
5534170,liquorland
5534501,liquorland
5534523,liquorland
5536540,liquorland
5536551,liquorland
5536609,liquorland
5538535,liquorland
5538546,liquorland
5539866,liquorland
5540195,liquorland
5542758,liquorland
5544378,liquorland
5544389,liquorland
5547252,liquorland
5548073,liquorland
5548288,liquorland
5548845,liquorland
5548856,liquorland
5549101,liquorland
5549112,liquorland
5549123,liquorland
5549327,liquorland
5549349,liquorland
5549360,liquorland
5549473,liquorland
5552343,liquorland
5552412,liquorland
5553710,liquorland
5555975,liquorland
5556311,liquorland
5556399,liquorland
5556402,liquorland
5556413,liquorland
5567840,liquorland
5567850,liquorland
5568263,liquorland
5568300,liquorland
5569630,liquorland
5573547,liquorland
5573922,liquorland
5574051,liquorland
5574335,liquorland
5578970,liquorland
5578981,liquorland
5581080,liquorland
5581090,liquorland
5582388,liquorland
5582537,liquorland
5586458,liquorland
5586786,liquorland
5587440,liquorland
5587461,liquorland
5589037,liquorland
5589944,liquorland
5590105,liquorland
5590138,liquorland
5590149,liquorland
5590150,liquorland
5591141,liquorland
5593293,liquorland
5593329,liquorland
5593373,liquorland
5607660,liquorland
5607682,liquorland
5608324,liquorland
5608335,liquorland
5615319,liquorland
5615501,liquorland
5619615,liquorland
5620614,liquorland
5621071,liquorland
5621082,liquorland
5638653,liquorland
5638664,liquorland
5640316,liquorland
5640338,liquorland
5640350,liquorland
5640473,liquorland
5640746,liquorland
5640780,liquorland
5640815,liquorland
5641320,liquorland
5642264,liquorland
5654966,liquorland
5661735,liquorland
5662498,liquorland
5689461,liquorland
5689541,liquorland
5689610,liquorland
5689665,liquorland
5697696,liquorland
5720244,liquorland
5724802,liquorland
5725113,liquorland
5745370,liquorland
5745507,liquorland
5745529,liquorland
5745540,liquorland
5745620,liquorland
5745642,liquorland
5747954,liquorland
5747965,liquorland
5748028,liquorland
5749938,liquorland
5749960,liquorland
5765264,liquorland
5765286,liquorland
5768444,liquorland
5788259,liquorland
5792879,liquorland
5798376,liquorland
5799426,liquorland
5799437,liquorland
5799561,liquorland
5799608,liquorland
5816092,liquorland
5816150,liquorland
5816376,liquorland
5816650,liquorland
5821751,liquorland
5823790,liquorland
5823917,liquorland
5825504,liquorland
5832496,liquorland
5839677,liquorland
5880353,liquorland
5880375,liquorland
5883500,liquorland
5883533,liquorland
5884150,liquorland
5884194,liquorland
5884220,liquorland
5885903,liquorland
5888333,liquorland
5888366,liquorland
5888402,liquorland
5888446,liquorland
5888480,liquorland
5911559,liquorland
5925189,liquorland
5929168,liquorland
5986570,liquorland
6009609,liquorland
6026594,liquorland
6026619,liquorland
6026630,liquorland
6066792,liquorland
6073834,liquorland
6099521,liquorland
6099565,liquorland
6101951,liquorland
6102058,liquorland
6102193,liquorland
6102218,liquorland
6102320,liquorland
6102580,liquorland
6103050,liquorland
6104530,liquorland
6104574,liquorland
6104745,liquorland
6107696,liquorland
6119709,liquorland
6119731,liquorland
6120581,liquorland
6120661,liquorland
6123127,liquorland
6124640,liquorland
6124866,liquorland
6126373,liquorland
6128663,liquorland
6128696,liquorland
6129076,liquorland
6130676,liquorland
6130712,liquorland
6130858,liquorland
6130993,liquorland
6131012,liquorland
6131271,liquorland
6131318,liquorland
6131792,liquorland
6131920,liquorland
6133007,liquorland
6133040,liquorland
6133594,liquorland
6135454,liquorland
6135603,liquorland
6136661,liquorland
6136708,liquorland
6137802,liquorland
6139229,liquorland
6139320,liquorland
6140680,liquorland
6142948,liquorland
6142960,liquorland
6142981,liquorland
6153274,liquorland
6153365,liquorland
6153398,liquorland
6153423,liquorland
6153478,liquorland
6156057,liquorland
6162810,liquorland
6162978,liquorland
6163176,liquorland
6163427,liquorland
6163449,liquorland
6163460,liquorland
6165284,liquorland
6165579,liquorland
6177057,liquorland
6177148,liquorland
6177341,liquorland
6177410,liquorland
6177454,liquorland
6179609,liquorland
6184530,liquorland
6184562,liquorland
6187141,liquorland
6187196,liquorland
6187221,liquorland
6196539,liquorland
6196594,liquorland
6196619,liquorland
6199548,liquorland
6199832,liquorland
6201388,liquorland
6207410,liquorland
6208922,liquorland
6210006,liquorland
6210163,liquorland
6210174,liquorland
6210560,liquorland
6248020,liquorland
6261404,liquorland
6261481,liquorland
6261540,liquorland
6261583,liquorland
6261619,liquorland
6274279,liquorland
6274290,liquorland
6274392,liquorland
6275362,liquorland
6275384,liquorland
6276296,liquorland
6276310,liquorland
6278236,liquorland
6282186,liquorland
6282663,liquorland
6283010,liquorland
6292088,liquorland
6301768,liquorland
6301837,liquorland
6302068,liquorland
6326496,liquorland
6326703,liquorland
6327171,liquorland
6327182,liquorland
6340602,liquorland
6360086,liquorland
6360097,liquorland
6360224,liquorland
6360304,liquorland
6364553,liquorland
6371570,liquorland
6371581,liquorland
6371730,liquorland
6372857,liquorland
6373372,liquorland
6373394,liquorland
6376847,liquorland
6376870,liquorland
6391400,liquorland
6395660,liquorland
6395670,liquorland
6395954,liquorland
6399605,liquorland
6399638,liquorland
6400985,liquorland
6401026,liquorland
6402674,liquorland
6402743,liquorland
6402754,liquorland
6412656,liquorland
6412667,liquorland
6413080,liquorland
6413091,liquorland
6414470,liquorland
6414684,liquorland
6424076,liquorland
6424440,liquorland
6424586,liquorland
6435221,liquorland
6435243,liquorland
6435695,liquorland
6435709,liquorland
6436381,liquorland
6436417,liquorland
6450156,liquorland
6474992,liquorland
6475000,liquorland
6577350,liquorland
6577372,liquorland
6577554,liquorland
6577678,liquorland
6579436,liquorland
6594940,liquorland
6594950,liquorland
6596344,liquorland
6604500,liquorland
6606266,liquorland
6606878,liquorland
6609560,liquorland
6618957,liquorland
6623210,liquorland
6623243,liquorland
6639549,liquorland
6665516,liquorland
6688759,liquorland
6688760,liquorland
6702420,liquorland
6703116,liquorland
6725811,liquorland
6737300,liquorland
6737617,liquorland
6739408,liquorland
6739419,liquorland
6739510,liquorland
6739532,liquorland
6747880,liquorland
6748704,liquorland
6755685,liquorland
6759019,liquorland
6762341,liquorland
6762363,liquorland
6764370,liquorland
6764380,liquorland
6800757,liquorland
6801975,liquorland
6801997,liquorland
6802606,liquorland
6802617,liquorland
6804226,liquorland
6804587,liquorland
6804612,liquorland
6804634,liquorland
6804678,liquorland
6804714,liquorland
6821473,liquorland
6824110,liquorland
6824959,liquorland
6825281,liquorland
6828075,liquorland
6829147,liquorland
6829158,liquorland
6829169,liquorland
6829180,liquorland
6829191,liquorland
6829544,liquorland
6829577,liquorland
6830180,liquorland
6830543,liquorland
6830623,liquorland
6830678,liquorland
6835263,liquorland
6843024,liquorland
6843035,liquorland
6843115,liquorland
6843137,liquorland
6843567,liquorland
6845620,liquorland
6873580,liquorland
6873830,liquorland
6874221,liquorland
6879076,liquorland
6879087,liquorland
6903046,liquorland
6928546,liquorland
6935304,liquorland
6935315,liquorland
6937955,liquorland
6954116,liquorland
6955436,liquorland
6957817,liquorland
6971691,liquorland
6971705,liquorland
6975976,liquorland
6975987,liquorland
7001453,liquorland
7001464,liquorland
7001817,liquorland
7001930,liquorland
7002241,liquorland
7002570,liquorland
7011560,liquorland
7011945,liquorland
7011990,liquorland
7014411,liquorland
7014648,liquorland
7014670,liquorland
7023591,liquorland
7023650,liquorland
7023682,liquorland
7023718,liquorland
7023751,liquorland
7025101,liquorland
7025134,liquorland
7026556,liquorland
7026578,liquorland
7027446,liquorland
7027479,liquorland
7027515,liquorland
7027537,liquorland
7027570,liquorland
7030462,liquorland
7030509,liquorland
7030826,liquorland
7033722,liquorland
7033981,liquorland
7034929,liquorland
7034930,liquorland
7034973,liquorland
7034984,liquorland
7035251,liquorland
7035874,liquorland
7036120,liquorland
7036152,liquorland
7036287,liquorland
7036298,liquorland
7036414,liquorland
7036436,liquorland
7038307,liquorland
7038362,liquorland
7038395,liquorland
7038431,liquorland
7038475,liquorland
7039070,liquorland
7039081,liquorland
7039106,liquorland
7039117,liquorland
7039853,liquorland
7039864,liquorland
7043089,liquorland
7046972,liquorland
7055500,liquorland
7055543,liquorland
7060248,liquorland
7060317,liquorland
7060780,liquorland
7060827,liquorland
7061502,liquorland
7065490,liquorland
7065536,liquorland
7075290,liquorland
7080449,liquorland
7081204,liquorland
7081940,liquorland
7082003,liquorland
7082047,liquorland
7085680,liquorland
7085704,liquorland
7085726,liquorland
7087619,liquorland
7087663,liquorland
7087696,liquorland
7087710,liquorland
7087721,liquorland
7087732,liquorland
7089057,liquorland
7103249,liquorland
7103293,liquorland
7108796,liquorland
7108923,liquorland
7109132,liquorland
7114449,liquorland
7114620,liquorland
7114664,liquorland
7115270,liquorland
7116070,liquorland
7121579,liquorland
7121900,liquorland
7126630,liquorland
7126663,liquorland
7129628,liquorland
7137740,liquorland
7161223,liquorland
7161267,liquorland
7164323,liquorland
7167220,liquorland
7167569,liquorland
7167650,liquorland
7168255,liquorland
7168299,liquorland
7168313,liquorland
7168517,liquorland
7206161,liquorland
7214308,liquorland
7253514,liquorland
7253525,liquorland
7274172,liquorland
7274194,liquorland
7276790,liquorland
7276815,liquorland
7276837,liquorland
7276860,liquorland
7276881,liquorland
7276917,liquorland
7299140,liquorland
7299151,liquorland
7309506,liquorland
7366260,liquorland
7366306,liquorland
7367422,liquorland
7371667,liquorland
7371690,liquorland
7376310,liquorland
7377200,liquorland
7389582,liquorland
7390424,liquorland
7390480,liquorland
7390537,liquorland
7390560,liquorland
7390898,liquorland
7391766,liquorland
7391777,liquorland
7392543,liquorland
7392587,liquorland
7392871,liquorland
7413235,liquorland
7413280,liquorland
7416379,liquorland
7416404,liquorland
7416460,liquorland
7416506,liquorland
7417349,liquorland
7444432,liquorland
7444589,liquorland
7446482,liquorland
7446507,liquorland
7489135,liquorland
7493686,liquorland
7498067,liquorland
7498078,liquorland
7498090,liquorland
7498103,liquorland
7503087,liquorland
7508681,liquorland
7508717,liquorland
7513499,liquorland
7522605,liquorland
7522649,liquorland
7530818,liquorland
7542941,liquorland
7548915,liquorland
7549521,liquorland
7552388,liquorland
7552413,liquorland
7553642,liquorland
7641546,liquorland
7641579,liquorland
7641648,liquorland
7643224,liquorland
7643235,liquorland
7643257,liquorland
7643268,liquorland
7643280,liquorland
7643290,liquorland
7643508,liquorland
7650638,liquorland
7650649,liquorland
7652451,liquorland
7652462,liquorland
7652520,liquorland
7654366,liquorland
7657182,liquorland
7657251,liquorland
7665624,liquorland
7665646,liquorland
7670599,liquorland
7670602,liquorland
7671220,liquorland
7671230,liquorland
7671252,liquorland
7671285,liquorland
7671310,liquorland
7677690,liquorland
7678193,liquorland
7678229,liquorland
7678295,liquorland
7679764,liquorland
7681981,liquorland
7682463,liquorland
7682474,liquorland
7682598,liquorland
7682601,liquorland
7686464,liquorland
7686533,liquorland
7686635,liquorland
7686668,liquorland
7686690,liquorland
7688969,liquorland
7688991,liquorland
7689134,liquorland
7689145,liquorland
7689575,liquorland
7694542,liquorland
7694564,liquorland
7695465,liquorland
7705729,liquorland
7705795,liquorland
7706200,liquorland
7706437,liquorland
7715438,liquorland
7715530,liquorland
7740730,liquorland
7740763,liquorland
7740785,liquorland
7740796,liquorland
7740832,liquorland
7740843,liquorland
7740876,liquorland
7740887,liquorland
7747150,liquorland
7747365,liquorland
7749258,liquorland
7759433,liquorland
7825629,liquorland
7831246,liquorland
7846389,liquorland
7851403,liquorland
7863843,liquorland
7866058,liquorland
7868224,liquorland
7868257,liquorland
7907960,liquorland
7909842,liquorland
7909900,liquorland
7910896,liquorland
7916495,liquorland
7916575,liquorland
7927119,liquorland
7973852,liquorland
7973910,liquorland
8003807,liquorland
8003829,liquorland
8003840,liquorland
8004559,liquorland
8004570,liquorland
8004592,liquorland
8019953,liquorland
8019964,liquorland
8055695,liquorland
8059619,liquorland
8082880,liquorland
8084478,liquorland
8087410,liquorland
8087443,liquorland
8087603,liquorland
8092024,liquorland
8092079,liquorland
8092104,liquorland
8092126,liquorland
8092647,liquorland
8092670,liquorland
8095973,liquorland
8096070,liquorland
8100199,liquorland
8100213,liquorland
8100235,liquorland
8100268,liquorland
8101067,liquorland
8118740,liquorland
8134372,liquorland
8134554,liquorland
8134703,liquorland
8134769,liquorland
8135375,liquorland
8135422,liquorland
8136630,liquorland
8136662,liquorland
8141913,liquorland
8141935,liquorland
8142053,liquorland
8142111,liquorland
8142188,liquorland
8142257,liquorland
8142304,liquorland
8142315,liquorland
8142519,liquorland
8146655,liquorland
8147181,liquorland
8153661,liquorland
8155420,liquorland
8157345,liquorland
8157367,liquorland
8159125,liquorland
8160838,liquorland
8161364,liquorland
8169967,liquorland
8170004,liquorland
8170401,liquorland
8170423,liquorland
8174151,liquorland
8174184,liquorland
8174275,liquorland
8175347,liquorland
8175369,liquorland
8177116,liquorland
8177193,liquorland
8182364,liquorland
8226288,liquorland
8226335,liquorland
8226346,liquorland
8226380,liquorland
8226426,liquorland
8226550,liquorland
8226594,liquorland
8226630,liquorland
8226685,liquorland
8226721,liquorland
8226776,liquorland
8227101,liquorland
8227327,liquorland
8227393,liquorland
8227531,liquorland
8227622,liquorland
8227655,liquorland
8227688,liquorland
8227780,liquorland
8227881,liquorland
8227917,liquorland
8228090,liquorland
8228250,liquorland
8228308,liquorland
8228625,liquorland
8228636,liquorland
8228658,liquorland
8228771,liquorland
8228782,liquorland
8228829,liquorland
8229060,liquorland
8229093,liquorland
8229209,liquorland
8229242,liquorland
8229435,liquorland
8229628,liquorland
8229640,liquorland
8229661,liquorland
8229672,liquorland
8229683,liquorland
8229694,liquorland
8229720,liquorland
8229741,liquorland
8229752,liquorland
8229763,liquorland
8229821,liquorland
8229854,liquorland
8229887,liquorland
8229945,liquorland
8229956,liquorland
8229967,liquorland
8229989,liquorland
8230106,liquorland
8230172,liquorland
8230219,liquorland
8230230,liquorland
8230252,liquorland
8230445,liquorland
8230580,liquorland
8230591,liquorland
8230649,liquorland
8230682,liquorland
8230693,liquorland
8231110,liquorland
8231517,liquorland
8231561,liquorland
8231594,liquorland
8231812,liquorland
8231845,liquorland
8231867,liquorland
8231925,liquorland
8231991,liquorland
8232021,liquorland
8232065,liquorland
8232134,liquorland
8232145,liquorland
8232382,liquorland
8232393,liquorland
8232600,liquorland
8232666,liquorland
8232702,liquorland
8232735,liquorland
8232815,liquorland
8232837,liquorland
8233035,liquorland
8233079,liquorland
8233104,liquorland
8233206,liquorland
8233308,liquorland
8233432,liquorland
8233443,liquorland
8233498,liquorland
8233523,liquorland
8233589,liquorland
8233614,liquorland
8233782,liquorland
8233818,liquorland
8233829,liquorland
8233830,liquorland
8233840,liquorland
8233920,liquorland
8233931,liquorland
8233953,liquorland
8233986,liquorland
8234220,liquorland
8234231,liquorland
8234311,liquorland
8234435,liquorland
8234446,liquorland
8234457,liquorland
8234560,liquorland
8234661,liquorland
8234672,liquorland
8234730,liquorland
8234741,liquorland
8234843,liquorland
8235100,liquorland
8235201,liquorland
8235325,liquorland
8235438,liquorland
8235540,liquorland
8235595,liquorland
8235610,liquorland
8235879,liquorland
8235959,liquorland
8235960,liquorland
8235970,liquorland
8236157,liquorland
8236372,liquorland
8236634,liquorland
8236656,liquorland
8236849,liquorland
8236951,liquorland
8236995,liquorland
8237058,liquorland
8237375,liquorland
8237488,liquorland
8237513,liquorland
8237772,liquorland
8237783,liquorland
8237808,liquorland
8237965,liquorland
8238196,liquorland
8238265,liquorland
8238979,liquorland
8239315,liquorland
8239360,liquorland
8239789,liquorland
8239960,liquorland
8240201,liquorland
8240370,liquorland
8240471,liquorland
8240802,liquorland
8240824,liquorland
8240937,liquorland
8240981,liquorland
8241168,liquorland
8241430,liquorland
8241940,liquorland
8242025,liquorland
8242036,liquorland
8242047,liquorland
8242058,liquorland
8242320,liquorland
8242808,liquorland
8243141,liquorland
8243276,liquorland
8243301,liquorland
8243403,liquorland
8243980,liquorland
8244439,liquorland
8244461,liquorland
8244610,liquorland
8244712,liquorland
8244756,liquorland
8245282,liquorland
8245384,liquorland
8245500,liquorland
8245599,liquorland
8245726,liquorland
8245828,liquorland
8245963,liquorland
8246150,liquorland
8246219,liquorland
8246423,liquorland
8246729,liquorland
8247346,liquorland
8247415,liquorland
8247663,liquorland
8247801,liquorland
8247867,liquorland
8247925,liquorland
8248032,liquorland
8248178,liquorland
8248553,liquorland
8248859,liquorland
8248870,liquorland
8249024,liquorland
8249068,liquorland
8249148,liquorland
8249421,liquorland
8249476,liquorland
8249501,liquorland
8249534,liquorland
8249716,liquorland
8249975,liquorland
8250034,liquorland
8250078,liquorland
8250136,liquorland
8250409,liquorland
8250690,liquorland
8250828,liquorland
8251354,liquorland
8251707,liquorland
8251988,liquorland
8252084,liquorland
8252095,liquorland
8252460,liquorland
8252540,liquorland
8252641,liquorland
8252765,liquorland
8252890,liquorland
8253189,liquorland
8253542,liquorland
8254013,liquorland
8254578,liquorland
8254895,liquorland
8254986,liquorland
8256460,liquorland
8256482,liquorland
8256642,liquorland
8256879,liquorland
8257339,liquorland
8257893,liquorland
8258309,liquorland
8258310,liquorland
8258524,liquorland
8258681,liquorland
8258692,liquorland
8258740,liquorland
8258820,liquorland
8259061,liquorland
8260333,liquorland
8260366,liquorland
8260377,liquorland
8260730,liquorland
8261358,liquorland
8261540,liquorland
8261551,liquorland
8261595,liquorland
8261788,liquorland
8261926,liquorland
8261937,liquorland
8262022,liquorland
8262102,liquorland
8262113,liquorland
8262984,liquorland
8262995,liquorland
8263455,liquorland
8263648,liquorland
8263659,liquorland
8263660,liquorland
8264243,liquorland
8264775,liquorland
8265268,liquorland
8265348,liquorland
8265687,liquorland
8266012,liquorland
8266056,liquorland
8266103,liquorland
8266373,liquorland
8266384,liquorland
8266635,liquorland
8267128,liquorland
8268335,liquorland
8268459,liquorland
8268540,liquorland
8268572,liquorland
8268889,liquorland
8268903,liquorland
8269098,liquorland
8269156,liquorland
8269495,liquorland
8270461,liquorland
8271078,liquorland
8271089,liquorland
8271635,liquorland
8271690,liquorland
8271704,liquorland
8271883,liquorland
8272139,liquorland
8272219,liquorland
8272682,liquorland
8273470,liquorland
8273674,liquorland
8273878,liquorland
8274892,liquorland
8274906,liquorland
8276934,liquorland
8277212,liquorland
8277391,liquorland
8277405,liquorland
8277846,liquorland
8277959,liquorland
8277970,liquorland
8278237,liquorland
8278623,liquorland
8278667,liquorland
8278758,liquorland
8278838,liquorland
8279309,liquorland
8279331,liquorland
8279502,liquorland
8280691,liquorland
8280760,liquorland
8280782,liquorland
8280830,liquorland
8281661,liquorland
8281719,liquorland
8281763,liquorland
8281898,liquorland
8281901,liquorland
8282019,liquorland
8282471,liquorland
8282482,liquorland
8282686,liquorland
8282711,liquorland
8283496,liquorland
8284535,liquorland
8286202,liquorland
8286257,liquorland
8286370,liquorland
8286381,liquorland
8286778,liquorland
8287588,liquorland
8287941,liquorland
8287952,liquorland
8288117,liquorland
8291745,liquorland
8292679,liquorland
8293128,liquorland
8295702,liquorland
8296002,liquorland
8296851,liquorland
8296942,liquorland
8297162,liquorland
8297672,liquorland
8297898,liquorland
8297901,liquorland
8298110,liquorland
8300212,liquorland
8300245,liquorland
8301055,liquorland
8301157,liquorland
8301180,liquorland
8301190,liquorland
8301215,liquorland
8302331,liquorland
8302580,liquorland
8302637,liquorland
8303618,liquorland
8303709,liquorland
8303924,liquorland
8304290,liquorland
8304304,liquorland
8304392,liquorland
8304520,liquorland
8304701,liquorland
8304712,liquorland
8305180,liquorland
8308826,liquorland
8310023,liquorland
8310238,liquorland
8310249,liquorland
8310453,liquorland
8310680,liquorland
8311092,liquorland
8311230,liquorland
8311241,liquorland
8311412,liquorland
8312302,liquorland
8313258,liquorland
8313291,liquorland
8314512,liquorland
8315184,liquorland
8315297,liquorland
8315300,liquorland
8315967,liquorland
8316529,liquorland
8316813,liquorland
8316835,liquorland
8316992,liquorland
8317361,liquorland
8317372,liquorland
8317747,liquorland
8319130,liquorland
8321074,liquorland
8321358,liquorland
8321482,liquorland
8321595,liquorland
8322204,liquorland
8322248,liquorland
8322816,liquorland
8322850,liquorland
8323070,liquorland
8323218,liquorland
8323422,liquorland
8324968,liquorland
8325144,liquorland
8325155,liquorland
8325166,liquorland
8325949,liquorland
8325950,liquorland
8327059,liquorland
8327296,liquorland
8327365,liquorland
8327423,liquorland
8327693,liquorland
8327707,liquorland
8327729,liquorland
8327730,liquorland
8327740,liquorland
8327820,liquorland
8327886,liquorland
8327966,liquorland
8328109,liquorland
8328110,liquorland
8328142,liquorland
8328175,liquorland
8328200,liquorland
8328222,liquorland
8328233,liquorland
8328244,liquorland
8328266,liquorland
8328277,liquorland
8328302,liquorland
8328313,liquorland
8328324,liquorland
8328379,liquorland
8328404,liquorland
8328448,liquorland
8328470,liquorland
8328506,liquorland
8328572,liquorland
8328619,liquorland
8328630,liquorland
8328674,liquorland
8328700,liquorland
8328787,liquorland
8328801,liquorland
8328823,liquorland
8328867,liquorland
8328878,liquorland
8328890,liquorland
8328936,liquorland
8328947,liquorland
8328970,liquorland
8328991,liquorland
8329010,liquorland
8329021,liquorland
8329065,liquorland
8329076,liquorland
8329098,liquorland
8329101,liquorland
8329112,liquorland
8329123,liquorland
8329203,liquorland
8329225,liquorland
8329305,liquorland
8329327,liquorland
8329338,liquorland
8329350,liquorland
8329371,liquorland
8329393,liquorland
8329430,liquorland
8329473,liquorland
8329484,liquorland
8329495,liquorland
8329509,liquorland
8329520,liquorland
8329564,liquorland
8329597,liquorland
8329633,liquorland
8329677,liquorland
8329688,liquorland
8329735,liquorland
8329746,liquorland
8329848,liquorland
8329859,liquorland
8329917,liquorland
8329939,liquorland
8330064,liquorland
8330086,liquorland
8330097,liquorland
8330122,liquorland
8330133,liquorland
8330235,liquorland
8330315,liquorland
8330472,liquorland
8330494,liquorland
8330508,liquorland
8330519,liquorland
8330520,liquorland
8330596,liquorland
8330643,liquorland
8330665,liquorland
8330734,liquorland
8330745,liquorland
8330790,liquorland
8330916,liquorland
8331089,liquorland
8331090,liquorland
8331103,liquorland
8331329,liquorland
8331384,liquorland
8331395,liquorland
8331431,liquorland
8331442,liquorland
8331500,liquorland
8331511,liquorland
8331577,liquorland
8331635,liquorland
8331657,liquorland
8331668,liquorland
8331726,liquorland
8331748,liquorland
8331759,liquorland
8331806,liquorland
8331840,liquorland
8331850,liquorland
8331861,liquorland
8331919,liquorland
8332117,liquorland
8332263,liquorland
8332274,liquorland
8332285,liquorland
8332456,liquorland
8332467,liquorland
8333030,liquorland
8333200,liquorland
8333470,liquorland
8333481,liquorland
8333561,liquorland
8333721,liquorland
8333743,liquorland
8333787,liquorland
8334000,liquorland
8334010,liquorland
8334021,liquorland
8334087,liquorland
8334349,liquorland
8334360,liquorland
8334407,liquorland
8334495,liquorland
8334509,liquorland
8334746,liquorland
8334826,liquorland
8334860,liquorland
8334870,liquorland
8334881,liquorland
8335206,liquorland
8335250,liquorland
8335374,liquorland
8335396,liquorland
8335964,liquorland
8336005,liquorland
8336209,liquorland
8336333,liquorland
8336479,liquorland
8336526,liquorland
8336730,liquorland
8336989,liquorland
8337063,liquorland
8337460,liquorland
8337471,liquorland
8337540,liquorland
8337631,liquorland
8339309,liquorland
8339310,liquorland
8339444,liquorland
8339502,liquorland
8339615,liquorland
8341537,liquorland
8342256,liquorland
8342438,liquorland
8342664,liquorland
8344047,liquorland
8386433,liquorland
8387582,liquorland
8387684,liquorland
8393665,liquorland
8394533,liquorland
8395580,liquorland
8397542,liquorland
8397870,liquorland
8399195,liquorland
8399275,liquorland
8399333,liquorland
8405797,liquorland
8405833,liquorland
8406213,liquorland
8413875,liquorland
8413897,liquorland
8415000,liquorland
8415054,liquorland
8415087,liquorland
8415098,liquorland
8415225,liquorland
8416716,liquorland
8419328,liquorland
8421476,liquorland
8421487,liquorland
8421556,liquorland
8421614,liquorland
8423416,liquorland
8423460,liquorland
8431571,liquorland
8431593,liquorland
8431684,liquorland
8431957,liquorland
8432610,liquorland
8433260,liquorland
8433271,liquorland
8433293,liquorland
8434354,liquorland
8441666,liquorland
8442909,liquorland
8478054,liquorland
8487918,liquorland
8505204,liquorland
8505248,liquorland
8505281,liquorland
8505306,liquorland
8505485,liquorland
8505532,liquorland
8505554,liquorland
8505565,liquorland
8523363,liquorland
8524672,liquorland
8532965,liquorland
8534360,liquorland
8536988,liquorland
8540464,liquorland
8541219,liquorland
8542302,liquorland
8543611,liquorland
8543779,liquorland
8543961,liquorland
8544294,liquorland
8545592,liquorland
8545719,liquorland
8545741,liquorland
8545752,liquorland
8545763,liquorland
8547226,liquorland
8552000,liquorland
8552033,liquorland
8552055,liquorland
8552099,liquorland
8552135,liquorland
8552157,liquorland
8552598,liquorland
8552656,liquorland
8552690,liquorland
8552725,liquorland
8552984,liquorland
8553230,liquorland
8553546,liquorland
8553648,liquorland
8557060,liquorland
8557478,liquorland
8560290,liquorland
8560348,liquorland
8560960,liquorland
8562401,liquorland
8562434,liquorland
8562456,liquorland
8562478,liquorland
8562693,liquorland
8564156,liquorland
8564316,liquorland
8564349,liquorland
8565760,liquorland
8565771,liquorland
8566184,liquorland
8566333,liquorland
8566424,liquorland
8566504,liquorland
8568893,liquorland
8570432,liquorland
8570454,liquorland
8574003,liquorland
8574284,liquorland
8574295,liquorland
8574310,liquorland
8574353,liquorland
8574499,liquorland
8574513,liquorland
8579233,liquorland
8579550,liquorland
8586523,liquorland
8586556,liquorland
8586578,liquorland
8592796,liquorland
8605821,liquorland
8605887,liquorland
8640764,liquorland
8642828,liquorland
8643810,liquorland
8644131,liquorland
8645484,liquorland
8645531,liquorland
8646126,liquorland
8650203,liquorland
8659117,liquorland
8662440,liquorland
8665550,liquorland
8665619,liquorland
8673399,liquorland
8673720,liquorland
8673741,liquorland
8673898,liquorland
8674653,liquorland
8674722,liquorland
8675871,liquorland
8675907,liquorland
8685387,liquorland
8686721,liquorland
8686890,liquorland
8687677,liquorland
8690387,liquorland
8690489,liquorland
8690503,liquorland
8697397,liquorland
8702613,liquorland
8702974,liquorland
8703751,liquorland
8703944,liquorland
8705203,liquorland
8705994,liquorland
8706035,liquorland
8724503,liquorland
8727614,liquorland
8744511,liquorland
8748589,liquorland
8748590,liquorland
8754016,liquorland
8756769,liquorland
8756791,liquorland
8757149,liquorland
8757397,liquorland
8757411,liquorland
8758403,liquorland
8758425,liquorland
8759042,liquorland
8759381,liquorland
8759927,liquorland
8759971,liquorland
8762900,liquorland
8763673,liquorland
8776052,liquorland
8776176,liquorland
8776201,liquorland
8777940,liquorland
8777973,liquorland
8778772,liquorland
8783535,liquorland
8783546,liquorland
8787660,liquorland
8787693,liquorland
8790326,liquorland
8792285,liquorland
8796424,liquorland
8796435,liquorland
8796515,liquorland
8796592,liquorland
8796628,liquorland
8796639,liquorland
8796810,liquorland
8798452,liquorland
8798463,liquorland
8798521,liquorland
8798532,liquorland
8811889,liquorland
8812145,liquorland
8812280,liquorland
8828350,liquorland
8828360,liquorland
8828451,liquorland
8828462,liquorland
8829691,liquorland
8829771,liquorland
8836507,liquorland
8836686,liquorland
8837361,liquorland
8838998,liquorland
8840708,liquorland
8840898,liquorland
8843171,liquorland
8845938,liquorland
8849178,liquorland
8849203,liquorland
8849236,liquorland
8849269,liquorland
8849280,liquorland
8855396,liquorland
8855410,liquorland
8857482,liquorland
8857507,liquorland
8868092,liquorland
8868106,liquorland
8868194,liquorland
8868208,liquorland
8871224,liquorland
8871304,liquorland
8877606,liquorland
8877617,liquorland
8882898,liquorland
8882912,liquorland
8890433,liquorland
8891083,liquorland
8891276,liquorland
8908186,liquorland
8914101,liquorland
8914134,liquorland
8914145,liquorland
8914270,liquorland
8914280,liquorland
8914677,liquorland
8916195,liquorland
8916548,liquorland
8916560,liquorland
8920567,liquorland
8920578,liquorland
8920942,liquorland
8921082,liquorland
8923226,liquorland
8923634,liquorland
8924116,liquorland
8926472,liquorland
8928140,liquorland
8928605,liquorland
8928660,liquorland
8929958,liquorland
8933729,liquorland
8933751,liquorland
8935145,liquorland
8935156,liquorland
8940917,liquorland
8949252,liquorland
8969680,liquorland
8970383,liquorland
8970408,liquorland
8970441,liquorland
8970463,liquorland
8970474,liquorland
8975230,liquorland
8985846,liquorland
8985857,liquorland
8986146,liquorland
8988174,liquorland
8988185,liquorland
8992466,liquorland
8998994,liquorland
8999013,liquorland
9000167,liquorland
9005477,liquorland
9017396,liquorland
9032196,liquorland
9032210,liquorland
9032378,liquorland
9033280,liquorland
9033406,liquorland
9033643,liquorland
9033654,liquorland
9033756,liquorland
9037688,liquorland
9037699,liquorland
9037859,liquorland
9037870,liquorland
9040897,liquorland
9046281,liquorland
9046306,liquorland
9047998,liquorland
9053560,liquorland
9066610,liquorland
9074560,liquorland
9079371,liquorland
9100900,liquorland
9106033,liquorland
9111725,liquorland
9130923,liquorland
9130956,liquorland
9138890,liquorland
9188832,liquorland
9188912,liquorland
9189256,liquorland
9189802,liquorland
9189824,liquorland
9190970,liquorland
9191021,liquorland
9196998,liquorland
9197571,liquorland
9223128,liquorland
9223140,liquorland
9223150,liquorland
9223183,liquorland
9241265,liquorland
9241334,liquorland
9244649,liquorland
9246429,liquorland
9251010,liquorland
9255893,liquorland
9259974,liquorland
9262298,liquorland
9264384,liquorland
9331583,liquorland
9331834,liquorland
9331958,liquorland
9332633,liquorland
9332666,liquorland
9394084,liquorland
9394233,liquorland
9395032,liquorland
9403243,liquorland
9403390,liquorland
9463267,liquorland
9465670,liquorland
9465863,liquorland
9465900,liquorland
9465932,liquorland
9468657,liquorland
9468941,liquorland
9493676,liquorland
9494169,liquorland
9498090,liquorland
9514561,liquorland
9728565,liquorland
9861463,liquorland
9861532,liquorland
9861598,liquorland
9861827,liquorland
9887490,liquorland
9894087,liquorland
9894917,liquorland
9895024,liquorland
9895953,liquorland
9899047,liquorland
9899149,liquorland
9899160,liquorland
9918560,liquorland
9938422,liquorland
9944695,liquorland
9944899,liquorland
9945097,liquorland
9945508,liquorland
9946180,liquorland
9946384,liquorland
9946395,liquorland
9946409,liquorland
9946420,liquorland
9946453,liquorland
9946464,liquorland
9946497,liquorland
9948878,liquorland
9948890,liquorland
9949360,liquorland
9969641,liquorland
9969652,liquorland
9977027,liquorland
9977038,liquorland
9979055,liquorland
9979066,liquorland
9979077,liquorland
9979485,liquorland
9979542,liquorland
9981400,liquorland
9981410,liquorland
9981421,liquorland
9981432,liquorland
9981465,liquorland
76534,meat-seafood
126745,meat-seafood
126814,meat-seafood
222782,meat-seafood
301404,meat-seafood
368733,meat-seafood
422599,meat-seafood
1001461,meat-seafood
1003853,meat-seafood
1012640,meat-seafood
1019139,meat-seafood
1019423,meat-seafood
1024423,meat-seafood
1027228,meat-seafood
1032830,meat-seafood
1036047,meat-seafood
1036080,meat-seafood
1036218,meat-seafood
1048046,meat-seafood
1048057,meat-seafood
1048590,meat-seafood
1048738,meat-seafood
1048749,meat-seafood
1050387,meat-seafood
1058436,meat-seafood
1058629,meat-seafood
1058651,meat-seafood
1059042,meat-seafood
1062670,meat-seafood
1074160,meat-seafood
1075912,meat-seafood
1079980,meat-seafood
1093073,meat-seafood
1105547,meat-seafood
1118040,meat-seafood
1131026,meat-seafood
1133462,meat-seafood
1134534,meat-seafood
1134771,meat-seafood
1134793,meat-seafood
1145519,meat-seafood
1145520,meat-seafood
1158350,meat-seafood
1158496,meat-seafood
1158500,meat-seafood
1158521,meat-seafood
1158532,meat-seafood
1158543,meat-seafood
1158576,meat-seafood
1158587,meat-seafood
1158689,meat-seafood
1158690,meat-seafood
1158780,meat-seafood
1159003,meat-seafood
1162981,meat-seafood
1164706,meat-seafood
1164739,meat-seafood
1164761,meat-seafood
1176308,meat-seafood
1194490,meat-seafood
1194503,meat-seafood
1200231,meat-seafood
1200402,meat-seafood
1213277,meat-seafood
1296809,meat-seafood
1296944,meat-seafood
1296966,meat-seafood
1309886,meat-seafood
1312075,meat-seafood
1324711,meat-seafood
1324755,meat-seafood
1324766,meat-seafood
1324824,meat-seafood
1324835,meat-seafood
1327844,meat-seafood
1327855,meat-seafood
1327866,meat-seafood
1327877,meat-seafood
1327924,meat-seafood
1327946,meat-seafood
1331477,meat-seafood
1331502,meat-seafood
1331513,meat-seafood
1363757,meat-seafood
1364079,meat-seafood
1385363,meat-seafood
1403013,meat-seafood
1417834,meat-seafood
1417845,meat-seafood
1436089,meat-seafood
1436090,meat-seafood
1440337,meat-seafood
1445400,meat-seafood
1451683,meat-seafood
1451694,meat-seafood
1451708,meat-seafood
1451730,meat-seafood
1460378,meat-seafood
1470291,meat-seafood
1476924,meat-seafood
1476957,meat-seafood
1486575,meat-seafood
1496411,meat-seafood
1498596,meat-seafood
1499781,meat-seafood
1499839,meat-seafood
1501147,meat-seafood
1502219,meat-seafood
1504815,meat-seafood
1515946,meat-seafood
1532694,meat-seafood
1532752,meat-seafood
1532810,meat-seafood
1532832,meat-seafood
1532865,meat-seafood
1532990,meat-seafood
1533019,meat-seafood
1546564,meat-seafood
1558144,meat-seafood
1567000,meat-seafood
1589884,meat-seafood
1601334,meat-seafood
1601403,meat-seafood
1601447,meat-seafood
1606746,meat-seafood
1608140,meat-seafood
1608151,meat-seafood
1608162,meat-seafood
1608173,meat-seafood
1640880,meat-seafood
1640970,meat-seafood
1641000,meat-seafood
1641033,meat-seafood
1645045,meat-seafood
1649750,meat-seafood
1656438,meat-seafood
1702568,meat-seafood
1702579,meat-seafood
1705985,meat-seafood
1709487,meat-seafood
1709862,meat-seafood
1710715,meat-seafood
1712459,meat-seafood
1724990,meat-seafood
1725042,meat-seafood
1747930,meat-seafood
1747952,meat-seafood
1757810,meat-seafood
1770841,meat-seafood
1770852,meat-seafood
1770863,meat-seafood
1770874,meat-seafood
1770896,meat-seafood
1770910,meat-seafood
1770932,meat-seafood
1770998,meat-seafood
1773668,meat-seafood
1773690,meat-seafood
1773726,meat-seafood
1782760,meat-seafood
1784799,meat-seafood
1819441,meat-seafood
1819500,meat-seafood
1822967,meat-seafood
1828806,meat-seafood
1828872,meat-seafood
1833373,meat-seafood
1833384,meat-seafood
1833566,meat-seafood
1836520,meat-seafood
1842750,meat-seafood
1842760,meat-seafood
1842986,meat-seafood
1842997,meat-seafood
1848075,meat-seafood
1848392,meat-seafood
1848687,meat-seafood
1852549,meat-seafood
1852800,meat-seafood
1873039,meat-seafood
1873120,meat-seafood
1881922,meat-seafood
1935839,meat-seafood
2014119,meat-seafood
2017230,meat-seafood
2021544,meat-seafood
2023110,meat-seafood
2023765,meat-seafood
2024393,meat-seafood
2062155,meat-seafood
2210208,meat-seafood
2210591,meat-seafood
2263168,meat-seafood
2263179,meat-seafood
2263260,meat-seafood
2263317,meat-seafood
2263328,meat-seafood
2263339,meat-seafood
2265720,meat-seafood
2268263,meat-seafood
2268365,meat-seafood
2271199,meat-seafood
2271643,meat-seafood
2272715,meat-seafood
2272737,meat-seafood
2292337,meat-seafood
2303750,meat-seafood
2303772,meat-seafood
2303852,meat-seafood
2359370,meat-seafood
2473309,meat-seafood
2529470,meat-seafood
2591860,meat-seafood
2591870,meat-seafood
2598520,meat-seafood
2610341,meat-seafood
2621428,meat-seafood
2664216,meat-seafood
2679847,meat-seafood
2686693,meat-seafood
2725456,meat-seafood
2727699,meat-seafood
2736805,meat-seafood
2739891,meat-seafood
2740041,meat-seafood
2740052,meat-seafood
2740766,meat-seafood
2741270,meat-seafood
2741485,meat-seafood
2741554,meat-seafood
2741871,meat-seafood
2747131,meat-seafood
2782438,meat-seafood
2789620,meat-seafood
2806730,meat-seafood
2806762,meat-seafood
2806773,meat-seafood
2806784,meat-seafood
2806795,meat-seafood
2806809,meat-seafood
2806864,meat-seafood
2807029,meat-seafood
2807233,meat-seafood
2814749,meat-seafood
2814818,meat-seafood
2814953,meat-seafood
2819345,meat-seafood
2820606,meat-seafood
2829622,meat-seafood
2829699,meat-seafood
2839579,meat-seafood
2846745,meat-seafood
2850731,meat-seafood
2865262,meat-seafood
2865273,meat-seafood
2865295,meat-seafood
2878130,meat-seafood
2888519,meat-seafood
2891502,meat-seafood
2902700,meat-seafood
2903860,meat-seafood
2903871,meat-seafood
2903940,meat-seafood
2904025,meat-seafood
2904193,meat-seafood
2915280,meat-seafood
2917720,meat-seafood
2917752,meat-seafood
2917785,meat-seafood
2917821,meat-seafood
2923835,meat-seafood
2951397,meat-seafood
2951568,meat-seafood
2957859,meat-seafood
2962203,meat-seafood
2962214,meat-seafood
2962225,meat-seafood
2962236,meat-seafood
2984046,meat-seafood
2984104,meat-seafood
3024242,meat-seafood
3024300,meat-seafood
3024876,meat-seafood
3029155,meat-seafood
3034235,meat-seafood
3034348,meat-seafood
3034960,meat-seafood
3035293,meat-seafood
3035409,meat-seafood
3048069,meat-seafood
3050945,meat-seafood
3091126,meat-seafood
3110785,meat-seafood
3162031,meat-seafood
3162053,meat-seafood
3162086,meat-seafood
3165594,meat-seafood
3192553,meat-seafood
3227410,meat-seafood
3228730,meat-seafood
3228774,meat-seafood
3228800,meat-seafood
3228810,meat-seafood
3228832,meat-seafood
3233617,meat-seafood
3233639,meat-seafood
3233640,meat-seafood
3233661,meat-seafood
3233708,meat-seafood
3234824,meat-seafood
3266489,meat-seafood
3269410,meat-seafood
3270974,meat-seafood
3292300,meat-seafood
3292570,meat-seafood
3293583,meat-seafood
3293594,meat-seafood
3305570,meat-seafood
3305591,meat-seafood
3331525,meat-seafood
3332040,meat-seafood
3336008,meat-seafood
3345665,meat-seafood
3349713,meat-seafood
3359400,meat-seafood
3377184,meat-seafood
3386072,meat-seafood
3411307,meat-seafood
3411442,meat-seafood
3431235,meat-seafood
3434200,meat-seafood
3449795,meat-seafood
3472389,meat-seafood
3472436,meat-seafood
3476834,meat-seafood
3477054,meat-seafood
3477123,meat-seafood
3477360,meat-seafood
3477892,meat-seafood
3489508,meat-seafood
3492637,meat-seafood
3492660,meat-seafood
3492728,meat-seafood
3496343,meat-seafood
3499352,meat-seafood
3512541,meat-seafood
3559454,meat-seafood
3562914,meat-seafood
3563032,meat-seafood
3567929,meat-seafood
3569232,meat-seafood
3569447,meat-seafood
3577650,meat-seafood
3580600,meat-seafood
3582081,meat-seafood
3582092,meat-seafood
3582547,meat-seafood
3613822,meat-seafood
3628058,meat-seafood
3661960,meat-seafood
3693741,meat-seafood
3693843,meat-seafood
3727832,meat-seafood
3727901,meat-seafood
3728267,meat-seafood
3728290,meat-seafood
3728609,meat-seafood
3729747,meat-seafood
3737144,meat-seafood
3738034,meat-seafood
3745710,meat-seafood
3745878,meat-seafood
3766346,meat-seafood
3766415,meat-seafood
3766437,meat-seafood
3770795,meat-seafood
3771700,meat-seafood
3771980,meat-seafood
3773396,meat-seafood
3773421,meat-seafood
3783469,meat-seafood
3796530,meat-seafood
3796562,meat-seafood
3796610,meat-seafood
3838593,meat-seafood
3845180,meat-seafood
3853699,meat-seafood
3854807,meat-seafood
3855322,meat-seafood
3855366,meat-seafood
3855388,meat-seafood
3862361,meat-seafood
3898948,meat-seafood
3899135,meat-seafood
3899340,meat-seafood
3900020,meat-seafood
3920479,meat-seafood
3923626,meat-seafood
3923648,meat-seafood
3923660,meat-seafood
3923681,meat-seafood
3923739,meat-seafood
3923761,meat-seafood
3924470,meat-seafood
3941898,meat-seafood
3942620,meat-seafood
3944524,meat-seafood
3950811,meat-seafood
3951520,meat-seafood
3954674,meat-seafood
3958405,meat-seafood
3958879,meat-seafood
3966210,meat-seafood
4144829,meat-seafood
4174794,meat-seafood
4204396,meat-seafood
4251534,meat-seafood
4256538,meat-seafood
4256651,meat-seafood
4256695,meat-seafood
4293079,meat-seafood
4312184,meat-seafood
4320535,meat-seafood
4352145,meat-seafood
4362580,meat-seafood
4378772,meat-seafood
4455465,meat-seafood
4462020,meat-seafood
4465980,meat-seafood
4469970,meat-seafood
4472748,meat-seafood
4492133,meat-seafood
4505337,meat-seafood
4660067,meat-seafood
4677536,meat-seafood
4677558,meat-seafood
4678970,meat-seafood
4695345,meat-seafood
4699357,meat-seafood
4699368,meat-seafood
4700219,meat-seafood
4719385,meat-seafood
4720260,meat-seafood
4724840,meat-seafood
4750294,meat-seafood
4750352,meat-seafood
4803506,meat-seafood
4997140,meat-seafood
4997220,meat-seafood
5009534,meat-seafood
5014523,meat-seafood
5032467,meat-seafood
5041107,meat-seafood
5052511,meat-seafood
5052522,meat-seafood
5105695,meat-seafood
5105800,meat-seafood
5132370,meat-seafood
5132428,meat-seafood
5132541,meat-seafood
5132676,meat-seafood
5145758,meat-seafood
5154679,meat-seafood
5225212,meat-seafood
5259644,meat-seafood
5285280,meat-seafood
5285371,meat-seafood
5286625,meat-seafood
5306642,meat-seafood
5406818,meat-seafood
5435645,meat-seafood
5471026,meat-seafood
5471773,meat-seafood
5579328,meat-seafood
5588646,meat-seafood
5629540,meat-seafood
5697561,meat-seafood
5832180,meat-seafood
5836737,meat-seafood
5886429,meat-seafood
5903255,meat-seafood
5908576,meat-seafood
5926669,meat-seafood
5927592,meat-seafood
5969865,meat-seafood
5970321,meat-seafood
5986922,meat-seafood
5987969,meat-seafood
5990497,meat-seafood
6028603,meat-seafood
6062510,meat-seafood
6065982,meat-seafood
6067693,meat-seafood
6067740,meat-seafood
6067751,meat-seafood
6068539,meat-seafood
6068856,meat-seafood
6068936,meat-seafood
6069236,meat-seafood
6069269,meat-seafood
6069280,meat-seafood
6069429,meat-seafood
6069575,meat-seafood
6123116,meat-seafood
6132591,meat-seafood
6135432,meat-seafood
6135658,meat-seafood
6135691,meat-seafood
6139116,meat-seafood
6139150,meat-seafood
6139218,meat-seafood
6206010,meat-seafood
6210174,meat-seafood
6261233,meat-seafood
6322440,meat-seafood
6332331,meat-seafood
6332353,meat-seafood
6339590,meat-seafood
6339680,meat-seafood
6340034,meat-seafood
6340293,meat-seafood
6358481,meat-seafood
6358608,meat-seafood
6358620,meat-seafood
6358630,meat-seafood
6358641,meat-seafood
6400861,meat-seafood
6409094,meat-seafood
6409120,meat-seafood
6409174,meat-seafood
6413660,meat-seafood
6413670,meat-seafood
6413681,meat-seafood
6413874,meat-seafood
6475022,meat-seafood
6487531,meat-seafood
6604500,meat-seafood
6606878,meat-seafood
6641427,meat-seafood
6725811,meat-seafood
6762534,meat-seafood
6764926,meat-seafood
6765135,meat-seafood
6765190,meat-seafood
6765463,meat-seafood
6765500,meat-seafood
6795883,meat-seafood
6827990,meat-seafood
6829453,meat-seafood
6837509,meat-seafood
6841324,meat-seafood
6841357,meat-seafood
6869141,meat-seafood
7056863,meat-seafood
7060248,meat-seafood
7060317,meat-seafood
7066867,meat-seafood
7069050,meat-seafood
7073840,meat-seafood
7073862,meat-seafood
7085602,meat-seafood
7088994,meat-seafood
7089079,meat-seafood
7161824,meat-seafood
7190913,meat-seafood
7202819,meat-seafood
7203436,meat-seafood
7275903,meat-seafood
7302777,meat-seafood
7346171,meat-seafood
7353870,meat-seafood
7355536,meat-seafood
7356460,meat-seafood
7359741,meat-seafood
7359752,meat-seafood
7359774,meat-seafood
7359785,meat-seafood
7362270,meat-seafood
7363374,meat-seafood
7363432,meat-seafood
7363501,meat-seafood
7382528,meat-seafood
7382539,meat-seafood
7382540,meat-seafood
7390821,meat-seafood
7428265,meat-seafood
7436467,meat-seafood
7437200,meat-seafood
7437335,meat-seafood
7437426,meat-seafood
7438338,meat-seafood
7450865,meat-seafood
7451256,meat-seafood
7468500,meat-seafood
7510184,meat-seafood
7510297,meat-seafood
7580190,meat-seafood
7585263,meat-seafood
7607184,meat-seafood
7610214,meat-seafood
7643111,meat-seafood
7645616,meat-seafood
7677408,meat-seafood
7677419,meat-seafood
7690767,meat-seafood
7702119,meat-seafood
7703370,meat-seafood
7717331,meat-seafood
7820986,meat-seafood
7821504,meat-seafood
7831246,meat-seafood
7847949,meat-seafood
7848420,meat-seafood
7868053,meat-seafood
7868097,meat-seafood
7876936,meat-seafood
7909048,meat-seafood
7909070,meat-seafood
7909842,meat-seafood
7909900,meat-seafood
7910896,meat-seafood
7991457,meat-seafood
8018520,meat-seafood
8094460,meat-seafood
8104860,meat-seafood
8106800,meat-seafood
8112449,meat-seafood
8112799,meat-seafood
8153333,meat-seafood
8153377,meat-seafood
8153435,meat-seafood
8153661,meat-seafood
8154154,meat-seafood
8154165,meat-seafood
8392935,meat-seafood
8407613,meat-seafood
8407624,meat-seafood
8407646,meat-seafood
8407680,meat-seafood
8409153,meat-seafood
8409186,meat-seafood
8409200,meat-seafood
8413831,meat-seafood
8428646,meat-seafood
8450565,meat-seafood
8574309,meat-seafood
8601456,meat-seafood
8648610,meat-seafood
8648620,meat-seafood
8687677,meat-seafood
8698141,meat-seafood
8712049,meat-seafood
8728050,meat-seafood
8729212,meat-seafood
8729336,meat-seafood
8739941,meat-seafood
8749311,meat-seafood
8781132,meat-seafood
8781518,meat-seafood
8782237,meat-seafood
8794451,meat-seafood
8799524,meat-seafood
8828495,meat-seafood
8846125,meat-seafood
8850461,meat-seafood
8883405,meat-seafood
8888158,meat-seafood
8888307,meat-seafood
8888395,meat-seafood
8891389,meat-seafood
8891447,meat-seafood
8894423,meat-seafood
8901165,meat-seafood
8902667,meat-seafood
8925083,meat-seafood
8925120,meat-seafood
8946163,meat-seafood
8958628,meat-seafood
9007723,meat-seafood
9012814,meat-seafood
9012825,meat-seafood
9024595,meat-seafood
9061139,meat-seafood
9069094,meat-seafood
9129390,meat-seafood
9130082,meat-seafood
9131755,meat-seafood
9152303,meat-seafood
9152369,meat-seafood
9152416,meat-seafood
9152438,meat-seafood
9154794,meat-seafood
9161348,meat-seafood
9188832,meat-seafood
9188898,meat-seafood
9196739,meat-seafood
9206800,meat-seafood
9206887,meat-seafood
9223332,meat-seafood
9224255,meat-seafood
9232956,meat-seafood
9242869,meat-seafood
9243271,meat-seafood
9246021,meat-seafood
9246065,meat-seafood
9264409,meat-seafood
9264533,meat-seafood
9274297,meat-seafood
9277808,meat-seafood
9398755,meat-seafood
9413881,meat-seafood
9476316,meat-seafood
9476327,meat-seafood
9476338,meat-seafood
9536779,meat-seafood
9586449,meat-seafood
9596067,meat-seafood
9596089,meat-seafood
9672959,meat-seafood
9681767,meat-seafood
9728565,meat-seafood
9851970,meat-seafood
9895997,meat-seafood
9896016,meat-seafood
9917524,meat-seafood
9917830,meat-seafood
9918196,meat-seafood
9969641,meat-seafood
9969652,meat-seafood
9981400,meat-seafood
9981410,meat-seafood
9981421,meat-seafood
9981432,meat-seafood
9981465,meat-seafood
9989977,meat-seafood
9990615,meat-seafood
9990965,meat-seafood
5988,pantry
10693,pantry
14639,pantry
24304,pantry
25180,pantry
25249,pantry
37780,pantry
46522,pantry
47955,pantry
52897,pantry
56661,pantry
57460,pantry
60614,pantry
62926,pantry
69936,pantry
69958,pantry
73092,pantry
76534,pantry
83584,pantry
90309,pantry
91538,pantry
91549,pantry
93726,pantry
93737,pantry
94547,pantry
98548,pantry
100763,pantry
103794,pantry
104323,pantry
105280,pantry
115909,pantry
115953,pantry
116220,pantry
116322,pantry
116402,pantry
116457,pantry
116708,pantry
116887,pantry
116989,pantry
117755,pantry
117766,pantry
117777,pantry
117788,pantry
118248,pantry
118521,pantry
118565,pantry
118612,pantry
119455,pantry
119466,pantry
119535,pantry
119546,pantry
120024,pantry
120068,pantry
120079,pantry
120104,pantry
120137,pantry
120148,pantry
120239,pantry
120352,pantry
120512,pantry
120523,pantry
121151,pantry
121173,pantry
121275,pantry
121297,pantry
121300,pantry
122234,pantry
122460,pantry
122518,pantry
124546,pantry
124681,pantry
124692,pantry
124717,pantry
124761,pantry
124772,pantry
124808,pantry
124819,pantry
124885,pantry
125050,pantry
125152,pantry
125323,pantry
125334,pantry
125345,pantry
125389,pantry
125550,pantry
126100,pantry
126235,pantry
126439,pantry
126745,pantry
126814,pantry
127205,pantry
127216,pantry
127249,pantry
127307,pantry
127351,pantry
127431,pantry
128150,pantry
128183,pantry
128412,pantry
128434,pantry
128445,pantry
128503,pantry
128911,pantry
128966,pantry
128999,pantry
129062,pantry
129335,pantry
129346,pantry
129415,pantry
129426,pantry
129437,pantry
129619,pantry
129674,pantry
129685,pantry
129696,pantry
129765,pantry
130017,pantry
130028,pantry
130039,pantry
130050,pantry
130061,pantry
130072,pantry
130130,pantry
130185,pantry
130196,pantry
130210,pantry
130607,pantry
130629,pantry
130775,pantry
131541,pantry
131552,pantry
131563,pantry
131574,pantry
131585,pantry
131632,pantry
131905,pantry
132045,pantry
132431,pantry
132464,pantry
132577,pantry
132635,pantry
132748,pantry
133117,pantry
134110,pantry
134255,pantry
134608,pantry
134765,pantry
134801,pantry
137945,pantry
138074,pantry
145127,pantry
145557,pantry
145590,pantry
149161,pantry
149886,pantry
152009,pantry
152020,pantry
153715,pantry
154693,pantry
156484,pantry
156688,pantry
156757,pantry
156768,pantry
156983,pantry
157079,pantry
161644,pantry
162658,pantry
162749,pantry
162760,pantry
162862,pantry
163300,pantry
163650,pantry
163672,pantry
163694,pantry
163923,pantry
164245,pantry
164370,pantry
165022,pantry
166080,pantry
167141,pantry
168563,pantry
169012,pantry
170838,pantry
173144,pantry
173530,pantry
174114,pantry
174136,pantry
174894,pantry
177178,pantry
180682,pantry
181641,pantry
181652,pantry
190915,pantry
190926,pantry
192364,pantry
192386,pantry
194133,pantry
194450,pantry
194472,pantry
194519,pantry
195963,pantry
197233,pantry
197732,pantry
198393,pantry
199206,pantry
199523,pantry
199997,pantry
200156,pantry
202049,pantry
202435,pantry
202672,pantry
202843,pantry
204328,pantry
204714,pantry
206185,pantry
206196,pantry
206221,pantry
206560,pantry
207825,pantry
207971,pantry
208646,pantry
211538,pantry
213384,pantry
214398,pantry
216247,pantry
218526,pantry
219959,pantry
220426,pantry
224267,pantry
224959,pantry
231251,pantry
234577,pantry
242407,pantry
242418,pantry
243498,pantry
244264,pantry
246102,pantry
254916,pantry
254971,pantry
255646,pantry
259498,pantry
264589,pantry
267496,pantry
267973,pantry
275585,pantry
275723,pantry
276690,pantry
277627,pantry
277944,pantry
278153,pantry
278164,pantry
278211,pantry
278255,pantry
278277,pantry
280155,pantry
283754,pantry
286843,pantry
286854,pantry
286887,pantry
286901,pantry
286912,pantry
286934,pantry
286956,pantry
287008,pantry
287041,pantry
287052,pantry
287085,pantry
287121,pantry
287132,pantry
287143,pantry
287187,pantry
287201,pantry
287223,pantry
287278,pantry
287289,pantry
287314,pantry
287405,pantry
287460,pantry
287482,pantry
287493,pantry
287518,pantry
287529,pantry
288055,pantry
288066,pantry
289149,pantry
290465,pantry
291377,pantry
291388,pantry
291457,pantry
292212,pantry
293340,pantry
294182,pantry
294400,pantry
295414,pantry
296392,pantry
296960,pantry
298081,pantry
298263,pantry
298809,pantry
299244,pantry
299732,pantry
299903,pantry
301404,pantry
303556,pantry
304752,pantry
304763,pantry
307193,pantry
313367,pantry
313709,pantry
314100,pantry
314348,pantry
314723,pantry
315668,pantry
316150,pantry
316310,pantry
316321,pantry
316376,pantry
317007,pantry
317029,pantry
318021,pantry
318214,pantry
318316,pantry
318451,pantry
318462,pantry
318473,pantry
318495,pantry
318531,pantry
318553,pantry
318597,pantry
318644,pantry
318655,pantry
318688,pantry
318713,pantry
318735,pantry
318746,pantry
318881,pantry
318892,pantry
326438,pantry
328218,pantry
333207,pantry
333852,pantry
336737,pantry
340246,pantry
340472,pantry
341770,pantry
341792,pantry
341806,pantry
343415,pantry
343470,pantry
344076,pantry
344575,pantry
344597,pantry
344859,pantry
347336,pantry
348226,pantry
348237,pantry
348598,pantry
351672,pantry
353521,pantry
354193,pantry
356472,pantry
367446,pantry
367457,pantry
368733,pantry
372967,pantry
373405,pantry
376980,pantry
381902,pantry
383828,pantry
384004,pantry
384718,pantry
384740,pantry
386021,pantry
386032,pantry
389380,pantry
389799,pantry
390572,pantry
394041,pantry
395146,pantry
397447,pantry
399250,pantry
404021,pantry
404440,pantry
404542,pantry
405614,pantry
405986,pantry
408576,pantry
415480,pantry
419448,pantry
419492,pantry
422599,pantry
426670,pantry
429612,pantry
432752,pantry
432763,pantry
442916,pantry
443770,pantry
443792,pantry
447829,pantry
448082,pantry
456772,pantry
459125,pantry
460441,pantry
468319,pantry
469912,pantry
473953,pantry
475143,pantry
475959,pantry
480530,pantry
480960,pantry
489454,pantry
490012,pantry
496507,pantry
498014,pantry
1002056,pantry
1002089,pantry
1008904,pantry
1008926,pantry
1009576,pantry
1011750,pantry
1011997,pantry
1014690,pantry
1014714,pantry
1014736,pantry
1014758,pantry
1018737,pantry
1019671,pantry
1019682,pantry
1019707,pantry
1019718,pantry
1019729,pantry
1019740,pantry
1019762,pantry
1019773,pantry
1019795,pantry
1019809,pantry
1019810,pantry
1019831,pantry
1019842,pantry
1019853,pantry
1019875,pantry
1020070,pantry
1020080,pantry
1020965,pantry
1023577,pantry
1024004,pantry
1024762,pantry
1024773,pantry
1025142,pantry
1027691,pantry
1027716,pantry
1027727,pantry
1027738,pantry
1028548,pantry
1028560,pantry
1031189,pantry
1031349,pantry
1031677,pantry
1031688,pantry
1031699,pantry
1031779,pantry
1031780,pantry
1031859,pantry
1031860,pantry
1032024,pantry
1032035,pantry
1032046,pantry
1032239,pantry
1032498,pantry
1032512,pantry
1032523,pantry
1032534,pantry
1032545,pantry
1032556,pantry
1032636,pantry
1032658,pantry
1032669,pantry
1032670,pantry
1032680,pantry
1032691,pantry
1032716,pantry
1032727,pantry
1032750,pantry
1032760,pantry
1032771,pantry
1032830,pantry
1034154,pantry
1034256,pantry
1034289,pantry
1037844,pantry
1038461,pantry
1038483,pantry
1038520,pantry
1038530,pantry
1045048,pantry
1045310,pantry
1049210,pantry
1049242,pantry
1049264,pantry
1049275,pantry
1049286,pantry
1049297,pantry
1049300,pantry
1049311,pantry
1049333,pantry
1049344,pantry
1049366,pantry
1049388,pantry
1049399,pantry
1049457,pantry
1049468,pantry
1049479,pantry
1049490,pantry
1049504,pantry
1050139,pantry
1050343,pantry
1050354,pantry
1050365,pantry
1050650,pantry
1051211,pantry
1051652,pantry
1051674,pantry
1051685,pantry
1051743,pantry
1052418,pantry
1054446,pantry
1054490,pantry
1054606,pantry
1054650,pantry
1055610,pantry
1055620,pantry
1055631,pantry
1056190,pantry
1056259,pantry
1056281,pantry
1058061,pantry
1058072,pantry
1058083,pantry
1058094,pantry
1065759,pantry
1068190,pantry
1068269,pantry
1068350,pantry
1068360,pantry
1071332,pantry
1071503,pantry
1071514,pantry
1071682,pantry
1072153,pantry
1072404,pantry
1072812,pantry
1072834,pantry
1074953,pantry
1075107,pantry
1075300,pantry
1079276,pantry
1079287,pantry
1079298,pantry
1083659,pantry
1083670,pantry
1083692,pantry
1083717,pantry
1087004,pantry
1089597,pantry
1089600,pantry
1089611,pantry
1090064,pantry
1090075,pantry
1092310,pantry
1093721,pantry
1096640,pantry
1096650,pantry
1098930,pantry
1098951,pantry
1099229,pantry
1108068,pantry
1108080,pantry
1118039,pantry
1129727,pantry
1129749,pantry
1129782,pantry
1131092,pantry
1132685,pantry
1132812,pantry
1132970,pantry
1132980,pantry
1133203,pantry
1133338,pantry
1133360,pantry
1133430,pantry
1134716,pantry
1134760,pantry
1134782,pantry
1134829,pantry
1134830,pantry
1134840,pantry
1134851,pantry
1134862,pantry
1134873,pantry
1134895,pantry
1134909,pantry
1135140,pantry
1135184,pantry
1135209,pantry
1135297,pantry
1135311,pantry
1135355,pantry
1135366,pantry
1137088,pantry
1137226,pantry
1137463,pantry
1137474,pantry
1137496,pantry
1137510,pantry
1137521,pantry
1137623,pantry
1138070,pantry
1138080,pantry
1138681,pantry
1138998,pantry
1139006,pantry
1139017,pantry
1139028,pantry
1139039,pantry
1141562,pantry
1141609,pantry
1141631,pantry
1141675,pantry
1141697,pantry
1141700,pantry
1141711,pantry
1141733,pantry
1142146,pantry
1142180,pantry
1142190,pantry
1142237,pantry
1142474,pantry
1142485,pantry
1143386,pantry
1143455,pantry
1143921,pantry
1145483,pantry
1145494,pantry
1145508,pantry
1149520,pantry
1150891,pantry
1150927,pantry
1150938,pantry
1153947,pantry
1153958,pantry
1153969,pantry
1153970,pantry
1153991,pantry
1154000,pantry
1154010,pantry
1155068,pantry
1155170,pantry
1155181,pantry
1156093,pantry
1156286,pantry
1156297,pantry
1156468,pantry
1156479,pantry
1156490,pantry
1156526,pantry
1156592,pantry
1156606,pantry
1156617,pantry
1159003,pantry
1163565,pantry
1163667,pantry
1163689,pantry
1163725,pantry
1164080,pantry
1164681,pantry
1164692,pantry
1164830,pantry
1164852,pantry
1164874,pantry
1164900,pantry
1165083,pantry
1166075,pantry
1166097,pantry
1166100,pantry
1167089,pantry
1167158,pantry
1167169,pantry
1167760,pantry
1169051,pantry
1169845,pantry
1169867,pantry
1170130,pantry
1171869,pantry
1171870,pantry
1171880,pantry
1190149,pantry
1190150,pantry
1190182,pantry
1210698,pantry
1211340,pantry
1224422,pantry
1224524,pantry
1224535,pantry
1224546,pantry
1227497,pantry
1227500,pantry
1229379,pantry
1233220,pantry
1252166,pantry
1268144,pantry
1268155,pantry
1274373,pantry
1274384,pantry
1274410,pantry
1274420,pantry
1274442,pantry
1274453,pantry
1274464,pantry
1274497,pantry
1274588,pantry
1274613,pantry
1274646,pantry
1277484,pantry
1277575,pantry
1279209,pantry
1279402,pantry
1279763,pantry
1279774,pantry
1279800,pantry
1279821,pantry
1279843,pantry
1279854,pantry
1279865,pantry
1279876,pantry
1280230,pantry
1282848,pantry
1283046,pantry
1283057,pantry
1283068,pantry
1283079,pantry
1295613,pantry
1296490,pantry
1296503,pantry
1296514,pantry
1296525,pantry
1296536,pantry
1296569,pantry
1296570,pantry
1296591,pantry
1299851,pantry
1301953,pantry
1301964,pantry
1301975,pantry
1301986,pantry
1301997,pantry
1302005,pantry
1302016,pantry
1302027,pantry
1302038,pantry
1302049,pantry
1304940,pantry
1305976,pantry
1306436,pantry
1306458,pantry
1306469,pantry
1306470,pantry
1306491,pantry
1306505,pantry
1306516,pantry
1306527,pantry
1306753,pantry
1306764,pantry
1306775,pantry
1306786,pantry
1306797,pantry
1306800,pantry
1306811,pantry
1306822,pantry
1306844,pantry
1306855,pantry
1306877,pantry
1306902,pantry
1306913,pantry
1306924,pantry
1306935,pantry
1306946,pantry
1306957,pantry
1307950,pantry
1307960,pantry
1307971,pantry
1307982,pantry
1307993,pantry
1309300,pantry
1309489,pantry
1309810,pantry
1309820,pantry
1309886,pantry
1311141,pantry
1311345,pantry
1314117,pantry
1314128,pantry
1314139,pantry
1314140,pantry
1314150,pantry
1314944,pantry
1315142,pantry
1315346,pantry
1315368,pantry
1316112,pantry
1317523,pantry
1317567,pantry
1317680,pantry
1317738,pantry
1317750,pantry
1317782,pantry
1317793,pantry
1317818,pantry
1317873,pantry
1317895,pantry
1317942,pantry
1318071,pantry
1318082,pantry
1318093,pantry
1318184,pantry
1319959,pantry
1323322,pantry
1323504,pantry
1323526,pantry
1323537,pantry
1323570,pantry
1323581,pantry
1323592,pantry
1323606,pantry
1323617,pantry
1323628,pantry
1323640,pantry
1323672,pantry
1323683,pantry
1323708,pantry
1323730,pantry
1323741,pantry
1323752,pantry
1323785,pantry
1323796,pantry
1323800,pantry
1323810,pantry
1323832,pantry
1323843,pantry
1323854,pantry
1323865,pantry
1323876,pantry
1323901,pantry
1323912,pantry
1323923,pantry
1323945,pantry
1323956,pantry
1323989,pantry
1324019,pantry
1324722,pantry
1324733,pantry
1324744,pantry
1325022,pantry
1325758,pantry
1325780,pantry
1325805,pantry
1325838,pantry
1325849,pantry
1325850,pantry
1325860,pantry
1325871,pantry
1325882,pantry
1325893,pantry
1325907,pantry
1325918,pantry
1325951,pantry
1325973,pantry
1325984,pantry
1325995,pantry
1326003,pantry
1326014,pantry
1326025,pantry
1327753,pantry
1327899,pantry
1327935,pantry
1328020,pantry
1328031,pantry
1328042,pantry
1328053,pantry
1329170,pantry
1329180,pantry
1330168,pantry
1330180,pantry
1330204,pantry
1330576,pantry
1332163,pantry
1336197,pantry
1337189,pantry
1338374,pantry
1338487,pantry
1338534,pantry
1338771,pantry
1338793,pantry
1338818,pantry
1338840,pantry
1343749,pantry
1369946,pantry
1382092,pantry
1382525,pantry
1382536,pantry
1383131,pantry
1383153,pantry
1383299,pantry
1384145,pantry
1384178,pantry
1384190,pantry
1384316,pantry
1384338,pantry
1385465,pantry
1385512,pantry
1385556,pantry
1385614,pantry
1385670,pantry
1385691,pantry
1385771,pantry
1389353,pantry
1389364,pantry
1389375,pantry
1401696,pantry
1401754,pantry
1401776,pantry
1401787,pantry
1401823,pantry
1401834,pantry
1401845,pantry
1401867,pantry
1401889,pantry
1401890,pantry
1401925,pantry
1401947,pantry
1401958,pantry
1401969,pantry
1402655,pantry
1403079,pantry
1403250,pantry
1404377,pantry
1408039,pantry
1412874,pantry
1412954,pantry
1415930,pantry
1416194,pantry
1416219,pantry
1417368,pantry
1418189,pantry
1422630,pantry
1423236,pantry
1423247,pantry
1436271,pantry
1436282,pantry
1437219,pantry
1437230,pantry
1437682,pantry
1437900,pantry
1437922,pantry
1440337,pantry
1443594,pantry
1445636,pantry
1445647,pantry
1445658,pantry
1446071,pantry
1446195,pantry
1447642,pantry
1447697,pantry
1447711,pantry
1447722,pantry
1447733,pantry
1447744,pantry
1447766,pantry
1447802,pantry
1447835,pantry
1447846,pantry
1447868,pantry
1447879,pantry
1447904,pantry
1447926,pantry
1451560,pantry
1451570,pantry
1451592,pantry
1451628,pantry
1459572,pantry
1459856,pantry
1459878,pantry
1460913,pantry
1460924,pantry
1460935,pantry
1460946,pantry
1460957,pantry
1460968,pantry
1460980,pantry
1463194,pantry
1466217,pantry
1466272,pantry
1466760,pantry
1466782,pantry
1466793,pantry
1468303,pantry
1468336,pantry
1468370,pantry
1468380,pantry
1470702,pantry
1471727,pantry
1473052,pantry
1473085,pantry
1473096,pantry
1473290,pantry
1473369,pantry
1473584,pantry
1473686,pantry
1473857,pantry
1474179,pantry
1474180,pantry
1474190,pantry
1474204,pantry
1474215,pantry
1474340,pantry
1474350,pantry
1474372,pantry
1474394,pantry
1474419,pantry
1474441,pantry
1474463,pantry
1474485,pantry
1474496,pantry
1474500,pantry
1475069,pantry
1478544,pantry
1484401,pantry
1486575,pantry
1489085,pantry
1489664,pantry
1489675,pantry
1489700,pantry
1489711,pantry
1490288,pantry
1490302,pantry
1490313,pantry
1490324,pantry
1490335,pantry
1490346,pantry
1490357,pantry
1491338,pantry
1491360,pantry
1495543,pantry
1495576,pantry
1495598,pantry
1495656,pantry
1495667,pantry
1495678,pantry
1498155,pantry
1499056,pantry
1499067,pantry
1499078,pantry
1499089,pantry
1499090,pantry
1499577,pantry
1499602,pantry
1499806,pantry
1500053,pantry
1501715,pantry
1503754,pantry
1504167,pantry
1505716,pantry
1508292,pantry
1508317,pantry
1508328,pantry
1508339,pantry
1511720,pantry
1511752,pantry
1511785,pantry
1511800,pantry
1511821,pantry
1511854,pantry
1511876,pantry
1511887,pantry
1511901,pantry
1511923,pantry
1511934,pantry
1511945,pantry
1511967,pantry
1512008,pantry
1512019,pantry
1512030,pantry
1512052,pantry
1512074,pantry
1512085,pantry
1513077,pantry
1515254,pantry
1515265,pantry
1515414,pantry
1515425,pantry
1515607,pantry
1515957,pantry
1515979,pantry
1515990,pantry
1516009,pantry
1516814,pantry
1516836,pantry
1533074,pantry
1546010,pantry
1546021,pantry
1546870,pantry
1547080,pantry
1548741,pantry
1555930,pantry
1555951,pantry
1555962,pantry
1555984,pantry
1555995,pantry
1556047,pantry
1556987,pantry
1557491,pantry
1564351,pantry
1564759,pantry
1566346,pantry
1573738,pantry
1582637,pantry
1582659,pantry
1586117,pantry
1591274,pantry
1593542,pantry
1593757,pantry
1593768,pantry
1593826,pantry
1593837,pantry
1593848,pantry
1593860,pantry
1593870,pantry
1597805,pantry
1597816,pantry
1597827,pantry
1598160,pantry
1599232,pantry
1601243,pantry
1601265,pantry
1601312,pantry
1601345,pantry
1601367,pantry
1601378,pantry
1601390,pantry
1601414,pantry
1601436,pantry
1601458,pantry
1601480,pantry
1601505,pantry
1601516,pantry
1601527,pantry
1601538,pantry
1601549,pantry
1601550,pantry
1601560,pantry
1601571,pantry
1601582,pantry
1601990,pantry
1602064,pantry
1602111,pantry
1602950,pantry
1602960,pantry
1602971,pantry
1602982,pantry
1602993,pantry
1603001,pantry
1603012,pantry
1603952,pantry
1603963,pantry
1603985,pantry
1603996,pantry
1604004,pantry
1609948,pantry
1609959,pantry
1614551,pantry
1614562,pantry
1614573,pantry
1614584,pantry
1614595,pantry
1614609,pantry
1614610,pantry
1614620,pantry
1614631,pantry
1614664,pantry
1614675,pantry
1614697,pantry
1614711,pantry
1614722,pantry
1614733,pantry
1614755,pantry
1614766,pantry
1614777,pantry
1614788,pantry
1614799,pantry
1614802,pantry
1614879,pantry
1614926,pantry
1614959,pantry
1615055,pantry
1615124,pantry
1615930,pantry
1615940,pantry
1615951,pantry
1615962,pantry
1615973,pantry
1616626,pantry
1616637,pantry
1616681,pantry
1616692,pantry
1616717,pantry
1617017,pantry
1617028,pantry
1617050,pantry
1617174,pantry
1617742,pantry
1617753,pantry
1617775,pantry
1617800,pantry
1617811,pantry
1617844,pantry
1619883,pantry
1623472,pantry
1632746,pantry
1632757,pantry
1633782,pantry
1636124,pantry
1640675,pantry
1640686,pantry
1640960,pantry
1641463,pantry
1655242,pantry
1655570,pantry
1688977,pantry
1689142,pantry
1689801,pantry
1689812,pantry
1689823,pantry
1689834,pantry
1689845,pantry
1691086,pantry
1692985,pantry
1693004,pantry
1700868,pantry
1700890,pantry
1700904,pantry
1700915,pantry
1700926,pantry
1702069,pantry
1705012,pantry
1705023,pantry
1705045,pantry
1705056,pantry
1712404,pantry
1712415,pantry
1712426,pantry
1712437,pantry
1712448,pantry
1712459,pantry
1712460,pantry
1712470,pantry
1713316,pantry
1716562,pantry
1716573,pantry
1717703,pantry
1718513,pantry
1719185,pantry
1723138,pantry
1727489,pantry
1727490,pantry
1727525,pantry
1727536,pantry
1727638,pantry
1731089,pantry
1736763,pantry
1739499,pantry
1739783,pantry
1739794,pantry
1739819,pantry
1739830,pantry
1739863,pantry
1739921,pantry
1739954,pantry
1739987,pantry
1740013,pantry
1740024,pantry
1740057,pantry
1742959,pantry
1742970,pantry
1742981,pantry
1743055,pantry
1743066,pantry
1743179,pantry
1743838,pantry
1743850,pantry
1743984,pantry
1744058,pantry
1744692,pantry
1744739,pantry
1744841,pantry
1744852,pantry
1745061,pantry
1745593,pantry
1745811,pantry
1745877,pantry
1746406,pantry
1746428,pantry
1746439,pantry
1746541,pantry
1746552,pantry
1746563,pantry
1746574,pantry
1746665,pantry
1746676,pantry
1746687,pantry
1746698,pantry
1746701,pantry
1746712,pantry
1746723,pantry
1746734,pantry
1746745,pantry
1746756,pantry
1746767,pantry
1746778,pantry
1746789,pantry
1746790,pantry
1746803,pantry
1746814,pantry
1746825,pantry
1746836,pantry
1746847,pantry
1748037,pantry
1748060,pantry
1748220,pantry
1748230,pantry
1748241,pantry
1748252,pantry
1748387,pantry
1748398,pantry
1748412,pantry
1748423,pantry
1748434,pantry
1748478,pantry
1748489,pantry
1748490,pantry
1748503,pantry
1748525,pantry
1748536,pantry
1748570,pantry
1748591,pantry
1748616,pantry
1748627,pantry
1748660,pantry
1748730,pantry
1748762,pantry
1748831,pantry
1748842,pantry
1748853,pantry
1748864,pantry
1748911,pantry
1748933,pantry
1748966,pantry
1748988,pantry
1749029,pantry
1749040,pantry
1749051,pantry
1750254,pantry
1750505,pantry
1750550,pantry
1750618,pantry
1750684,pantry
1750720,pantry
1750775,pantry
1750786,pantry
1750797,pantry
1750822,pantry
1750833,pantry
1750844,pantry
1750855,pantry
1750877,pantry
1750888,pantry
1750913,pantry
1750968,pantry
1750990,pantry
1751020,pantry
1751042,pantry
1751224,pantry
1751235,pantry
1751246,pantry
1751392,pantry
1751494,pantry
1751520,pantry
1751530,pantry
1751574,pantry
1751600,pantry
1751701,pantry
1751825,pantry
1751880,pantry
1751927,pantry
1751971,pantry
1752045,pantry
1752078,pantry
1752136,pantry
1752238,pantry
1752555,pantry
1752588,pantry
1752613,pantry
1752792,pantry
1752872,pantry
1752963,pantry
1752974,pantry
1752985,pantry
1752996,pantry
1753004,pantry
1753015,pantry
1753026,pantry
1753037,pantry
1753048,pantry
1753139,pantry
1753208,pantry
1755600,pantry
1755611,pantry
1755713,pantry
1758030,pantry
1759419,pantry
1759827,pantry
1759849,pantry
1759860,pantry
1759871,pantry
1759882,pantry
1759930,pantry
1768668,pantry
1768679,pantry
1774194,pantry
1774208,pantry
1782997,pantry
1784937,pantry
1789500,pantry
1789941,pantry
1789985,pantry
1789996,pantry
1790000,pantry
1790011,pantry
1790022,pantry
1790044,pantry
1790270,pantry
1800294,pantry
1800308,pantry
1800320,pantry
1800512,pantry
1800523,pantry
1800534,pantry
1800545,pantry
1800556,pantry
1800567,pantry
1800603,pantry
1800636,pantry
1800680,pantry
1800705,pantry
1800716,pantry
1800749,pantry
1800750,pantry
1800830,pantry
1800862,pantry
1800873,pantry
1800884,pantry
1800895,pantry
1800910,pantry
1800920,pantry
1800997,pantry
1801640,pantry
1801683,pantry
1801800,pantry
1801821,pantry
1801876,pantry
1801887,pantry
1801898,pantry
1801912,pantry
1801989,pantry
1802008,pantry
1802030,pantry
1809266,pantry
1809277,pantry
1809302,pantry
1809583,pantry
1809732,pantry
1809765,pantry
1809776,pantry
1809787,pantry
1809812,pantry
1809823,pantry
1809845,pantry
1809867,pantry
1809889,pantry
1809970,pantry
1809991,pantry
1810006,pantry
1811392,pantry
1811406,pantry
1811428,pantry
1811439,pantry
1811440,pantry
1811450,pantry
1811461,pantry
1811472,pantry
1811483,pantry
1811494,pantry
1811519,pantry
1811520,pantry
1811530,pantry
1811541,pantry
1811552,pantry
1811563,pantry
1811585,pantry
1811596,pantry
1811600,pantry
1811610,pantry
1811621,pantry
1813445,pantry
1813503,pantry
1813514,pantry
1814142,pantry
1814153,pantry
1814787,pantry
1814798,pantry
1814801,pantry
1814834,pantry
1814856,pantry
1814903,pantry
1819485,pantry
1819496,pantry
1819805,pantry
1819816,pantry
1819827,pantry
1820087,pantry
1820429,pantry
1820688,pantry
1822843,pantry
1822989,pantry
1824930,pantry
1824984,pantry
1825014,pantry
1825036,pantry
1825047,pantry
1825331,pantry
1825874,pantry
1825885,pantry
1826822,pantry
1830659,pantry
1830670,pantry
1832905,pantry
1832916,pantry
1832949,pantry
1833828,pantry
1835110,pantry
1837319,pantry
1838027,pantry
1838038,pantry
1838050,pantry
1838366,pantry
1838843,pantry
1839041,pantry
1839493,pantry
1839540,pantry
1839926,pantry
1839959,pantry
1840561,pantry
1840583,pantry
1840594,pantry
1840608,pantry
1840619,pantry
1840641,pantry
1840652,pantry
1840663,pantry
1843355,pantry
1844416,pantry
1846524,pantry
1846546,pantry
1851659,pantry
1851932,pantry
1852039,pantry
1852367,pantry
1855762,pantry
1855809,pantry
1856110,pantry
1857101,pantry
1857270,pantry
1857305,pantry
1857451,pantry
1857462,pantry
1857473,pantry
1857484,pantry
1857495,pantry
1857509,pantry
1859468,pantry
1860140,pantry
1861073,pantry
1861641,pantry
1862190,pantry
1862870,pantry
1862983,pantry
1867047,pantry
1867069,pantry
1868130,pantry
1868185,pantry
1868287,pantry
1868323,pantry
1872105,pantry
1872637,pantry
1872739,pantry
1872740,pantry
1873527,pantry
1873957,pantry
1873968,pantry
1874869,pantry
1875180,pantry
1875409,pantry
1875613,pantry
1880602,pantry
1881922,pantry
1884261,pantry
1884272,pantry
1884283,pantry
1922928,pantry
1922939,pantry
1923068,pantry
1923079,pantry
1923501,pantry
1924322,pantry
1928141,pantry
1928152,pantry
1931055,pantry
1933389,pantry
1937641,pantry
1943065,pantry
1952554,pantry
1952565,pantry
1953819,pantry
1954050,pantry
1957139,pantry
1965080,pantry
1992140,pantry
1994565,pantry
1995058,pantry
1995229,pantry
1996094,pantry
1997177,pantry
1997199,pantry
1999092,pantry
2000544,pantry
2000555,pantry
2001365,pantry
2001398,pantry
2001401,pantry
2001423,pantry
2001434,pantry
2001445,pantry
2001682,pantry
2001784,pantry
2002095,pantry
2002540,pantry
2002732,pantry
2005388,pantry
2006121,pantry
2006132,pantry
2006857,pantry
2006868,pantry
2006879,pantry
2006880,pantry
2006915,pantry
2006926,pantry
2006937,pantry
2006948,pantry
2006959,pantry
2007099,pantry
2008921,pantry
2009141,pantry
2010559,pantry
2011289,pantry
2011471,pantry
2013138,pantry
2017230,pantry
2017412,pantry
2017434,pantry
2017467,pantry
2017616,pantry
2017795,pantry
2020585,pantry
2020610,pantry
2021500,pantry
2024098,pantry
2034230,pantry
2035287,pantry
2037522,pantry
2040414,pantry
2043478,pantry
2051090,pantry
2057461,pantry
2057574,pantry
2060251,pantry
2060262,pantry
2060615,pantry
2078326,pantry
2080124,pantry
2080135,pantry
2080714,pantry
2107479,pantry
2107480,pantry
2117111,pantry
2120207,pantry
2120218,pantry
2123089,pantry
2125460,pantry
2132137,pantry
2136229,pantry
2136660,pantry
2136772,pantry
2140929,pantry
2140984,pantry
2149231,pantry
2153090,pantry
2154730,pantry
2154741,pantry
2154752,pantry
2154763,pantry
2154810,pantry
2154967,pantry
2154990,pantry
2155008,pantry
2157105,pantry
2157229,pantry
2157262,pantry
2158276,pantry
2158298,pantry
2158593,pantry
2158607,pantry
2158618,pantry
2158630,pantry
2158651,pantry
2158695,pantry
2158731,pantry
2158797,pantry
2158800,pantry
2158811,pantry
2158822,pantry
2191453,pantry
2194203,pantry
2194225,pantry
2194258,pantry
2194269,pantry
2194270,pantry
2194349,pantry
2212484,pantry
2219392,pantry
2222262,pantry
2223301,pantry
2233779,pantry
2233826,pantry
2235661,pantry
2235796,pantry
2236030,pantry
2236041,pantry
2236187,pantry
2236303,pantry
2236370,pantry
2236788,pantry
2237190,pantry
2244491,pantry
2245563,pantry
2255487,pantry
2256253,pantry
2258340,pantry
2258419,pantry
2258420,pantry
2261060,pantry
2262336,pantry
2268810,pantry
2269175,pantry
2275666,pantry
2276501,pantry
2279893,pantry
2281239,pantry
2281272,pantry
2286516,pantry
2286822,pantry
2288920,pantry
2289015,pantry
2289321,pantry
2292315,pantry
2297046,pantry
2303386,pantry
2303411,pantry
2313608,pantry
2313619,pantry
2313620,pantry
2313641,pantry
2313652,pantry
2313685,pantry
2313696,pantry
2313700,pantry
2345273,pantry
2348497,pantry
2349503,pantry
2353067,pantry
2359267,pantry
2360288,pantry
2360619,pantry
2360991,pantry
2361190,pantry
2361203,pantry
2366284,pantry
2368610,pantry
2372301,pantry
2373530,pantry
2374216,pantry
2376630,pantry
2378206,pantry
2378272,pantry
2378374,pantry
2378400,pantry
2379210,pantry
2379220,pantry
2380219,pantry
2384526,pantry
2386226,pantry
2386237,pantry
2386248,pantry
2390700,pantry
2395205,pantry
2395329,pantry
2395351,pantry
2395384,pantry
2395410,pantry
2395431,pantry
2404689,pantry
2404736,pantry
2404747,pantry
2412360,pantry
2413045,pantry
2413067,pantry
2421473,pantry
2421484,pantry
2424212,pantry
2426069,pantry
2426251,pantry
2441561,pantry
2441572,pantry
2441641,pantry
2441652,pantry
2441765,pantry
2441776,pantry
2441801,pantry
2442032,pantry
2442054,pantry
2442291,pantry
2442360,pantry
2442429,pantry
2442440,pantry
2454745,pantry
2454756,pantry
2454767,pantry
2454778,pantry
2454789,pantry
2454790,pantry
2459352,pantry
2459363,pantry
2459385,pantry
2459396,pantry
2459400,pantry
2461650,pantry
2469480,pantry
2471325,pantry
2471868,pantry
2471879,pantry
2473193,pantry
2473309,pantry
2473310,pantry
2474913,pantry
2477650,pantry
2477660,pantry
2477671,pantry
2477682,pantry
2478197,pantry
2478200,pantry
2480508,pantry
2480530,pantry
2480541,pantry
2480552,pantry
2481373,pantry
2481952,pantry
2483380,pantry
2483390,pantry
2483426,pantry
2483470,pantry
2484644,pantry
2485002,pantry
2485068,pantry
2492198,pantry
2494218,pantry
2494229,pantry
2496461,pantry
2496790,pantry
2497668,pantry
2499084,pantry
2499255,pantry
2504821,pantry
2505096,pantry
2505256,pantry
2507320,pantry
2507331,pantry
2507910,pantry
2507921,pantry
2507932,pantry
2508276,pantry
2508287,pantry
2508334,pantry
2508403,pantry
2509825,pantry
2510201,pantry
2511226,pantry
2514610,pantry
2515216,pantry
2515227,pantry
2516605,pantry
2516730,pantry
2517255,pantry
2517299,pantry
2517302,pantry
2517324,pantry
2517335,pantry
2517346,pantry
2517357,pantry
2517517,pantry
2517754,pantry
2531530,pantry
2579434,pantry
2599384,pantry
2599420,pantry
2599602,pantry
2599613,pantry
2599624,pantry
2601318,pantry
2601329,pantry
2601566,pantry
2603030,pantry
2603437,pantry
2603459,pantry
2603460,pantry
2603470,pantry
2603481,pantry
2604189,pantry
2612766,pantry
2612948,pantry
2612959,pantry
2617817,pantry
2617828,pantry
2617894,pantry
2620684,pantry
2621632,pantry
2621643,pantry
2622001,pantry
2622012,pantry
2623795,pantry
2624390,pantry
2624437,pantry
2630269,pantry
2656364,pantry
2667655,pantry
2667972,pantry
2676984,pantry
2677830,pantry
2679847,pantry
2680530,pantry
2682127,pantry
2683833,pantry
2683844,pantry
2683855,pantry
2683899,pantry
2683902,pantry
2683924,pantry
2683946,pantry
2684326,pantry
2684337,pantry
2686933,pantry
2692856,pantry
2692878,pantry
2714926,pantry
2714937,pantry
2714948,pantry
2714959,pantry
2714981,pantry
2715088,pantry
2715099,pantry
2715102,pantry
2715951,pantry
2715962,pantry
2724170,pantry
2724271,pantry
2726379,pantry
2729402,pantry
2729413,pantry
2729424,pantry
2729435,pantry
2731222,pantry
2734570,pantry
2734796,pantry
2734832,pantry
2737626,pantry
2738108,pantry
2744712,pantry
2744869,pantry
2745293,pantry
2745748,pantry
2745963,pantry
2745974,pantry
2745985,pantry
2747608,pantry
2747620,pantry
2747696,pantry
2747765,pantry
2747947,pantry
2747970,pantry
2748000,pantry
2748032,pantry
2748054,pantry
2748542,pantry
2748961,pantry
2749410,pantry
2762022,pantry
2768299,pantry
2768313,pantry
2777518,pantry
2777530,pantry
2777642,pantry
2777664,pantry
2777799,pantry
2777802,pantry
2777879,pantry
2781821,pantry
2781832,pantry
2783510,pantry
2783532,pantry
2786257,pantry
2789448,pantry
2789620,pantry
2791199,pantry
2797606,pantry
2797683,pantry
2798143,pantry
2803425,pantry
2803458,pantry
2818364,pantry
2823342,pantry
2833798,pantry
2833812,pantry
2833834,pantry
2833867,pantry
2834043,pantry
2834054,pantry
2847318,pantry
2867993,pantry
2868012,pantry
2868023,pantry
2868034,pantry
2869944,pantry
2870070,pantry
2870885,pantry
2872199,pantry
2872202,pantry
2872213,pantry
2872938,pantry
2876101,pantry
2877079,pantry
2877080,pantry
2877090,pantry
2877104,pantry
2877217,pantry
2886896,pantry
2894533,pantry
2894544,pantry
2894566,pantry
2894577,pantry
2896131,pantry
2896142,pantry
2896732,pantry
2897371,pantry
2898261,pantry
2898283,pantry
2898567,pantry
2898807,pantry
2898818,pantry
2899560,pantry
2899581,pantry
2899650,pantry
2899661,pantry
2900137,pantry
2900385,pantry
2900396,pantry
2901446,pantry
2902438,pantry
2903816,pantry
2903827,pantry
2903838,pantry
2903907,pantry
2909335,pantry
2909357,pantry
2911701,pantry
2912453,pantry
2912511,pantry
2915542,pantry
2915702,pantry
2915713,pantry
2917720,pantry
2917752,pantry
2917763,pantry
2917785,pantry
2917796,pantry
2917821,pantry
2918165,pantry
2921830,pantry
2927064,pantry
2931946,pantry
2935936,pantry
2938118,pantry
2951047,pantry
2951058,pantry
2951069,pantry
2951091,pantry
2954919,pantry
2954920,pantry
2954941,pantry
2954952,pantry
2954974,pantry
2959286,pantry
2971179,pantry
2971180,pantry
2978961,pantry
2978972,pantry
2993397,pantry
2996872,pantry
2996941,pantry
2997933,pantry
3014001,pantry
3015296,pantry
3017622,pantry
3017848,pantry
3017859,pantry
3018137,pantry
3021040,pantry
3021051,pantry
3023352,pantry
3023374,pantry
3023476,pantry
3023589,pantry
3023647,pantry
3024130,pantry
3024195,pantry
3025234,pantry
3025427,pantry
3025573,pantry
3025755,pantry
3026113,pantry
3026124,pantry
3026135,pantry
3026146,pantry
3026157,pantry
3034472,pantry
3034494,pantry
3034508,pantry
3034552,pantry
3034665,pantry
3039567,pantry
3041194,pantry
3041398,pantry
3049630,pantry
3055133,pantry
3055188,pantry
3068929,pantry
3071821,pantry
3076053,pantry
3076097,pantry
3077282,pantry
3079186,pantry
3079200,pantry
3081268,pantry
3081280,pantry
3081290,pantry
3081315,pantry
3081530,pantry
3083139,pantry
3083332,pantry
3083343,pantry
3083365,pantry
3083376,pantry
3083387,pantry
3083434,pantry
3083456,pantry
3084787,pantry
3091330,pantry
3098249,pantry
3114243,pantry
3114378,pantry
3114618,pantry
3117977,pantry
3117988,pantry
3118110,pantry
3118164,pantry
3125148,pantry
3125840,pantry
3127926,pantry
3128317,pantry
3129783,pantry
3130206,pantry
3131071,pantry
3131093,pantry
3131107,pantry
3131242,pantry
3131253,pantry
3132198,pantry
3132256,pantry
3133044,pantry
3134240,pantry
3134706,pantry
3139426,pantry
3139823,pantry
3145123,pantry
3147640,pantry
3148686,pantry
3148722,pantry
3151895,pantry
3155874,pantry
3162665,pantry
3164398,pantry
3179657,pantry
3179680,pantry
3185015,pantry
3185296,pantry
3185300,pantry
3185310,pantry
3185321,pantry
3185660,pantry
3185718,pantry
3187746,pantry
3188658,pantry
3188669,pantry
3189413,pantry
3189504,pantry
3189515,pantry
3189526,pantry
3192553,pantry
3193217,pantry
3193396,pantry
3193410,pantry
3193421,pantry
3195449,pantry
3198640,pantry
3198684,pantry
3198695,pantry
3208074,pantry
3208085,pantry
3208165,pantry
3208198,pantry
3208201,pantry
3208256,pantry
3208290,pantry
3208336,pantry
3208347,pantry
3208358,pantry
3208631,pantry
3208722,pantry
3209077,pantry
3209102,pantry
3209113,pantry
3209805,pantry
3212399,pantry
3213245,pantry
3214146,pantry
3214430,pantry
3215105,pantry
3216390,pantry
3218828,pantry
3218850,pantry
3219208,pantry
3219230,pantry
3219682,pantry
3221505,pantry
3221709,pantry
3222483,pantry
3222508,pantry
3222563,pantry
3222585,pantry
3224059,pantry
3224740,pantry
3224751,pantry
3224886,pantry
3230947,pantry
3230958,pantry
3231098,pantry
3231134,pantry
3232465,pantry
3232476,pantry
3233399,pantry
3233402,pantry
3234008,pantry
3234030,pantry
3234041,pantry
3234143,pantry
3234154,pantry
3234664,pantry
3236262,pantry
3244963,pantry
3245591,pantry
3247291,pantry
3247451,pantry
3247510,pantry
3247520,pantry
3247542,pantry
3248760,pantry
3248771,pantry
3248793,pantry
3248807,pantry
3248884,pantry
3249796,pantry
3250048,pantry
3258607,pantry
3258618,pantry
3258629,pantry
3258630,pantry
3258844,pantry
3259712,pantry
3260154,pantry
3260370,pantry
3260686,pantry
3263221,pantry
3263458,pantry
3263560,pantry
3263618,pantry
3263695,pantry
3263877,pantry
3264010,pantry
3264304,pantry
3264439,pantry
3264461,pantry
3265715,pantry
3267390,pantry
3267426,pantry
3267437,pantry
3267970,pantry
3269851,pantry
3269862,pantry
3269873,pantry
3270067,pantry
3270511,pantry
3270657,pantry
3270679,pantry
3270704,pantry
3270715,pantry
3271194,pantry
3271208,pantry
3271230,pantry
3272030,pantry
3272164,pantry
3272460,pantry
3272517,pantry
3273564,pantry
3275424,pantry
3281041,pantry
3281063,pantry
3283943,pantry
3287671,pantry
3289553,pantry
3290494,pantry
3293062,pantry
3294780,pantry
3294815,pantry
3294859,pantry
3294906,pantry
3294972,pantry
3295024,pantry
3295090,pantry
3299150,pantry
3299568,pantry
3302389,pantry
3303417,pantry
3303440,pantry
3303508,pantry
3305230,pantry
3305660,pantry
3305671,pantry
3307542,pantry
3308749,pantry
3308750,pantry
3310977,pantry
3312189,pantry
3312644,pantry
3313410,pantry
3313421,pantry
3313432,pantry
3318425,pantry
3320165,pantry
3320176,pantry
3321361,pantry
3322251,pantry
3322295,pantry
3322309,pantry
3322310,pantry
3322852,pantry
3327685,pantry
3327696,pantry
3327700,pantry
3328768,pantry
3328961,pantry
3328972,pantry
3328994,pantry
3329035,pantry
3329046,pantry
3329057,pantry
3329104,pantry
3329115,pantry
3329126,pantry
3329137,pantry
3335264,pantry
3335286,pantry
3335300,pantry
3335480,pantry
3336187,pantry
3337339,pantry
3339163,pantry
3339174,pantry
3339185,pantry
3339196,pantry
3339200,pantry
3339210,pantry
3339221,pantry
3339232,pantry
3339254,pantry
3339265,pantry
3339276,pantry
3339287,pantry
3339301,pantry
3339367,pantry
3339378,pantry
3339389,pantry
3339390,pantry
3340480,pantry
3345734,pantry
3348051,pantry
3348084,pantry
3354509,pantry
3365629,pantry
3380305,pantry
3380316,pantry
3380338,pantry
3380382,pantry
3380430,pantry
3380440,pantry
3380451,pantry
3380462,pantry
3380473,pantry
3380484,pantry
3380495,pantry
3398162,pantry
3398173,pantry
3398650,pantry
3398672,pantry
3398796,pantry
3401493,pantry
3402500,pantry
3403331,pantry
3405144,pantry
3405257,pantry
3405803,pantry
3405825,pantry
3405847,pantry
3406114,pantry
3410268,pantry
3410326,pantry
3433150,pantry
3433503,pantry
3434007,pantry
3434889,pantry
3434903,pantry
3447596,pantry
3447600,pantry
3447643,pantry
3450331,pantry
3452610,pantry
3453329,pantry
3455266,pantry
3455674,pantry
3465033,pantry
3465601,pantry
3465667,pantry
3465703,pantry
3466761,pantry
3466772,pantry
3470500,pantry
3471353,pantry
3471386,pantry
3474271,pantry
3474282,pantry
3474362,pantry
3475693,pantry
3476517,pantry
3477859,pantry
3477870,pantry
3478181,pantry
3478217,pantry
3478997,pantry
3479027,pantry
3479173,pantry
3486838,pantry
3488946,pantry
3492670,pantry
3496300,pantry
3497754,pantry
3497801,pantry
3498702,pantry
3498917,pantry
3499352,pantry
3499705,pantry
3500269,pantry
3500270,pantry
3500291,pantry
3500327,pantry
3500382,pantry
3500699,pantry
3501523,pantry
3501545,pantry
3501556,pantry
3501567,pantry
3501807,pantry
3502253,pantry
3505444,pantry
3505706,pantry
3505717,pantry
3505739,pantry
3506469,pantry
3506470,pantry
3506480,pantry
3508679,pantry
3508680,pantry
3508690,pantry
3510150,pantry
3511378,pantry
3512541,pantry
3512654,pantry
3513103,pantry
3513464,pantry
3514490,pantry
3516054,pantry
3516065,pantry
3526116,pantry
3526411,pantry
3526604,pantry
3529690,pantry
3531230,pantry
3533031,pantry
3535490,pantry
3535514,pantry
3539560,pantry
3542724,pantry
3544130,pantry
3544322,pantry
3550380,pantry
3554111,pantry
3554199,pantry
3554202,pantry
3559352,pantry
3559410,pantry
3559465,pantry
3559523,pantry
3561321,pantry
3562313,pantry
3566030,pantry
3566121,pantry
3566132,pantry
3566755,pantry
3566766,pantry
3566788,pantry
3566824,pantry
3566879,pantry
3566904,pantry
3567930,pantry
3570912,pantry
3571700,pantry
3571733,pantry
3571744,pantry
3572292,pantry
3573579,pantry
3573626,pantry
3573987,pantry
3574040,pantry
3574709,pantry
3577219,pantry
3577220,pantry
3578710,pantry
3579236,pantry
3581170,pantry
3581191,pantry
3581293,pantry
3582387,pantry
3582398,pantry
3585396,pantry
3587187,pantry
3588146,pantry
3588157,pantry
3588204,pantry
3588237,pantry
3590104,pantry
3591118,pantry
3591130,pantry
3591162,pantry
3591242,pantry
3591286,pantry
3591457,pantry
3591592,pantry
3592573,pantry
3592824,pantry
3592835,pantry
3592879,pantry
3593113,pantry
3593124,pantry
3593339,pantry
3593849,pantry
3593893,pantry
3594003,pantry
3594375,pantry
3595673,pantry
3597216,pantry
3609009,pantry
3609869,pantry
3611601,pantry
3612987,pantry
3613050,pantry
3613061,pantry
3613072,pantry
3613083,pantry
3613786,pantry
3613888,pantry
3614010,pantry
3614020,pantry
3614042,pantry
3614064,pantry
3616321,pantry
3616387,pantry
3616401,pantry
3617255,pantry
3620486,pantry
3624035,pantry
3624603,pantry
3626405,pantry
3626416,pantry
3628058,pantry
3628580,pantry
3629039,pantry
3629040,pantry
3630672,pantry
3630901,pantry
3631711,pantry
3631846,pantry
3631904,pantry
3631970,pantry
3631992,pantry
3632419,pantry
3632420,pantry
3632452,pantry
3632690,pantry
3632758,pantry
3637682,pantry
3638958,pantry
3639098,pantry
3640428,pantry
3640687,pantry
3642875,pantry
3648521,pantry
3653124,pantry
3653394,pantry
3656519,pantry
3660390,pantry
3660436,pantry
3661177,pantry
3664812,pantry
3664834,pantry
3664845,pantry
3665994,pantry
3669340,pantry
3669408,pantry
3669430,pantry
3699806,pantry
3703754,pantry
3707020,pantry
3707052,pantry
3708226,pantry
3708441,pantry
3708645,pantry
3708667,pantry
3708780,pantry
3708930,pantry
3709422,pantry
3712391,pantry
3713510,pantry
3714444,pantry
3714513,pantry
3714524,pantry
3714557,pantry
3714681,pantry
3714692,pantry
3714998,pantry
3715094,pantry
3715833,pantry
3715844,pantry
3715855,pantry
3716009,pantry
3716155,pantry
3716177,pantry
3716188,pantry
3716199,pantry
3716202,pantry
3716213,pantry
3716224,pantry
3716235,pantry
3716246,pantry
3718070,pantry
3721610,pantry
3722760,pantry
3722792,pantry
3723478,pantry
3723489,pantry
3723503,pantry
3723514,pantry
3724368,pantry
3725203,pantry
3725327,pantry
3725338,pantry
3725510,pantry
3728187,pantry
3729394,pantry
3729408,pantry
3729430,pantry
3730178,pantry
3732923,pantry
3734918,pantry
3735615,pantry
3735626,pantry
3735637,pantry
3735648,pantry
3735660,pantry
3735830,pantry
3735841,pantry
3735852,pantry
3736425,pantry
3736447,pantry
3736833,pantry
3736844,pantry
3736924,pantry
3736935,pantry
3736957,pantry
3736979,pantry
3736990,pantry
3737020,pantry
3737042,pantry
3737075,pantry
3737086,pantry
3737097,pantry
3737100,pantry
3737144,pantry
3737202,pantry
3737257,pantry
3737268,pantry
3737279,pantry
3739310,pantry
3739718,pantry
3739809,pantry
3740080,pantry
3740615,pantry
3740626,pantry
3740783,pantry
3740808,pantry
3741152,pantry
3741196,pantry
3741980,pantry
3742520,pantry
3743544,pantry
3743759,pantry
3745324,pantry
3745415,pantry
3745437,pantry
3746316,pantry
3747487,pantry
3748672,pantry
3748694,pantry
3748800,pantry
3748821,pantry
3748832,pantry
3750700,pantry
3750776,pantry
3752534,pantry
3752578,pantry
3752589,pantry
3752590,pantry
3753559,pantry
3753560,pantry
3753661,pantry
3755260,pantry
3755340,pantry
3755350,pantry
3755361,pantry
3755383,pantry
3756502,pantry
3756513,pantry
3756557,pantry
3757899,pantry
3758042,pantry
3760463,pantry
3762855,pantry
3762899,pantry
3762924,pantry
3765423,pantry
3765649,pantry
3767768,pantry
3767780,pantry
3767790,pantry
3767815,pantry
3767837,pantry
3767848,pantry
3771867,pantry
3771878,pantry
3771903,pantry
3772950,pantry
3772961,pantry
3774617,pantry
3775631,pantry
3775711,pantry
3775890,pantry
3775959,pantry
3777874,pantry
3779381,pantry
3779428,pantry
3779450,pantry
3779905,pantry
3782932,pantry
3788407,pantry
3789487,pantry
3790500,pantry
3790635,pantry
3790941,pantry
3791092,pantry
3791106,pantry
3792652,pantry
3792700,pantry
3793509,pantry
3793510,pantry
3796530,pantry
3796562,pantry
3796610,pantry
3797270,pantry
3797281,pantry
3797292,pantry
3798400,pantry
3798411,pantry
3800444,pantry
3800455,pantry
3800987,pantry
3801301,pantry
3801345,pantry
3801549,pantry
3803464,pantry
3806291,pantry
3806305,pantry
3806531,pantry
3806790,pantry
3806859,pantry
3810459,pantry
3812953,pantry
3812975,pantry
3812986,pantry
3814380,pantry
3814518,pantry
3816364,pantry
3816397,pantry
3816400,pantry
3816422,pantry
3816783,pantry
3817550,pantry
3817571,pantry
3817582,pantry
3817593,pantry
3817607,pantry
3817618,pantry
3817673,pantry
3817822,pantry
3818246,pantry
3818870,pantry
3821310,pantry
3821488,pantry
3822662,pantry
3822673,pantry
3823064,pantry
3823916,pantry
3823938,pantry
3825310,pantry
3827101,pantry
3827713,pantry
3827735,pantry
3828170,pantry
3828192,pantry
3828669,pantry
3828749,pantry
3834050,pantry
3835664,pantry
3835697,pantry
3837375,pantry
3837411,pantry
3837422,pantry
3837433,pantry
3837579,pantry
3837580,pantry
3837615,pantry
3837626,pantry
3840788,pantry
3841146,pantry
3841474,pantry
3841521,pantry
3844246,pantry
3844359,pantry
3844360,pantry
3844734,pantry
3844789,pantry
3844916,pantry
3844950,pantry
3844971,pantry
3846922,pantry
3846944,pantry
3848542,pantry
3848553,pantry
3848564,pantry
3849057,pantry
3849170,pantry
3849330,pantry
3849341,pantry
3849818,pantry
3850770,pantry
3851172,pantry
3851183,pantry
3851784,pantry
3852437,pantry
3852620,pantry
3852630,pantry
3853575,pantry
3860560,pantry
3861449,pantry
3861450,pantry
3861460,pantry
3861471,pantry
3861482,pantry
3862930,pantry
3863127,pantry
3863171,pantry
3863670,pantry
3865064,pantry
3867730,pantry
3868845,pantry
3868856,pantry
3868878,pantry
3869779,pantry
3872897,pantry
3877380,pantry
3877529,pantry
3877722,pantry
3877802,pantry
3877948,pantry
3882370,pantry
3882530,pantry
3883215,pantry
3883394,pantry
3883420,pantry
3883565,pantry
3883860,pantry
3883871,pantry
3884014,pantry
3884058,pantry
3889255,pantry
3889743,pantry
3889754,pantry
3889765,pantry
3889776,pantry
3889787,pantry
3889969,pantry
3890006,pantry
3890629,pantry
3890630,pantry
3890640,pantry
3891177,pantry
3893682,pantry
3893718,pantry
3893730,pantry
3893740,pantry
3893751,pantry
3893773,pantry
3894459,pantry
3894460,pantry
3894517,pantry
3894608,pantry
3894663,pantry
3895305,pantry
3895724,pantry
3895735,pantry
3896658,pantry
3896931,pantry
3897399,pantry
3897402,pantry
3897956,pantry
3897967,pantry
3899930,pantry
3901521,pantry
3902772,pantry
3902943,pantry
3902998,pantry
3907845,pantry
3923160,pantry
3923626,pantry
3924527,pantry
3925654,pantry
3926657,pantry
3926668,pantry
3926679,pantry
3926770,pantry
3927296,pantry
3927310,pantry
3928561,pantry
3928630,pantry
3928663,pantry
3931216,pantry
3933663,pantry
3934553,pantry
3934779,pantry
3937799,pantry
3938725,pantry
3939240,pantry
3939557,pantry
3939568,pantry
3943656,pantry
3944568,pantry
3944579,pantry
3944604,pantry
3944659,pantry
3945174,pantry
3946600,pantry
3946621,pantry
3946745,pantry
3946756,pantry
3947170,pantry
3947533,pantry
3948150,pantry
3951563,pantry
3951880,pantry
3954878,pantry
3956159,pantry
3956170,pantry
3959270,pantry
3964496,pantry
3964510,pantry
3964521,pantry
3964532,pantry
3968680,pantry
3970820,pantry
3970943,pantry
3975018,pantry
3980630,pantry
3980663,pantry
3981713,pantry
3981746,pantry
3982636,pantry
3984041,pantry
3984096,pantry
3984100,pantry
3984110,pantry
3984314,pantry
3984336,pantry
3984347,pantry
3984369,pantry
3984380,pantry
3984416,pantry
3984427,pantry
3984562,pantry
3984584,pantry
3984595,pantry
3984609,pantry
3984610,pantry
3984631,pantry
3984653,pantry
3984664,pantry
3984675,pantry
3984686,pantry
3984697,pantry
3984700,pantry
3984711,pantry
3984722,pantry
3984733,pantry
3984744,pantry
3984755,pantry
3984766,pantry
3984777,pantry
3984799,pantry
3984802,pantry
3984813,pantry
3984824,pantry
3984835,pantry
3984890,pantry
3986717,pantry
3986728,pantry
3987618,pantry
3988508,pantry
3988621,pantry
3988632,pantry
3988643,pantry
3988938,pantry
3988950,pantry
3989599,pantry
3989624,pantry
3990893,pantry
3992505,pantry
3992527,pantry
3992560,pantry
3992629,pantry
3992684,pantry
3992833,pantry
3993042,pantry
3993053,pantry
3993144,pantry
3993166,pantry
3993177,pantry
3993199,pantry
3993202,pantry
3994635,pantry
3994908,pantry
3995999,pantry
3996845,pantry
3996947,pantry
3997190,pantry
3997961,pantry
3997983,pantry
4151948,pantry
4151959,pantry
4151960,pantry
4151970,pantry
4151981,pantry
4156861,pantry
4156883,pantry
4160600,pantry
4164495,pantry
4164961,pantry
4164972,pantry
4176326,pantry
4179062,pantry
4184324,pantry
4184925,pantry
4185826,pantry
4192027,pantry
4197315,pantry
4204024,pantry
4204035,pantry
4204170,pantry
4205912,pantry
4206960,pantry
4207372,pantry
4207543,pantry
4207893,pantry
4207962,pantry
4208841,pantry
4209094,pantry
4210945,pantry
4210956,pantry
4210978,pantry
4210989,pantry
4211085,pantry
4212292,pantry
4212350,pantry
4217671,pantry
4218380,pantry
4221067,pantry
4221078,pantry
4223991,pantry
4224677,pantry
4224713,pantry
4224790,pantry
4226967,pantry
4231399,pantry
4233292,pantry
4233317,pantry
4233984,pantry
4237930,pantry
4238117,pantry
4248573,pantry
4264194,pantry
4264547,pantry
4270812,pantry
4270856,pantry
4275510,pantry
4275543,pantry
4275634,pantry
4275973,pantry
4276229,pantry
4276284,pantry
4276342,pantry
4276820,pantry
4277345,pantry
4277356,pantry
4277378,pantry
4289548,pantry
4289719,pantry
4289763,pantry
4291572,pantry
4291878,pantry
4292418,pantry
4292429,pantry
4292430,pantry
4292768,pantry
4293079,pantry
4295697,pantry
4295733,pantry
4295755,pantry
4295777,pantry
4297488,pantry
4298582,pantry
4298593,pantry
4298607,pantry
4299519,pantry
4299563,pantry
4299585,pantry
4299950,pantry
4299982,pantry
4300356,pantry
4300403,pantry
4300480,pantry
4300516,pantry
4300786,pantry
4301370,pantry
4304040,pantry
4304051,pantry
4304368,pantry
4304798,pantry
4304801,pantry
4306818,pantry
4307005,pantry
4307640,pantry
4308551,pantry
4308631,pantry
4308788,pantry
4308813,pantry
4309124,pantry
4310848,pantry
4311363,pantry
4311385,pantry
4312220,pantry
4312821,pantry
4312832,pantry
4312843,pantry
4313948,pantry
4314157,pantry
4316924,pantry
4317177,pantry
4317188,pantry
4318170,pantry
4318486,pantry
4318497,pantry
4320309,pantry
4320488,pantry
4322530,pantry
4322552,pantry
4322563,pantry
4324875,pantry
4324897,pantry
4324999,pantry
4330947,pantry
4337899,pantry
4339103,pantry
4339839,pantry
4339985,pantry
4343406,pantry
4343440,pantry
4343665,pantry
4348523,pantry
4348534,pantry
4352338,pantry
4354741,pantry
4354763,pantry
4354989,pantry
4355937,pantry
4357251,pantry
4357262,pantry
4357273,pantry
4357841,pantry
4357874,pantry
4357910,pantry
4357998,pantry
4358899,pantry
4358902,pantry
4363786,pantry
4363866,pantry
4369895,pantry
4370544,pantry
4370690,pantry
4382816,pantry
4382929,pantry
4382951,pantry
4382973,pantry
4385712,pantry
4385723,pantry
4387547,pantry
4389269,pantry
4389270,pantry
4389633,pantry
4390993,pantry
4391125,pantry
4391170,pantry
4396402,pantry
4401660,pantry
4405536,pantry
4405558,pantry
4405569,pantry
4405570,pantry
4405591,pantry
4405627,pantry
4405638,pantry
4405649,pantry
4405693,pantry
4406095,pantry
4409446,pantry
4409570,pantry
4409592,pantry
4409617,pantry
4409661,pantry
4409683,pantry
4409720,pantry
4409774,pantry
4410514,pantry
4410616,pantry
4412575,pantry
4414504,pantry
4414592,pantry
4416474,pantry
4418990,pantry
4419450,pantry
4419687,pantry
4426059,pantry
4432903,pantry
4432914,pantry
4443579,pantry
4445858,pantry
4445869,pantry
4447230,pantry
4448051,pantry
4448095,pantry
4448109,pantry
4448186,pantry
4448197,pantry
4448506,pantry
4448663,pantry
4448743,pantry
4448801,pantry
4449145,pantry
4454350,pantry
4454360,pantry
4454371,pantry
4454382,pantry
4454961,pantry
4455465,pantry
4455476,pantry
4457019,pantry
4457100,pantry
4457857,pantry
4461854,pantry
4462245,pantry
4462846,pantry
4463474,pantry
4463485,pantry
4463973,pantry
4463984,pantry
4465265,pantry
4471053,pantry
4471064,pantry
4472125,pantry
4472147,pantry
4472420,pantry
4472657,pantry
4472806,pantry
4475510,pantry
4476090,pantry
4476137,pantry
4476170,pantry
4476206,pantry
4476239,pantry
4476272,pantry
4476319,pantry
4476498,pantry
4476603,pantry
4476975,pantry
4480054,pantry
4482661,pantry
4482843,pantry
4483530,pantry
4484770,pantry
4485229,pantry
4486367,pantry
4486469,pantry
4486470,pantry
4486560,pantry
4487359,pantry
4487392,pantry
4488410,pantry
4491469,pantry
4491550,pantry
4492993,pantry
4495131,pantry
4498344,pantry
4498377,pantry
4498480,pantry
4498617,pantry
4500810,pantry
4505337,pantry
4513572,pantry
4513630,pantry
4514983,pantry
4515283,pantry
4515738,pantry
4515749,pantry
4518124,pantry
4524127,pantry
4525640,pantry
4558967,pantry
4565292,pantry
4565510,pantry
4574635,pantry
4574919,pantry
4603154,pantry
4604984,pantry
4605070,pantry
4605080,pantry
4614650,pantry
4615970,pantry
4616112,pantry
4616484,pantry
4616564,pantry
4618107,pantry
4618639,pantry
4632549,pantry
4634056,pantry
4639130,pantry
4651408,pantry
4658247,pantry
4663779,pantry
4670752,pantry
4677401,pantry
4677412,pantry
4677456,pantry
4677467,pantry
4678029,pantry
4679203,pantry
4680552,pantry
4683390,pantry
4683415,pantry
4683426,pantry
4683540,pantry
4683594,pantry
4683608,pantry
4683619,pantry
4683620,pantry
4685294,pantry
4685308,pantry
4685330,pantry
4685400,pantry
4687074,pantry
4687132,pantry
4687143,pantry
4689932,pantry
4689954,pantry
4690002,pantry
4692176,pantry
4692449,pantry
4694230,pantry
4695345,pantry
4695356,pantry
4695403,pantry
4695425,pantry
4695436,pantry
4695458,pantry
4695630,pantry
4695640,pantry
4695662,pantry
4696042,pantry
4697409,pantry
4698955,pantry
4699030,pantry
4699040,pantry
4699357,pantry
4699368,pantry
4700478,pantry
4700514,pantry
4700525,pantry
4700547,pantry
4700558,pantry
4700605,pantry
4700853,pantry
4700944,pantry
4705573,pantry
4707648,pantry
4713072,pantry
4713141,pantry
4714778,pantry
4715318,pantry
4715373,pantry
4715409,pantry
4715420,pantry
4715431,pantry
4715442,pantry
4715464,pantry
4715475,pantry
4715486,pantry
4715497,pantry
4715500,pantry
4727350,pantry
4727372,pantry
4727383,pantry
4727485,pantry
4727612,pantry
4735632,pantry
4737365,pantry
4737401,pantry
4737434,pantry
4737525,pantry
4744495,pantry
4746683,pantry
4752370,pantry
4755141,pantry
4760120,pantry
4760130,pantry
4760990,pantry
4763955,pantry
4764007,pantry
4769496,pantry
4769500,pantry
4770509,pantry
4774066,pantry
4774077,pantry
4774088,pantry
4774113,pantry
4775921,pantry
4777111,pantry
4778318,pantry
4781651,pantry
4782100,pantry
4791214,pantry
4791225,pantry
4796364,pantry
4796397,pantry
4806978,pantry
4807121,pantry
4807132,pantry
4816610,pantry
4818252,pantry
4821406,pantry
4823445,pantry
4823478,pantry
4823693,pantry
4824030,pantry
4824109,pantry
4824255,pantry
4824379,pantry
4824390,pantry
4824404,pantry
4824415,pantry
4824540,pantry
4827581,pantry
4827606,pantry
4827810,pantry
4828391,pantry
4837111,pantry
4837122,pantry
4839977,pantry
4845572,pantry
4845787,pantry
4847057,pantry
4854370,pantry
4854380,pantry
4854391,pantry
4858494,pantry
4862436,pantry
4862505,pantry
4866506,pantry
4866539,pantry
4870911,pantry
4875096,pantry
4887131,pantry
4905448,pantry
4905947,pantry
4915339,pantry
4915350,pantry
4915361,pantry
4915372,pantry
4925004,pantry
4926663,pantry
4926674,pantry
4928410,pantry
4928476,pantry
4929515,pantry
4929661,pantry
4934796,pantry
4944439,pantry
4946514,pantry
4951376,pantry
4951398,pantry
4954658,pantry
4956187,pantry
4956223,pantry
4958910,pantry
4959470,pantry
4959538,pantry
4961970,pantry
4963397,pantry
4965712,pantry
4966249,pantry
4966395,pantry
4966431,pantry
4970927,pantry
4970971,pantry
4971012,pantry
4971759,pantry
4971770,pantry
4971806,pantry
4971817,pantry
4971839,pantry
4972387,pantry
4972412,pantry
4972693,pantry
4976956,pantry
4979058,pantry
4982450,pantry
4984568,pantry
4984590,pantry
4985593,pantry
4986133,pantry
4986155,pantry
4986268,pantry
4989379,pantry
4989561,pantry
4992191,pantry
4992250,pantry
4992351,pantry
4992409,pantry
4992522,pantry
4992657,pantry
4993037,pantry
4993591,pantry
4995236,pantry
4995316,pantry
4995407,pantry
4995418,pantry
4995510,pantry
4995600,pantry
4996658,pantry
4999805,pantry
4999816,pantry
4999827,pantry
5000303,pantry
5002998,pantry
5007594,pantry
5010453,pantry
5011795,pantry
5015898,pantry
5015956,pantry
5015978,pantry
5016267,pantry
5016303,pantry
5016325,pantry
5016336,pantry
5016551,pantry
5016573,pantry
5018863,pantry
5018874,pantry
5019742,pantry
5020209,pantry
5020435,pantry
5020468,pantry
5020504,pantry
5020537,pantry
5020796,pantry
5020810,pantry
5020821,pantry
5020887,pantry
5022180,pantry
5029713,pantry
5029917,pantry
5030450,pantry
5030734,pantry
5032117,pantry
5034203,pantry
5034236,pantry
5042303,pantry
5042347,pantry
5042405,pantry
5042460,pantry
5042573,pantry
5042584,pantry
5042620,pantry
5042664,pantry
5044513,pantry
5044568,pantry
5044626,pantry
5044659,pantry
5046009,pantry
5046654,pantry
5046687,pantry
5047872,pantry
5048649,pantry
5048693,pantry
5048740,pantry
5048784,pantry
5049109,pantry
5049120,pantry
5049255,pantry
5049823,pantry
5049834,pantry
5049856,pantry
5050072,pantry
5050083,pantry
5050651,pantry
5050731,pantry
5050800,pantry
5050822,pantry
5050833,pantry
5050844,pantry
5050866,pantry
5051177,pantry
5051734,pantry
5052511,pantry
5052522,pantry
5059237,pantry
5060746,pantry
5060790,pantry
5061240,pantry
5061294,pantry
5065615,pantry
5066050,pantry
5066822,pantry
5066888,pantry
5066902,pantry
5070820,pantry
5070863,pantry
5070896,pantry
5070910,pantry
5070932,pantry
5070943,pantry
5071196,pantry
5071232,pantry
5071312,pantry
5071447,pantry
5071480,pantry
5074219,pantry
5075299,pantry
5075313,pantry
5075324,pantry
5075335,pantry
5075368,pantry
5075583,pantry
5075641,pantry
5075970,pantry
5076236,pantry
5076600,pantry
5076848,pantry
5077013,pantry
5077035,pantry
5077046,pantry
5077080,pantry
5077283,pantry
5077363,pantry
5077374,pantry
5077400,pantry
5077498,pantry
5077534,pantry
5077556,pantry
5077567,pantry
5077590,pantry
5077636,pantry
5077647,pantry
5077658,pantry
5077691,pantry
5077818,pantry
5077851,pantry
5078118,pantry
5079358,pantry
5079416,pantry
5079802,pantry
5081270,pantry
5081473,pantry
5081484,pantry
5081520,pantry
5081553,pantry
5081564,pantry
5084030,pantry
5084052,pantry
5084868,pantry
5086105,pantry
5088326,pantry
5090521,pantry
5098986,pantry
5099093,pantry
5102416,pantry
5103248,pantry
5103340,pantry
5103441,pantry
5103634,pantry
5103930,pantry
5105550,pantry
5105651,pantry
5105695,pantry
5105800,pantry
5105968,pantry
5106280,pantry
5107170,pantry
5109619,pantry
5110298,pantry
5111428,pantry
5111982,pantry
5112147,pantry
5112170,pantry
5116239,pantry
5116625,pantry
5118100,pantry
5118110,pantry
5118132,pantry
5118143,pantry
5119907,pantry
5119995,pantry
5121603,pantry
5122424,pantry
5130706,pantry
5132155,pantry
5133351,pantry
5134682,pantry
5134693,pantry
5138140,pantry
5139256,pantry
5139518,pantry
5140878,pantry
5142013,pantry
5146841,pantry
5150474,pantry
5150587,pantry
5150598,pantry
5151149,pantry
5153360,pantry
5154646,pantry
5154668,pantry
5154679,pantry
5154680,pantry
5154690,pantry
5159016,pantry
5161460,pantry
5166011,pantry
5166179,pantry
5171849,pantry
5173243,pantry
5173254,pantry
5173425,pantry
5173436,pantry
5177244,pantry
5177288,pantry
5177299,pantry
5179192,pantry
5179807,pantry
5182302,pantry
5183134,pantry
5183145,pantry
5190945,pantry
5191154,pantry
5193502,pantry
5193874,pantry
5194822,pantry
5196996,pantry
5200426,pantry
5201123,pantry
5203515,pantry
5203537,pantry
5203560,pantry
5203570,pantry
5203581,pantry
5203945,pantry
5203956,pantry
5207458,pantry
5207469,pantry
5207560,pantry
5207571,pantry
5207582,pantry
5210463,pantry
5216222,pantry
5216700,pantry
5217735,pantry
5217746,pantry
5219162,pantry
5219173,pantry
5220274,pantry
5221368,pantry
5221380,pantry
5221415,pantry
5221426,pantry
5222586,pantry
5224210,pantry
5225212,pantry
5226882,pantry
5227240,pantry
5227273,pantry
5227820,pantry
5228822,pantry
5228833,pantry
5229257,pantry
5229406,pantry
5229439,pantry
5231601,pantry
5231690,pantry
5232590,pantry
5235431,pantry
5235442,pantry
5235464,pantry
5235500,pantry
5235566,pantry
5236730,pantry
5237110,pantry
5238462,pantry
5238473,pantry
5239421,pantry
5240090,pantry
5240103,pantry
5242346,pantry
5242357,pantry
5242380,pantry
5242390,pantry
5242404,pantry
5245752,pantry
5245763,pantry
5249243,pantry
5249753,pantry
5249775,pantry
5251380,pantry
5252113,pantry
5252179,pantry
5252281,pantry
5252328,pantry
5252340,pantry
5252452,pantry
5252463,pantry
5252500,pantry
5252521,pantry
5252565,pantry
5252758,pantry
5252780,pantry
5252791,pantry
5252962,pantry
5253069,pantry
5253080,pantry
5253116,pantry
5253207,pantry
5253568,pantry
5253579,pantry
5253681,pantry
5253820,pantry
5253874,pantry
5254378,pantry
5254979,pantry
5255166,pantry
5255177,pantry
5255188,pantry
5255199,pantry
5255224,pantry
5255235,pantry
5255246,pantry
5255257,pantry
5255268,pantry
5255279,pantry
5255280,pantry
5255360,pantry
5255370,pantry
5255381,pantry
5258062,pantry
5258109,pantry
5258404,pantry
5258437,pantry
5258448,pantry
5258459,pantry
5258517,pantry
5259429,pantry
5259430,pantry
5263889,pantry
5266402,pantry
5266424,pantry
5267766,pantry
5268408,pantry
5268419,pantry
5268452,pantry
5268485,pantry
5268565,pantry
5269820,pantry
5269841,pantry
5269874,pantry
5269900,pantry
5269921,pantry
5270035,pantry
5270079,pantry
5272766,pantry
5272777,pantry
5275072,pantry
5283434,pantry
5283445,pantry
5283693,pantry
5283900,pantry
5284540,pantry
5284765,pantry
5288482,pantry
5290280,pantry
5290305,pantry
5290338,pantry
5292344,pantry
5292989,pantry
5293041,pantry
5293507,pantry
5295524,pantry
5295535,pantry
5295546,pantry
5295557,pantry
5296083,pantry
5296720,pantry
5296786,pantry
5297417,pantry
5305093,pantry
5306008,pantry
5306620,pantry
5307929,pantry
5308353,pantry
5308692,pantry
5309221,pantry
5309265,pantry
5309276,pantry
5309345,pantry
5309378,pantry
5309425,pantry
5310322,pantry
5310752,pantry
5311187,pantry
5318594,pantry
5322558,pantry
5322591,pantry
5324462,pantry
5328281,pantry
5328995,pantry
5332234,pantry
5332289,pantry
5332609,pantry
5334660,pantry
5338423,pantry
5338580,pantry
5340108,pantry
5340119,pantry
5340120,pantry
5340130,pantry
5340141,pantry
5340152,pantry
5340185,pantry
5342920,pantry
5344743,pantry
5346909,pantry
5350961,pantry
5355932,pantry
5356119,pantry
5357574,pantry
5357632,pantry
5357643,pantry
5357676,pantry
5357723,pantry
5359638,pantry
5360003,pantry
5360626,pantry
5360976,pantry
5361709,pantry
5361710,pantry
5361764,pantry
5362610,pantry
5366972,pantry
5366983,pantry
5369846,pantry
5370051,pantry
5370776,pantry
5370812,pantry
5370823,pantry
5375565,pantry
5376218,pantry
5376229,pantry
5376976,pantry
5377367,pantry
5377389,pantry
5377390,pantry
5377630,pantry
5382152,pantry
5383790,pantry
5387316,pantry
5390911,pantry
5398753,pantry
5406920,pantry
5415273,pantry
5417199,pantry
5417202,pantry
5419150,pantry
5419660,pantry
5419707,pantry
5419718,pantry
5420998,pantry
5421709,pantry
5422199,pantry
5422202,pantry
5422290,pantry
5422530,pantry
5422541,pantry
5422869,pantry
5422993,pantry
5423125,pantry
5425620,pantry
5425630,pantry
5426156,pantry
5427895,pantry
5431510,pantry
5433162,pantry
5433173,pantry
5434937,pantry
5434948,pantry
5434959,pantry
5435180,pantry
5435215,pantry
5435237,pantry
5435270,pantry
5435281,pantry
5435306,pantry
5435317,pantry
5435339,pantry
5435361,pantry
5435420,pantry
5435430,pantry
5435441,pantry
5435645,pantry
5436896,pantry
5436900,pantry
5437083,pantry
5445536,pantry
5445570,pantry
5448578,pantry
5448589,pantry
5448647,pantry
5449504,pantry
5449923,pantry
5450219,pantry
5451823,pantry
5454650,pantry
5454785,pantry
5454796,pantry
5454800,pantry
5455052,pantry
5457604,pantry
5457615,pantry
5457874,pantry
5457932,pantry
5458040,pantry
5458120,pantry
5458152,pantry
5459530,pantry
5459552,pantry
5459574,pantry
5459836,pantry
5462091,pantry
5462524,pantry
5462954,pantry
5463196,pantry
5463232,pantry
5464199,pantry
5466354,pantry
5466365,pantry
5469080,pantry
5469680,pantry
5475650,pantry
5477204,pantry
5481835,pantry
5481868,pantry
5483932,pantry
5483943,pantry
5484775,pantry
5484786,pantry
5484844,pantry
5485847,pantry
5487467,pantry
5488448,pantry
5488460,pantry
5489768,pantry
5490483,pantry
5490541,pantry
5492310,pantry
5493277,pantry
5493481,pantry
5493539,pantry
5493620,pantry
5493765,pantry
5493776,pantry
5494327,pantry
5494350,pantry
5495534,pantry
5496796,pantry
5497234,pantry
5497267,pantry
5497507,pantry
5497530,pantry
5503563,pantry
5517036,pantry
5519009,pantry
5519010,pantry
5519020,pantry
5519596,pantry
5519880,pantry
5520959,pantry
5521500,pantry
5525340,pantry
5526434,pantry
5526955,pantry
5529523,pantry
5530657,pantry
5532415,pantry
5534647,pantry
5534670,pantry
5534873,pantry
5535832,pantry
5540231,pantry
5546464,pantry
5548153,pantry
5548200,pantry
5548754,pantry
5549702,pantry
5550268,pantry
5550304,pantry
5550326,pantry
5554407,pantry
5556286,pantry
5556300,pantry
5557540,pantry
5557551,pantry
5557777,pantry
5558623,pantry
5558689,pantry
5558736,pantry
5558780,pantry
5559218,pantry
5559273,pantry
5562733,pantry
5564728,pantry
5565312,pantry
5566097,pantry
5566971,pantry
5568401,pantry
5568605,pantry
5568900,pantry
5576126,pantry
5578165,pantry
5578314,pantry
5579000,pantry
5579102,pantry
5583074,pantry
5583085,pantry
5585193,pantry
5585579,pantry
5588792,pantry
5588840,pantry
5595200,pantry
5596837,pantry
5596848,pantry
5596940,pantry
5596972,pantry
5598333,pantry
5600253,pantry
5600344,pantry
5604629,pantry
5604764,pantry
5605530,pantry
5607376,pantry
5609484,pantry
5610144,pantry
5610712,pantry
5612376,pantry
5612490,pantry
5615771,pantry
5629470,pantry
5630710,pantry
5630786,pantry
5630800,pantry
5640881,pantry
5641137,pantry
5650670,pantry
5656553,pantry
5658209,pantry
5659471,pantry
5662523,pantry
5662636,pantry
5666513,pantry
5675300,pantry
5686543,pantry
5694097,pantry
5694676,pantry
5698510,pantry
5699410,pantry
5699443,pantry
5702672,pantry
5703314,pantry
5703405,pantry
5703540,pantry
5703595,pantry
5704317,pantry
5704350,pantry
5704372,pantry
5704394,pantry
5704420,pantry
5706050,pantry
5711345,pantry
5711593,pantry
5714650,pantry
5716382,pantry
5716429,pantry
5716430,pantry
5717090,pantry
5717192,pantry
5726557,pantry
5728508,pantry
5735751,pantry
5743590,pantry
5748006,pantry
5750165,pantry
5751667,pantry
5752808,pantry
5754745,pantry
5777897,pantry
5778710,pantry
5789579,pantry
5792267,pantry
5795695,pantry
5795709,pantry
5795710,pantry
5799991,pantry
5800026,pantry
5815817,pantry
5823291,pantry
5824818,pantry
5828706,pantry
5832237,pantry
5833477,pantry
5833557,pantry
5833943,pantry
5841817,pantry
5846606,pantry
5847020,pantry
5847132,pantry
5847154,pantry
5851151,pantry
5856010,pantry
5858445,pantry
5860185,pantry
5860221,pantry
5860957,pantry
5868529,pantry
5868573,pantry
5871669,pantry
5872796,pantry
5873664,pantry
5874248,pantry
5874860,pantry
5877359,pantry
5878792,pantry
5879140,pantry
5880830,pantry
5880841,pantry
5880943,pantry
5881141,pantry
5881232,pantry
5881265,pantry
5882381,pantry
5884467,pantry
5884478,pantry
5884490,pantry
5885594,pantry
5885970,pantry
5885991,pantry
5886043,pantry
5886065,pantry
5890732,pantry
5891214,pantry
5891225,pantry
5892498,pantry
5895893,pantry
5895907,pantry
5895930,pantry
5896229,pantry
5903255,pantry
5904994,pantry
5905013,pantry
5905670,pantry
5905760,pantry
5908576,pantry
5920924,pantry
5925087,pantry
5925112,pantry
5925123,pantry
5926057,pantry
5927796,pantry
5927956,pantry
5928369,pantry
5931782,pantry
5933744,pantry
5934022,pantry
5934033,pantry
5934361,pantry
5934394,pantry
5934689,pantry
5935014,pantry
5935149,pantry
5939638,pantry
5940386,pantry
5942246,pantry
5942268,pantry
5956444,pantry
5963814,pantry
5964599,pantry
5965081,pantry
5966062,pantry
5969300,pantry
5969322,pantry
5971131,pantry
5977171,pantry
5980766,pantry
5981543,pantry
5982943,pantry
5983040,pantry
5984520,pantry
5984870,pantry
5988586,pantry
5988699,pantry
5990012,pantry
5990522,pantry
5990577,pantry
5991015,pantry
5992652,pantry
5994046,pantry
5994079,pantry
5994080,pantry
5994170,pantry
5996256,pantry
5996303,pantry
5996314,pantry
5997317,pantry
5998852,pantry
6006247,pantry
6007997,pantry
6008796,pantry
6011735,pantry
6011940,pantry
6015930,pantry
6022425,pantry
6022516,pantry
6022924,pantry
6025489,pantry
6025525,pantry
6027101,pantry
6027123,pantry
6027134,pantry
6027622,pantry
6032906,pantry
6032961,pantry
6038390,pantry
6038538,pantry
6040460,pantry
6040493,pantry
6040507,pantry
6040584,pantry
6040642,pantry
6040970,pantry
6041113,pantry
6041124,pantry
6043287,pantry
6044009,pantry
6044097,pantry
6046638,pantry
6046730,pantry
6046740,pantry
6046853,pantry
6046864,pantry
6048815,pantry
6048826,pantry
6048848,pantry
6059243,pantry
6059356,pantry
6059709,pantry
6061041,pantry
6062474,pantry
6063820,pantry
6063841,pantry
6063863,pantry
6063896,pantry
6063900,pantry
6063943,pantry
6064017,pantry
6064028,pantry
6064108,pantry
6065596,pantry
6065698,pantry
6066136,pantry
6068721,pantry
6068980,pantry
6069134,pantry
6069178,pantry
6069837,pantry
6070326,pantry
6070520,pantry
6070701,pantry
6070712,pantry
6072332,pantry
6073018,pantry
6073460,pantry
6076672,pantry
6079397,pantry
6080170,pantry
6082030,pantry
6082427,pantry
6082824,pantry
6082835,pantry
6083168,pantry
6083645,pantry
6084499,pantry
6086520,pantry
6093015,pantry
6094255,pantry
6095906,pantry
6095939,pantry
6102648,pantry
6105646,pantry
6108531,pantry
6122532,pantry
6122543,pantry
6126238,pantry
6126249,pantry
6126250,pantry
6126464,pantry
6126475,pantry
6126486,pantry
6129350,pantry
6132570,pantry
6132580,pantry
6138612,pantry
6139513,pantry
6140181,pantry
6144025,pantry
6144036,pantry
6144047,pantry
6144160,pantry
6144193,pantry
6144750,pantry
6146927,pantry
6146949,pantry
6147089,pantry
6149313,pantry
6149335,pantry
6149743,pantry
6149845,pantry
6153580,pantry
6156068,pantry
6159215,pantry
6161454,pantry
6161534,pantry
6161545,pantry
6161567,pantry
6161578,pantry
6164805,pantry
6164849,pantry
6165003,pantry
6165127,pantry
6165772,pantry
6166560,pantry
6166571,pantry
6168602,pantry
6169627,pantry
6173715,pantry
6175594,pantry
6177035,pantry
6177181,pantry
6190099,pantry
6190204,pantry
6190215,pantry
6190259,pantry
6190260,pantry
6190281,pantry
6195897,pantry
6196620,pantry
6200046,pantry
6205946,pantry
6205980,pantry
6206010,pantry
6210163,pantry
6210174,pantry
6238990,pantry
6248304,pantry
6253712,pantry
6261426,pantry
6261663,pantry
6264388,pantry
6264446,pantry
6264515,pantry
6272036,pantry
6273390,pantry
6275806,pantry
6275952,pantry
6277776,pantry
6277801,pantry
6277812,pantry
6277834,pantry
6277856,pantry
6277878,pantry
6288116,pantry
6293943,pantry
6299495,pantry
6308712,pantry
6308723,pantry
6309409,pantry
6310907,pantry
6311116,pantry
6311127,pantry
6312877,pantry
6312888,pantry
6314180,pantry
6314205,pantry
6314216,pantry
6314227,pantry
6325700,pantry
6327149,pantry
6327310,pantry
6327320,pantry
6327397,pantry
6327488,pantry
6327513,pantry
6327579,pantry
6329494,pantry
6329687,pantry
6329698,pantry
6330788,pantry
6331113,pantry
6331496,pantry
6334905,pantry
6339738,pantry
6340351,pantry
6340395,pantry
6341660,pantry
6344920,pantry
6344942,pantry
6344953,pantry
6344964,pantry
6345050,pantry
6351325,pantry
6353080,pantry
6353116,pantry
6353138,pantry
6355246,pantry
6358255,pantry
6360370,pantry
6360428,pantry
6360439,pantry
6362922,pantry
6362933,pantry
6365308,pantry
6367450,pantry
6367471,pantry
6369740,pantry
6373226,pantry
6375593,pantry
6375607,pantry
6378161,pantry
6378616,pantry
6380083,pantry
6380120,pantry
6381530,pantry
6384164,pantry
6384969,pantry
6384980,pantry
6385860,pantry
6393868,pantry
6395229,pantry
6397596,pantry
6397610,pantry
6397632,pantry
6397654,pantry
6397665,pantry
6397676,pantry
6397687,pantry
6397712,pantry
6410617,pantry
6413590,pantry
6413681,pantry
6415064,pantry
6420927,pantry
6432019,pantry
6433306,pantry
6435786,pantry
6437475,pantry
6467498,pantry
6475587,pantry
6475598,pantry
6475601,pantry
6476375,pantry
6477549,pantry
6480918,pantry
6481058,pantry
6494628,pantry
6495391,pantry
6499610,pantry
6499745,pantry
6501075,pantry
6501188,pantry
6506589,pantry
6509780,pantry
6510746,pantry
6510757,pantry
6510815,pantry
6519387,pantry
6522938,pantry
6522950,pantry
6522993,pantry
6523227,pantry
6523238,pantry
6523249,pantry
6523250,pantry
6526123,pantry
6526134,pantry
6541105,pantry
6541284,pantry
6542560,pantry
6542673,pantry
6542822,pantry
6542902,pantry
6545365,pantry
6545387,pantry
6545762,pantry
6545773,pantry
6545784,pantry
6545966,pantry
6545977,pantry
6551186,pantry
6551211,pantry
6551313,pantry
6571900,pantry
6576449,pantry
6578820,pantry
6592762,pantry
6596231,pantry
6604500,pantry
6606878,pantry
6609468,pantry
6623141,pantry
6623185,pantry
6636165,pantry
6636460,pantry
6636482,pantry
6638070,pantry
6647401,pantry
6648700,pantry
6650585,pantry
6658510,pantry
6672023,pantry
6675189,pantry
6690772,pantry
6691050,pantry
6691072,pantry
6694194,pantry
6698479,pantry
6712387,pantry
6720818,pantry
6733092,pantry
6733693,pantry
6736589,pantry
6736590,pantry
6736603,pantry
6736771,pantry
6738835,pantry
6738846,pantry
6738879,pantry
6738880,pantry
6738915,pantry
6739408,pantry
6739419,pantry
6739441,pantry
6739510,pantry
6739532,pantry
6739554,pantry
6749354,pantry
6749445,pantry
6749536,pantry
6751403,pantry
6751447,pantry
6751469,pantry
6755131,pantry
6764697,pantry
6767254,pantry
6767470,pantry
6767709,pantry
6768745,pantry
6768960,pantry
6768971,pantry
6768982,pantry
6769920,pantry
6786099,pantry
6787819,pantry
6790416,pantry
6799793,pantry
6799829,pantry
6799942,pantry
6800779,pantry
6801035,pantry
6801057,pantry
6801068,pantry
6801080,pantry
6801115,pantry
6801749,pantry
6801782,pantry
6802071,pantry
6802800,pantry
6803020,pantry
6803096,pantry
6803642,pantry
6803799,pantry
6807009,pantry
6811221,pantry
6811254,pantry
6815812,pantry
6816666,pantry
6818989,pantry
6822217,pantry
6823151,pantry
6823322,pantry
6823344,pantry
6823377,pantry
6823413,pantry
6823683,pantry
6825102,pantry
6825918,pantry
6830463,pantry
6835015,pantry
6835558,pantry
6835809,pantry
6836197,pantry
6836889,pantry
6837509,pantry
6839526,pantry
6839639,pantry
6841222,pantry
6841561,pantry
6842837,pantry
6844876,pantry
6846066,pantry
6847138,pantry
6849199,pantry
6851099,pantry
6855985,pantry
6856070,pantry
6856092,pantry
6861445,pantry
6867190,pantry
6870366,pantry
6874345,pantry
6874957,pantry
6875009,pantry
6893441,pantry
6907954,pantry
6908403,pantry
6908527,pantry
6920090,pantry
6920307,pantry
6920442,pantry
6920566,pantry
6921434,pantry
6923677,pantry
6923940,pantry
6928681,pantry
6933783,pantry
6943153,pantry
6943164,pantry
6943186,pantry
6943721,pantry
6949091,pantry
6961870,pantry
6963693,pantry
6970611,pantry
6984106,pantry
6984503,pantry
6986350,pantry
6988355,pantry
6989187,pantry
6990878,pantry
6992421,pantry
6993650,pantry
6993708,pantry
6993720,pantry
6994132,pantry
6994187,pantry
6995383,pantry
6999894,pantry
7000188,pantry
7002037,pantry
7009637,pantry
7010807,pantry
7010895,pantry
7010920,pantry
7011800,pantry
7015334,pantry
7015470,pantry
7015480,pantry
7019222,pantry
7019233,pantry
7019313,pantry
7019324,pantry
7019335,pantry
7019380,pantry
7019437,pantry
7019517,pantry
7019583,pantry
7019619,pantry
7019620,pantry
7019630,pantry
7019652,pantry
7023580,pantry
7023605,pantry
7023660,pantry
7023729,pantry
7024175,pantry
7024197,pantry
7024856,pantry
7024878,pantry
7024889,pantry
7030826,pantry
7030859,pantry
7031851,pantry
7032628,pantry
7032843,pantry
7032854,pantry
7032887,pantry
7032901,pantry
7033799,pantry
7033802,pantry
7033880,pantry
7033937,pantry
7033948,pantry
7034011,pantry
7034033,pantry
7034099,pantry
7035874,pantry
7039773,pantry
7039784,pantry
7042370,pantry
7042869,pantry
7043624,pantry
7043985,pantry
7043996,pantry
7044026,pantry
7044059,pantry
7044060,pantry
7050324,pantry
7051735,pantry
7054482,pantry
7056921,pantry
7060248,pantry
7060317,pantry
7060893,pantry
7062108,pantry
7062185,pantry
7062265,pantry
7062436,pantry
7062550,pantry
7062560,pantry
7062811,pantry
7063676,pantry
7065773,pantry
7065944,pantry
7069843,pantry
7069854,pantry
7069876,pantry
7069887,pantry
7069956,pantry
7070037,pantry
7070070,pantry
7070092,pantry
7070332,pantry
7072804,pantry
7072917,pantry
7073035,pantry
7073181,pantry
7073240,pantry
7078877,pantry
7080019,pantry
7080030,pantry
7081055,pantry
7083200,pantry
7083221,pantry
7083243,pantry
7083254,pantry
7086558,pantry
7086580,pantry
7089851,pantry
7097667,pantry
7097703,pantry
7097725,pantry
7113978,pantry
7116965,pantry
7123086,pantry
7125638,pantry
7125660,pantry
7127429,pantry
7127440,pantry
7129118,pantry
7132928,pantry
7135020,pantry
7136736,pantry
7144530,pantry
7144632,pantry
7152062,pantry
7152073,pantry
7152084,pantry
7159108,pantry
7165858,pantry
7165971,pantry
7166090,pantry
7169713,pantry
7172161,pantry
7172241,pantry
7172558,pantry
7174655,pantry
7175556,pantry
7175975,pantry
7176005,pantry
7176038,pantry
7179444,pantry
7180829,pantry
7186122,pantry
7186530,pantry
7190797,pantry
7190913,pantry
7195247,pantry
7196750,pantry
7196760,pantry
7196829,pantry
7197720,pantry
7198416,pantry
7200020,pantry
7200030,pantry
7201984,pantry
7201995,pantry
7208994,pantry
7209691,pantry
7209862,pantry
7209975,pantry
7209986,pantry
7210001,pantry
7210045,pantry
7210089,pantry
7210103,pantry
7216686,pantry
7216697,pantry
7219265,pantry
7219276,pantry
7219298,pantry
7219301,pantry
7219390,pantry
7219403,pantry
7219414,pantry
7223830,pantry
7230042,pantry
7230224,pantry
7237926,pantry
7251723,pantry
7258278,pantry
7259703,pantry
7260000,pantry
7261670,pantry
7264816,pantry
7265171,pantry
7267847,pantry
7273420,pantry
7277239,pantry
7284904,pantry
7288122,pantry
7299242,pantry
7302744,pantry
7302777,pantry
7302802,pantry
7303190,pantry
7306177,pantry
7311916,pantry
7311982,pantry
7318744,pantry
7352902,pantry
7361470,pantry
7361481,pantry
7362575,pantry
7363512,pantry
7368571,pantry
7368582,pantry
7373720,pantry
7376853,pantry
7376864,pantry
7376944,pantry
7377302,pantry
7381220,pantry
7381230,pantry
7381241,pantry
7381490,pantry
7384206,pantry
7390388,pantry
7390413,pantry
7392565,pantry
7393433,pantry
7395337,pantry
7395392,pantry
7395450,pantry
7397638,pantry
7398277,pantry
7398663,pantry
7398674,pantry
7398798,pantry
7398845,pantry
7398856,pantry
7399065,pantry
7400700,pantry
7402920,pantry
7404813,pantry
7408359,pantry
7408392,pantry
7411615,pantry
7413417,pantry
7413440,pantry
7423217,pantry
7428130,pantry
7433083,pantry
7434010,pantry
7439341,pantry
7443597,pantry
7443600,pantry
7443611,pantry
7443644,pantry
7447350,pantry
7447372,pantry
7448604,pantry
7448615,pantry
7450504,pantry
7452099,pantry
7452179,pantry
7456216,pantry
7468496,pantry
7468500,pantry
7475899,pantry
7475913,pantry
7475957,pantry
7477613,pantry
7477668,pantry
7477941,pantry
7477952,pantry
7479324,pantry
7479335,pantry
7479357,pantry
7481440,pantry
7488100,pantry
7488653,pantry
7488948,pantry
7488960,pantry
7488970,pantry
7488981,pantry
7490167,pantry
7490178,pantry
7490189,pantry
7491590,pantry
7492333,pantry
7492399,pantry
7495772,pantry
7497450,pantry
7497461,pantry
7497483,pantry
7497814,pantry
7499660,pantry
7501332,pantry
7501343,pantry
7501354,pantry
7505162,pantry
7505173,pantry
7505300,pantry
7513309,pantry
7522966,pantry
7523018,pantry
7524203,pantry
7524214,pantry
7524860,pantry
7532777,pantry
7533816,pantry
7533962,pantry
7543208,pantry
7547592,pantry
7547606,pantry
7549361,pantry
7550655,pantry
7553020,pantry
7560965,pantry
7562155,pantry
7562381,pantry
7563395,pantry
7563409,pantry
7563420,pantry
7563442,pantry
7563453,pantry
7570029,pantry
7570710,pantry
7571270,pantry
7572986,pantry
7573050,pantry
7573130,pantry
7576808,pantry
7588319,pantry
7610214,pantry
7611046,pantry
7639293,pantry
7639464,pantry
7641160,pantry
7643111,pantry
7647305,pantry
7647327,pantry
7647688,pantry
7648341,pantry
7651539,pantry
7654887,pantry
7656656,pantry
7659600,pantry
7668961,pantry
7671718,pantry
7671729,pantry
7673917,pantry
7673939,pantry
7674104,pantry
7674181,pantry
7674192,pantry
7674206,pantry
7677372,pantry
7679334,pantry
7679356,pantry
7679414,pantry
7679469,pantry
7679491,pantry
7679538,pantry
7679550,pantry
7679571,pantry
7679630,pantry
7682044,pantry
7682055,pantry
7682124,pantry
7682135,pantry
7682350,pantry
7682383,pantry
7682408,pantry
7682420,pantry
7682430,pantry
7682521,pantry
7682838,pantry
7685097,pantry
7685246,pantry
7685348,pantry
7699615,pantry
7699670,pantry
7700474,pantry
7701240,pantry
7702403,pantry
7702414,pantry
7714297,pantry
7714592,pantry
7714606,pantry
7714617,pantry
7714628,pantry
7715019,pantry
7715868,pantry
7716441,pantry
7717036,pantry
7717331,pantry
7718618,pantry
7718990,pantry
7736450,pantry
7736460,pantry
7736653,pantry
7736664,pantry
7736675,pantry
7736890,pantry
7737940,pantry
7737962,pantry
7738808,pantry
7738819,pantry
7738820,pantry
7740515,pantry
7741507,pantry
7742124,pantry
7742146,pantry
7742157,pantry
7742328,pantry
7744094,pantry
7744935,pantry
7744946,pantry
7744957,pantry
7745010,pantry
7745122,pantry
7746034,pantry
7746056,pantry
7746704,pantry
7748889,pantry
7752060,pantry
7752194,pantry
7752707,pantry
7752718,pantry
7752751,pantry
7752810,pantry
7754510,pantry
7755159,pantry
7755160,pantry
7755170,pantry
7757096,pantry
7757100,pantry
7761821,pantry
7761854,pantry
7761898,pantry
7779805,pantry
7779816,pantry
7782130,pantry
7797385,pantry
7813233,pantry
7817642,pantry
7825470,pantry
7825491,pantry
7831246,pantry
7831348,pantry
7831370,pantry
7831450,pantry
7832384,pantry
7832544,pantry
7834131,pantry
7837606,pantry
7837617,pantry
7841738,pantry
7842220,pantry
7861087,pantry
7861327,pantry
7861520,pantry
7867946,pantry
7868440,pantry
7868483,pantry
7868520,pantry
7868530,pantry
7868541,pantry
7868552,pantry
7868596,pantry
7870180,pantry
7870226,pantry
7870248,pantry
7870259,pantry
7870328,pantry
7870339,pantry
7870554,pantry
7870598,pantry
7875536,pantry
7875660,pantry
7875897,pantry
7877586,pantry
7878534,pantry
7878590,pantry
7880730,pantry
7881131,pantry
7884606,pantry
7886168,pantry
7890370,pantry
7895566,pantry
7905105,pantry
7907235,pantry
7907246,pantry
7908023,pantry
7908034,pantry
7908227,pantry
7908522,pantry
7909060,pantry
7909285,pantry
7909842,pantry
7909900,pantry
7910896,pantry
7962481,pantry
7974323,pantry
7977128,pantry
7977434,pantry
7977467,pantry
7977489,pantry
7977784,pantry
7978120,pantry
7978186,pantry
7978200,pantry
7978211,pantry
7978233,pantry
7978787,pantry
7979236,pantry
7979746,pantry
7979815,pantry
7979950,pantry
7982445,pantry
7991016,pantry
7999470,pantry
7999481,pantry
8005347,pantry
8008232,pantry
8009202,pantry
8009246,pantry
8009290,pantry
8009337,pantry
8009450,pantry
8011408,pantry
8014053,pantry
8015169,pantry
8015420,pantry
8015486,pantry
8015635,pantry
8015657,pantry
8016274,pantry
8016503,pantry
8016729,pantry
8018939,pantry
8019421,pantry
8019432,pantry
8019443,pantry
8020599,pantry
8020635,pantry
8020952,pantry
8024137,pantry
8025640,pantry
8027044,pantry
8027055,pantry
8030617,pantry
8037809,pantry
8043380,pantry
8047846,pantry
8047915,pantry
8048033,pantry
8049207,pantry
8049750,pantry
8050829,pantry
8051118,pantry
8051184,pantry
8051661,pantry
8053452,pantry
8053838,pantry
8055640,pantry
8055673,pantry
8055800,pantry
8055822,pantry
8056202,pantry
8057282,pantry
8057330,pantry
8057340,pantry
8057373,pantry
8057442,pantry
8057511,pantry
8057657,pantry
8057668,pantry
8057679,pantry
8058208,pantry
8058569,pantry
8059517,pantry
8059539,pantry
8059608,pantry
8059630,pantry
8059652,pantry
8059743,pantry
8059754,pantry
8059776,pantry
8059787,pantry
8059798,pantry
8060367,pantry
8060378,pantry
8060469,pantry
8060470,pantry
8060480,pantry
8060505,pantry
8062577,pantry
8062588,pantry
8062599,pantry
8062602,pantry
8062635,pantry
8062690,pantry
8063514,pantry
8064958,pantry
8066920,pantry
8066953,pantry
8066964,pantry
8066986,pantry
8067016,pantry
8067027,pantry
8067038,pantry
8067049,pantry
8067071,pantry
8067130,pantry
8067184,pantry
8067242,pantry
8067264,pantry
8067311,pantry
8067366,pantry
8067399,pantry
8067435,pantry
8067446,pantry
8067457,pantry
8067480,pantry
8067490,pantry
8067537,pantry
8067548,pantry
8067560,pantry
8067570,pantry
8067581,pantry
8067606,pantry
8067650,pantry
8067661,pantry
8067694,pantry
8067785,pantry
8067967,pantry
8068835,pantry
8068846,pantry
8069340,pantry
8069383,pantry
8069394,pantry
8069408,pantry
8069420,pantry
8069441,pantry
8070190,pantry
8070666,pantry
8070677,pantry
8070688,pantry
8070699,pantry
8070917,pantry
8071068,pantry
8071079,pantry
8071250,pantry
8071272,pantry
8071294,pantry
8071319,pantry
8071320,pantry
8071341,pantry
8071374,pantry
8071421,pantry
8071749,pantry
8071750,pantry
8071782,pantry
8072490,pantry
8073358,pantry
8073369,pantry
8073370,pantry
8073380,pantry
8073391,pantry
8073438,pantry
8073449,pantry
8073518,pantry
8073551,pantry
8073573,pantry
8073610,pantry
8073653,pantry
8073675,pantry
8073904,pantry
8073937,pantry
8073960,pantry
8074000,pantry
8074022,pantry
8074033,pantry
8074044,pantry
8074066,pantry
8074088,pantry
8074102,pantry
8074135,pantry
8074204,pantry
8074226,pantry
8074259,pantry
8074306,pantry
8074328,pantry
8074408,pantry
8074441,pantry
8074463,pantry
8074496,pantry
8074521,pantry
8075852,pantry
8075874,pantry
8076378,pantry
8076640,pantry
8076673,pantry
8076731,pantry
8076775,pantry
8076877,pantry
8076888,pantry
8076946,pantry
8076990,pantry
8077009,pantry
8077010,pantry
8077020,pantry
8077439,pantry
8078169,pantry
8078395,pantry
8078475,pantry
8078486,pantry
8078497,pantry
8078500,pantry
8079795,pantry
8080230,pantry
8080240,pantry
8080251,pantry
8080626,pantry
8080670,pantry
8080681,pantry
8081786,pantry
8081797,pantry
8082020,pantry
8084183,pantry
8084230,pantry
8084263,pantry
8084285,pantry
8084300,pantry
8084310,pantry
8084321,pantry
8084343,pantry
8084365,pantry
8084423,pantry
8084456,pantry
8084467,pantry
8084591,pantry
8084605,pantry
8084649,pantry
8084660,pantry
8085233,pantry
8085255,pantry
8085266,pantry
8085288,pantry
8087647,pantry
8087670,pantry
8087680,pantry
8087691,pantry
8087760,pantry
8087851,pantry
8087873,pantry
8087884,pantry
8088628,pantry
8088661,pantry
8088672,pantry
8089289,pantry
8089358,pantry
8089416,pantry
8089584,pantry
8089664,pantry
8089755,pantry
8089802,pantry
8092115,pantry
8092148,pantry
8092192,pantry
8092217,pantry
8093377,pantry
8093399,pantry
8096251,pantry
8096262,pantry
8096273,pantry
8096295,pantry
8096309,pantry
8096331,pantry
8096364,pantry
8096466,pantry
8097040,pantry
8097061,pantry
8097593,pantry
8097710,pantry
8097720,pantry
8097800,pantry
8097811,pantry
8098155,pantry
8098224,pantry
8098632,pantry
8100042,pantry
8100348,pantry
8100417,pantry
8100600,pantry
8100621,pantry
8100632,pantry
8100654,pantry
8100665,pantry
8100687,pantry
8100950,pantry
8101180,pantry
8102354,pantry
8102401,pantry
8102456,pantry
8102547,pantry
8104280,pantry
8104473,pantry
8104564,pantry
8109229,pantry
8109273,pantry
8109284,pantry
8116053,pantry
8117238,pantry
8121643,pantry
8123660,pantry
8123820,pantry
8123966,pantry
8127832,pantry
8128201,pantry
8128223,pantry
8128303,pantry
8129022,pantry
8129099,pantry
8129146,pantry
8129157,pantry
8129179,pantry
8129237,pantry
8131374,pantry
8132526,pantry
8132560,pantry
8132570,pantry
8132672,pantry
8132774,pantry
8132785,pantry
8132796,pantry
8132800,pantry
8132843,pantry
8132854,pantry
8132898,pantry
8132912,pantry
8133234,pantry
8133267,pantry
8133303,pantry
8133347,pantry
8133369,pantry
8133370,pantry
8133438,pantry
8133482,pantry
8133540,pantry
8134055,pantry
8134587,pantry
8134598,pantry
8135331,pantry
8136130,pantry
8136684,pantry
8136720,pantry
8136833,pantry
8137836,pantry
8139172,pantry
8139591,pantry
8139729,pantry
8140579,pantry
8140580,pantry
8140590,pantry
8146178,pantry
8146214,pantry
8146429,pantry
8146451,pantry
8148027,pantry
8148286,pantry
8150787,pantry
8152443,pantry
8152534,pantry
8152545,pantry
8153038,pantry
8153050,pantry
8153082,pantry
8153107,pantry
8153130,pantry
8153173,pantry
8153253,pantry
8153264,pantry
8153286,pantry
8153297,pantry
8153300,pantry
8153322,pantry
8153333,pantry
8153344,pantry
8153377,pantry
8153435,pantry
8153490,pantry
8153559,pantry
8153606,pantry
8153639,pantry
8153661,pantry
8154369,pantry
8154380,pantry
8154482,pantry
8155394,pantry
8155656,pantry
8155690,pantry
8155827,pantry
8155849,pantry
8155850,pantry
8156036,pantry
8156047,pantry
8156150,pantry
8156783,pantry
8156808,pantry
8156819,pantry
8156820,pantry
8157582,pantry
8157935,pantry
8158202,pantry
8158825,pantry
8158993,pantry
8159045,pantry
8160215,pantry
8162630,pantry
8163392,pantry
8165208,pantry
8165220,pantry
8165853,pantry
8165900,pantry
8166040,pantry
8166346,pantry
8166460,pantry
8169774,pantry
8169923,pantry
8169934,pantry
8169945,pantry
8170059,pantry
8170194,pantry
8170220,pantry
8170230,pantry
8170252,pantry
8170263,pantry
8170274,pantry
8170296,pantry
8170300,pantry
8170310,pantry
8170332,pantry
8170376,pantry
8170387,pantry
8170398,pantry
8170445,pantry
8170570,pantry
8177604,pantry
8179687,pantry
8179698,pantry
8180100,pantry
8180198,pantry
8180846,pantry
8180948,pantry
8182207,pantry
8182229,pantry
8182295,pantry
8182320,pantry
8182353,pantry
8183695,pantry
8184858,pantry
8192492,pantry
8192787,pantry
8211473,pantry
8211586,pantry
8214777,pantry
8227928,pantry
8227972,pantry
8228669,pantry
8229231,pantry
8252109,pantry
8258535,pantry
8263310,pantry
8280895,pantry
8281413,pantry
8291144,pantry
8303312,pantry
8303549,pantry
8313724,pantry
8324254,pantry
8344739,pantry
8346632,pantry
8364420,pantry
8370400,pantry
8370681,pantry
8371232,pantry
8374762,pantry
8374784,pantry
8386262,pantry
8386273,pantry
8386284,pantry
8386295,pantry
8386309,pantry
8386310,pantry
8386331,pantry
8391444,pantry
8391546,pantry
8392913,pantry
8392935,pantry
8392946,pantry
8397098,pantry
8399399,pantry
8399650,pantry
8399661,pantry
8399672,pantry
8399785,pantry
8409379,pantry
8409380,pantry
8409460,pantry
8410607,pantry
8411676,pantry
8411698,pantry
8413773,pantry
8413795,pantry
8413809,pantry
8413810,pantry
8413820,pantry
8413842,pantry
8413933,pantry
8413944,pantry
8413955,pantry
8413966,pantry
8413977,pantry
8413988,pantry
8414007,pantry
8414539,pantry
8416239,pantry
8416240,pantry
8419292,pantry
8419496,pantry
8421476,pantry
8421487,pantry
8421556,pantry
8421614,pantry
8425422,pantry
8433442,pantry
8433464,pantry
8436735,pantry
8437115,pantry
8437523,pantry
8440233,pantry
8450951,pantry
8451025,pantry
8451058,pantry
8451240,pantry
8456958,pantry
8459027,pantry
8464413,pantry
8464515,pantry
8464560,pantry
8464592,pantry
8464606,pantry
8464628,pantry
8465788,pantry
8471339,pantry
8471340,pantry
8471383,pantry
8471408,pantry
8475883,pantry
8478509,pantry
8479771,pantry
8479851,pantry
8479884,pantry
8480249,pantry
8491085,pantry
8491212,pantry
8491653,pantry
8491755,pantry
8491857,pantry
8491915,pantry
8491948,pantry
8492044,pantry
8492066,pantry
8492237,pantry
8492678,pantry
8492758,pantry
8494301,pantry
8494505,pantry
8496249,pantry
8496985,pantry
8507877,pantry
8514952,pantry
8520671,pantry
8528651,pantry
8532284,pantry
8536875,pantry
8536886,pantry
8536897,pantry
8542608,pantry
8542620,pantry
8544057,pantry
8544320,pantry
8544330,pantry
8544341,pantry
8545800,pantry
8545810,pantry
8546642,pantry
8551937,pantry
8556442,pantry
8556613,pantry
8556635,pantry
8557693,pantry
8557730,pantry
8558164,pantry
8559360,pantry
8559382,pantry
8559666,pantry
8563721,pantry
8564510,pantry
8564699,pantry
8564848,pantry
8564940,pantry
8565002,pantry
8565396,pantry
8565647,pantry
8565895,pantry
8567176,pantry
8568860,pantry
8569105,pantry
8570341,pantry
8575582,pantry
8582395,pantry
8583139,pantry
8587672,pantry
8588336,pantry
8588664,pantry
8588686,pantry
8588700,pantry
8589077,pantry
8591013,pantry
8592264,pantry
8593165,pantry
8593289,pantry
8601300,pantry
8602120,pantry
8605027,pantry
8622004,pantry
8622503,pantry
8631708,pantry
8633770,pantry
8636494,pantry
8639925,pantry
8641268,pantry
8643300,pantry
8643365,pantry
8644175,pantry
8644415,pantry
8644437,pantry
8645010,pantry
8646421,pantry
8646476,pantry
8648019,pantry
8648290,pantry
8648573,pantry
8648609,pantry
8648664,pantry
8648675,pantry
8649077,pantry
8649690,pantry
8657235,pantry
8657392,pantry
8666939,pantry
8668071,pantry
8669609,pantry
8669631,pantry
8669642,pantry
8672603,pantry
8672625,pantry
8672636,pantry
8672647,pantry
8672680,pantry
8673366,pantry
8673446,pantry
8673526,pantry
8675000,pantry
8675044,pantry
8675055,pantry
8675066,pantry
8675260,pantry
8675270,pantry
8675281,pantry
8675328,pantry
8675339,pantry
8675340,pantry
8675361,pantry
8675372,pantry
8675667,pantry
8675678,pantry
8680033,pantry
8680088,pantry
8680102,pantry
8680124,pantry
8684679,pantry
8684690,pantry
8684850,pantry
8685274,pantry
8685682,pantry
8686572,pantry
8686878,pantry
8687214,pantry
8687407,pantry
8687553,pantry
8687677,pantry
8690219,pantry
8690354,pantry
8691550,pantry
8691594,pantry
8691608,pantry
8691619,pantry
8691630,pantry
8691652,pantry
8692247,pantry
8692316,pantry
8693625,pantry
8694093,pantry
8694107,pantry
8694118,pantry
8694275,pantry
8694300,pantry
8694377,pantry
8701042,pantry
8702635,pantry
8703004,pantry
8703048,pantry
8703059,pantry
8707617,pantry
8720150,pantry
8720171,pantry
8729530,pantry
8729551,pantry
8729562,pantry
8734482,pantry
8734744,pantry
8734799,pantry
8735791,pantry
8736105,pantry
8739056,pantry
8739067,pantry
8739089,pantry
8739090,pantry
8739114,pantry
8740882,pantry
8745310,pantry
8750605,pantry
8751583,pantry
8761601,pantry
8761805,pantry
8762218,pantry
8763855,pantry
8764290,pantry
8765974,pantry
8766220,pantry
8766751,pantry
8766810,pantry
8769090,pantry
8769421,pantry
8769443,pantry
8769625,pantry
8769749,pantry
8769931,pantry
8770158,pantry
8771693,pantry
8771795,pantry
8772335,pantry
8773509,pantry
8773597,pantry
8773600,pantry
8774319,pantry
8774352,pantry
8792376,pantry
8792842,pantry
8793776,pantry
8795716,pantry
8795760,pantry
8797573,pantry
8810751,pantry
8826875,pantry
8830566,pantry
8830657,pantry
8833305,pantry
8833382,pantry
8833430,pantry
8833531,pantry
8833542,pantry
8833655,pantry
8833666,pantry
8833677,pantry
8836256,pantry
8836267,pantry
8836278,pantry
8837306,pantry
8842270,pantry
8842281,pantry
8842292,pantry
8842317,pantry
8842339,pantry
8842340,pantry
8842383,pantry
8842394,pantry
8842420,pantry
8842474,pantry
8842485,pantry
8842496,pantry
8842510,pantry
8842532,pantry
8842554,pantry
8848867,pantry
8848889,pantry
8849054,pantry
8849338,pantry
8850122,pantry
8851078,pantry
8853710,pantry
8854101,pantry
8855443,pantry
8855476,pantry
8855498,pantry
8855512,pantry
8855567,pantry
8855589,pantry
8855614,pantry
8855691,pantry
8856435,pantry
8859568,pantry
8860090,pantry
8864976,pantry
8871359,pantry
8871417,pantry
8871439,pantry
8871472,pantry
8880269,pantry
8883223,pantry
8883234,pantry
8883289,pantry
8883347,pantry
8883380,pantry
8883391,pantry
8887042,pantry
8890138,pantry
8891356,pantry
8891367,pantry
8892155,pantry
8904662,pantry
8904673,pantry
8907220,pantry
8907252,pantry
8914407,pantry
8914462,pantry
8914531,pantry
8914600,pantry
8914611,pantry
8914633,pantry
8914655,pantry
8914666,pantry
8918099,pantry
8918372,pantry
8918510,pantry
8923587,pantry
8923929,pantry
8923995,pantry
8924965,pantry
8925800,pantry
8930039,pantry
8930323,pantry
8933682,pantry
8934652,pantry
8939827,pantry
8946210,pantry
8947858,pantry
8949128,pantry
8949139,pantry
8951356,pantry
8951367,pantry
8951630,pantry
8951924,pantry
8952326,pantry
8953282,pantry
8953690,pantry
8955266,pantry
8956236,pantry
8956586,pantry
8956983,pantry
8957501,pantry
8958515,pantry
8959948,pantry
8962090,pantry
8962115,pantry
8962126,pantry
8962137,pantry
8966229,pantry
8967050,pantry
8968949,pantry
8969384,pantry
8969588,pantry
8972607,pantry
8975423,pantry
8975570,pantry
8976481,pantry
8979537,pantry
8979548,pantry
8979581,pantry
8979752,pantry
8981630,pantry
8982826,pantry
8982837,pantry
8982859,pantry
8982881,pantry
8982961,pantry
8983046,pantry
8983341,pantry
8983523,pantry
8983556,pantry
8983590,pantry
8983625,pantry
8983636,pantry
8984210,pantry
8984220,pantry
8984231,pantry
8984253,pantry
8985063,pantry
8985074,pantry
8985540,pantry
8985788,pantry
8985880,pantry
8985960,pantry
8985970,pantry
8985981,pantry
8986088,pantry
8986113,pantry
8986124,pantry
8986135,pantry
8986146,pantry
8986576,pantry
8986634,pantry
8987150,pantry
8987230,pantry
8987375,pantry
8987386,pantry
8987477,pantry
8987808,pantry
8989847,pantry
8990019,pantry
8991260,pantry
8991408,pantry
8991419,pantry
8999487,pantry
8999498,pantry
8999590,pantry
8999603,pantry
9000440,pantry
9003267,pantry
9003314,pantry
9004565,pantry
9007406,pantry
9007847,pantry
9008271,pantry
9008282,pantry
9008293,pantry
9008307,pantry
9012836,pantry
9012858,pantry
9013023,pantry
9013770,pantry
9013920,pantry
9019030,pantry
9019132,pantry
9020700,pantry
9023694,pantry
9023708,pantry
9023741,pantry
9026105,pantry
9026400,pantry
9026499,pantry
9026681,pantry
9026740,pantry
9026761,pantry
9026783,pantry
9027899,pantry
9028698,pantry
9028993,pantry
9029012,pantry
9030215,pantry
9030576,pantry
9030598,pantry
9030951,pantry
9032651,pantry
9035026,pantry
9039038,pantry
9039049,pantry
9039082,pantry
9039151,pantry
9039162,pantry
9039344,pantry
9039355,pantry
9040263,pantry
9042327,pantry
9042338,pantry
9042349,pantry
9044719,pantry
9046703,pantry
9046736,pantry
9047987,pantry
9050063,pantry
9050074,pantry
9050085,pantry
9050096,pantry
9051441,pantry
9051612,pantry
9054927,pantry
9055340,pantry
9055602,pantry
9056070,pantry
9056128,pantry
9056208,pantry
9057346,pantry
9057620,pantry
9059181,pantry
9059250,pantry
9059760,pantry
9059782,pantry
9059964,pantry
9059986,pantry
9060001,pantry
9063280,pantry
9063350,pantry
9067940,pantry
9069356,pantry
9069367,pantry
9071201,pantry
9071212,pantry
9071391,pantry
9071450,pantry
9073535,pantry
9083120,pantry
9087960,pantry
9093215,pantry
9095833,pantry
9095844,pantry
9104490,pantry
9104504,pantry
9104865,pantry
9106496,pantry
9106576,pantry
9106587,pantry
9114905,pantry
9114949,pantry
9115001,pantry
9115045,pantry
9115056,pantry
9115125,pantry
9115216,pantry
9115340,pantry
9115420,pantry
9115453,pantry
9115522,pantry
9116853,pantry
9117255,pantry
9117288,pantry
9117299,pantry
9120635,pantry
9122641,pantry
9124079,pantry
9124341,pantry
9124658,pantry
9128182,pantry
9128251,pantry
9129560,pantry
9132168,pantry
9132419,pantry
9132441,pantry
9132485,pantry
9132510,pantry
9132532,pantry
9140188,pantry
9141260,pantry
9141282,pantry
9151344,pantry
9151424,pantry
9151559,pantry
9151606,pantry
9155684,pantry
9159200,pantry
9160232,pantry
9160243,pantry
9160946,pantry
9161122,pantry
9161585,pantry
9161687,pantry
9161698,pantry
9161790,pantry
9164153,pantry
9164197,pantry
9164288,pantry
9164313,pantry
9164426,pantry
9178850,pantry
9180375,pantry
9184897,pantry
9185175,pantry
9185186,pantry
9185200,pantry
9185324,pantry
9185346,pantry
9185357,pantry
9185619,pantry
9185620,pantry
9185630,pantry
9185652,pantry
9185663,pantry
9185674,pantry
9185947,pantry
9187217,pantry
9187272,pantry
9188606,pantry
9188810,pantry
9188854,pantry
9188923,pantry
9190856,pantry
9190991,pantry
9191327,pantry
9191430,pantry
9191440,pantry
9191462,pantry
9192319,pantry
9192614,pantry
9192647,pantry
9192669,pantry
9194020,pantry
9194802,pantry
9194846,pantry
9202172,pantry
9209229,pantry
9209230,pantry
9218536,pantry
9219696,pantry
9233675,pantry
9238566,pantry
9247578,pantry
9255044,pantry
9255055,pantry
9259974,pantry
9262298,pantry
9266062,pantry
9268716,pantry
9269093,pantry
9269854,pantry
9270558,pantry
9270605,pantry
9271062,pantry
9282965,pantry
9287459,pantry
9287550,pantry
9304478,pantry
9305277,pantry
9307352,pantry
9311087,pantry
9315394,pantry
9315747,pantry
9316400,pantry
9316422,pantry
9316433,pantry
9316488,pantry
9325354,pantry
9325467,pantry
9325570,pantry
9326583,pantry
9333498,pantry
9373073,pantry
9382245,pantry
9384240,pantry
9388650,pantry
9388660,pantry
9389517,pantry
9393015,pantry
9394426,pantry
9402262,pantry
9402284,pantry
9418761,pantry
9419265,pantry
9423808,pantry
9423885,pantry
9428947,pantry
9434520,pantry
9434531,pantry
9434622,pantry
9434644,pantry
9434666,pantry
9434677,pantry
9434688,pantry
9434699,pantry
9435068,pantry
9435079,pantry
9442020,pantry
9442391,pantry
9442620,pantry
9442631,pantry
9442880,pantry
9442937,pantry
9456374,pantry
9466630,pantry
9466640,pantry
9466709,pantry
9466800,pantry
9466888,pantry
9467009,pantry
9467010,pantry
9467199,pantry
9467268,pantry
9467337,pantry
9467359,pantry
9467938,pantry
9467949,pantry
9467982,pantry
9468012,pantry
9468023,pantry
9468045,pantry
9468125,pantry
9468136,pantry
9468147,pantry
9468169,pantry
9468191,pantry
9468624,pantry
9469955,pantry
9474999,pantry
9475040,pantry
9475073,pantry
9475186,pantry
9475845,pantry
9477432,pantry
9478865,pantry
9481713,pantry
9482115,pantry
9485099,pantry
9490656,pantry
9490725,pantry
9490791,pantry
9491138,pantry
9491251,pantry
9491273,pantry
9495081,pantry
9501876,pantry
9502562,pantry
9502675,pantry
9502992,pantry
9505152,pantry
9505163,pantry
9514561,pantry
9526425,pantry
9528952,pantry
9530557,pantry
9536677,pantry
9536702,pantry
9536779,pantry
9540288,pantry
9540299,pantry
9542080,pantry
9542909,pantry
9546648,pantry
9546659,pantry
9547571,pantry
9558658,pantry
9577540,pantry
9579760,pantry
9579895,pantry
9594367,pantry
9594549,pantry
9594618,pantry
9594935,pantry
9595042,pantry
9602953,pantry
9623884,pantry
9629348,pantry
9651019,pantry
9651030,pantry
9657300,pantry
9658379,pantry
9658583,pantry
9658663,pantry
9658754,pantry
9658776,pantry
9668066,pantry
9674036,pantry
9674218,pantry
9674229,pantry
9680312,pantry
9682373,pantry
9693915,pantry
9693948,pantry
9701489,pantry
9715177,pantry
9720268,pantry
9723958,pantry
9724815,pantry
9725090,pantry
9725308,pantry
9735946,pantry
9742533,pantry
9743547,pantry
9746818,pantry
9747107,pantry
9754805,pantry
9755579,pantry
9755739,pantry
9755750,pantry
9755976,pantry
9756028,pantry
9756108,pantry
9756119,pantry
9756120,pantry
9757235,pantry
9762199,pantry
9762723,pantry
9763205,pantry
9763227,pantry
9763919,pantry
9764988,pantry
9765299,pantry
9765404,pantry
9768016,pantry
9768151,pantry
9768195,pantry
9776182,pantry
9776230,pantry
9776251,pantry
9778360,pantry
9781499,pantry
9781580,pantry
9781863,pantry
9781896,pantry
9781987,pantry
9782006,pantry
9789300,pantry
9789639,pantry
9790263,pantry
9798695,pantry
9799359,pantry
9801268,pantry
9804379,pantry
9806851,pantry
9820943,pantry
9820998,pantry
9821017,pantry
9821040,pantry
9821061,pantry
9821287,pantry
9821298,pantry
9837710,pantry
9837731,pantry
9837742,pantry
9837753,pantry
9851903,pantry
9851914,pantry
9867700,pantry
9880322,pantry
9880344,pantry
9880413,pantry
9880457,pantry
9880504,pantry
9880887,pantry
9880923,pantry
9880978,pantry
9881744,pantry
9882587,pantry
9885010,pantry
9885949,pantry
9885982,pantry
9885993,pantry
9886318,pantry
9886410,pantry
9887015,pantry
9887037,pantry
9887059,pantry
9887321,pantry
9887387,pantry
9887423,pantry
9887456,pantry
9887514,pantry
9887558,pantry
9887569,pantry
9888732,pantry
9888765,pantry
9888801,pantry
9889848,pantry
9894713,pantry
9896060,pantry
9899488,pantry
9899750,pantry
9900816,pantry
9900850,pantry
9906903,pantry
9917896,pantry
9919905,pantry
9919949,pantry
9920176,pantry
9928338,pantry
9928848,pantry
9928859,pantry
9933178,pantry
9933189,pantry
9938604,pantry
9939630,pantry
9942500,pantry
9942827,pantry
9943808,pantry
9944196,pantry
9944618,pantry
9945111,pantry
9945643,pantry
9946293,pantry
9946646,pantry
9946657,pantry
9946668,pantry
9946679,pantry
9949495,pantry
9953878,pantry
9954349,pantry
9954371,pantry
9954407,pantry
9954462,pantry
9954484,pantry
9954509,pantry
9954510,pantry
9954531,pantry
9954564,pantry
9954633,pantry
9954666,pantry
9954677,pantry
9954699,pantry
9955137,pantry
9955454,pantry
9955476,pantry
9956763,pantry
9957595,pantry
9957609,pantry
9957610,pantry
9957642,pantry
9958044,pantry
9958113,pantry
9958146,pantry
9958237,pantry
9958372,pantry
9958500,pantry
9958791,pantry
9959557,pantry
9959580,pantry
9959590,pantry
9959670,pantry
9959681,pantry
9959761,pantry
9960228,pantry
9962290,pantry
9962303,pantry
9962314,pantry
9962325,pantry
9962336,pantry
9962347,pantry
9962358,pantry
9962370,pantry
9962380,pantry
9962697,pantry
9964273,pantry
9964284,pantry
9964568,pantry
9964615,pantry
9964637,pantry
9968707,pantry
9968718,pantry
9968751,pantry
9969641,pantry
9969652,pantry
9970742,pantry
9971010,pantry
9971723,pantry
9978460,pantry
9979500,pantry
9981079,pantry
9981352,pantry
9981396,pantry
9981400,pantry
9981410,pantry
9981421,pantry
9981432,pantry
9981465,pantry
9981545,pantry
9981578,pantry
9981614,pantry
9982184,pantry
9985342,pantry
9985364,pantry
9985386,pantry
9990524,pantry
9990546,pantry
9995266,pantry
9995277,pantry
9995288,pantry
9995299,pantry
9999835,pantry
107514,pet
255395,pet
255409,pet
283550,pet
400326,pet
1065012,pet
1070330,pet
1075741,pet
1075752,pet
1075763,pet
1075774,pet
1091067,pet
1091078,pet
1091089,pet
1091588,pet
1091599,pet
1091602,pet
1091613,pet
1091624,pet
1091635,pet
1091952,pet
1091996,pet
1092004,pet
1092015,pet
1092026,pet
1092037,pet
1092048,pet
1092059,pet
1092060,pet
1092070,pet
1096898,pet
1096901,pet
1096912,pet
1096934,pet
1096945,pet
1096967,pet
1097074,pet
1098532,pet
1153889,pet
1153925,pet
1153936,pet
1154098,pet
1154112,pet
1154597,pet
1154644,pet
1154655,pet
1154724,pet
1154735,pet
1154746,pet
1154757,pet
1154826,pet
1154837,pet
1154928,pet
1154961,pet
1154972,pet
1155421,pet
1155432,pet
1155498,pet
1155501,pet
1155589,pet
1155614,pet
1155625,pet
1155658,pet
1155705,pet
1155716,pet
1155750,pet
1155760,pet
1155771,pet
1155782,pet
1155807,pet
1156661,pet
1157438,pet
1158215,pet
1158237,pet
1158259,pet
1158260,pet
1158270,pet
1219284,pet
1219309,pet
1328439,pet
1328440,pet
1363906,pet
1466873,pet
1466884,pet
1466895,pet
1466909,pet
1492283,pet
1499114,pet
1502365,pet
1505567,pet
1506560,pet
1513179,pet
1589421,pet
1589476,pet
1594818,pet
1594830,pet
1594851,pet
1613978,pet
1613989,pet
1614019,pet
1614427,pet
1614438,pet
1614449,pet
1614450,pet
1614460,pet
1614493,pet
1614813,pet
1614824,pet
1614835,pet
1614857,pet
1614868,pet
1614937,pet
1614948,pet
1615011,pet
1615714,pet
1615769,pet
1615780,pet
1615816,pet
1615849,pet
1615850,pet
1615860,pet
1615907,pet
1615918,pet
1615995,pet
1616025,pet
1616036,pet
1616105,pet
1616171,pet
1616397,pet
1616411,pet
1616466,pet
1616477,pet
1616488,pet
1616535,pet
1646682,pet
1648939,pet
1649035,pet
1649046,pet
1649090,pet
1649115,pet
1649126,pet
1649148,pet
1649159,pet
1649160,pet
1649181,pet
1649192,pet
1711106,pet
1711128,pet
1714192,pet
1715027,pet
1719550,pet
1719571,pet
1719607,pet
1790113,pet
1790180,pet
1799480,pet
1799490,pet
1843130,pet
1843162,pet
1853778,pet
1853790,pet
1867896,pet
1869789,pet
1898288,pet
1898299,pet
1898437,pet
1905099,pet
1924796,pet
1982453,pet
2061480,pet
2278507,pet
2283165,pet
2283256,pet
2283450,pet
2288409,pet
2289004,pet
2426091,pet
2443545,pet
2443578,pet
2443589,pet
2443590,pet
2443614,pet
2459217,pet
2488463,pet
2488612,pet
2488623,pet
2528819,pet
2688190,pet
2688203,pet
2739950,pet
2739960,pet
2740868,pet
2740879,pet
2741452,pet
2741463,pet
2819710,pet
2820118,pet
2820311,pet
2821722,pet
2825133,pet
2839466,pet
2839524,pet
2839568,pet
2869810,pet
2904874,pet
2904896,pet
2904943,pet
2904976,pet
2904987,pet
2905061,pet
2905083,pet
2905108,pet
2912657,pet
2912679,pet
2912839,pet
2913489,pet
2913490,pet
2913514,pet
2916090,pet
2917504,pet
2940845,pet
2940878,pet
2941076,pet
2944096,pet
2951499,pet
2951524,pet
2951535,pet
2957350,pet
3014431,pet
3014442,pet
3014486,pet
3014497,pet
3015310,pet
3015751,pet
3015762,pet
3015875,pet
3089929,pet
3251186,pet
3251550,pet
3251561,pet
3313830,pet
3319596,pet
3319610,pet
3319621,pet
3320620,pet
3320631,pet
3320642,pet
3322874,pet
3376250,pet
3451196,pet
3452290,pet
3452654,pet
3452778,pet
3453395,pet
3453497,pet
3454263,pet
3454616,pet
3467120,pet
3536084,pet
3537098,pet
3566290,pet
3566314,pet
3566325,pet
3566405,pet
3566427,pet
3566438,pet
3585760,pet
3586184,pet
3586195,pet
3586231,pet
3588838,pet
3588849,pet
3589965,pet
3589976,pet
3590046,pet
3595298,pet
3595560,pet
3595571,pet
3595593,pet
3598955,pet
3616048,pet
3665349,pet
3699817,pet
3699828,pet
3699839,pet
3699872,pet
3700326,pet
3700337,pet
3702220,pet
3702310,pet
3702332,pet
3707733,pet
3707744,pet
3707755,pet
3707879,pet
3712609,pet
3712610,pet
3713805,pet
3713893,pet
3715935,pet
3715946,pet
3741210,pet
3741232,pet
3741505,pet
3742188,pet
3742199,pet
3742280,pet
3742654,pet
3742698,pet
3742701,pet
3742712,pet
3755816,pet
3755827,pet
3755838,pet
3762560,pet
3762571,pet
3765026,pet
3767065,pet
3767076,pet
3769242,pet
3769311,pet
3769344,pet
3769377,pet
3769402,pet
3775530,pet
3834049,pet
3863014,pet
3863069,pet
3863342,pet
3864480,pet
3867988,pet
3868007,pet
3868073,pet
3868095,pet
3870870,pet
3870880,pet
3870960,pet
3870971,pet
3870982,pet
3870993,pet
3871760,pet
3871839,pet
3871840,pet
3871908,pet
3871919,pet
3871930,pet
3871941,pet
3874939,pet
3875002,pet
3875137,pet
3875148,pet
3875465,pet
3875476,pet
3875807,pet
3885301,pet
3885312,pet
3885323,pet
3885334,pet
3885345,pet
3885356,pet
3885389,pet
3885403,pet
3885436,pet
3885447,pet
3885458,pet
3885469,pet
3885491,pet
3885516,pet
3885538,pet
3885549,pet
3885550,pet
3885560,pet
3885571,pet
3885582,pet
3885593,pet
3885607,pet
3885618,pet
3914727,pet
3916223,pet
3922882,pet
3922918,pet
3957413,pet
3957435,pet
3971163,pet
3971174,pet
3971185,pet
3971196,pet
3981509,pet
3981994,pet
3987017,pet
3987028,pet
3987039,pet
3993880,pet
3994602,pet
3994657,pet
3995650,pet
3996710,pet
3996798,pet
4190688,pet
4190881,pet
4190906,pet
4199718,pet
4201886,pet
4201955,pet
4201966,pet
4203622,pet
4203702,pet
4239437,pet
4239823,pet
4257982,pet
4362626,pet
4362717,pet
4362761,pet
4362943,pet
4362976,pet
4362998,pet
4363662,pet
4364519,pet
4366729,pet
4407280,pet
4467839,pet
4472920,pet
4473230,pet
4473241,pet
4491913,pet
4491924,pet
4491935,pet
4492213,pet
4492246,pet
4496098,pet
4503670,pet
4503681,pet
4504403,pet
4505836,pet
4505891,pet
4505916,pet
4506635,pet
4506668,pet
4506770,pet
4560754,pet
4560798,pet
4560845,pet
4743335,pet
4746978,pet
4763820,pet
4763922,pet
4780874,pet
4831931,pet
4835885,pet
4840615,pet
4864657,pet
4871255,pet
4926368,pet
4926380,pet
4926448,pet
4929355,pet
4929377,pet
4929388,pet
4930219,pet
4930220,pet
4930230,pet
4930401,pet
4930412,pet
4930423,pet
4930434,pet
4931346,pet
4935904,pet
4950330,pet
4986235,pet
4986246,pet
5016347,pet
5016369,pet
5023411,pet
5023433,pet
5023455,pet
5027376,pet
5027398,pet
5027401,pet
5027423,pet
5027434,pet
5027456,pet
5027569,pet
5027570,pet
5027580,pet
5067712,pet
5074128,pet
5074412,pet
5074434,pet
5074445,pet
5075277,pet
5075288,pet
5095081,pet
5095092,pet
5095580,pet
5097065,pet
5097087,pet
5102937,pet
5102959,pet
5102960,pet
5102970,pet
5111596,pet
5111632,pet
5126389,pet
5126390,pet
5126414,pet
5172466,pet
5172477,pet
5172557,pet
5172568,pet
5172580,pet
5172590,pet
5172604,pet
5172615,pet
5172626,pet
5172637,pet
5172659,pet
5186915,pet
5186937,pet
5188273,pet
5188310,pet
5188320,pet
5189323,pet
5190399,pet
5190424,pet
5190446,pet
5190457,pet
5194040,pet
5194050,pet
5234541,pet
5234552,pet
5321883,pet
5371349,pet
5391787,pet
5428672,pet
5486726,pet
5486748,pet
5486759,pet
5486760,pet
5486770,pet
5486781,pet
5486792,pet
5487026,pet
5487037,pet
5487060,pet
5487070,pet
5487092,pet
5487106,pet
5487354,pet
5487911,pet
5487922,pet
5487933,pet
5488313,pet
5589911,pet
5615352,pet
5615363,pet
5615374,pet
5615385,pet
5659267,pet
5691918,pet
5710604,pet
5820023,pet
5820602,pet
5825118,pet
5827022,pet
5843062,pet
5858140,pet
5858150,pet
5952079,pet
6004536,pet
6105500,pet
6108440,pet
6108509,pet
6109716,pet
6112798,pet
6112801,pet
6131307,pet
6132015,pet
6132059,pet
6132070,pet
6134940,pet
6135104,pet
6135115,pet
6136231,pet
6136253,pet
6136264,pet
6136286,pet
6136300,pet
6136311,pet
6136322,pet
6136640,pet
6164281,pet
6387162,pet
6387173,pet
6387184,pet
6387209,pet
6387388,pet
6417570,pet
6417660,pet
6429091,pet
6482403,pet
6482549,pet
6482550,pet
6482560,pet
6482571,pet
6482582,pet
6482630,pet
6482673,pet
6585279,pet
6585280,pet
6585348,pet
6651475,pet
6708710,pet
6719433,pet
6797630,pet
6797641,pet
6799997,pet
6804601,pet
6804656,pet
6804689,pet
6804907,pet
6820368,pet
6820390,pet
6820459,pet
6824278,pet
6826615,pet
6826626,pet
6826637,pet
6826659,pet
6829500,pet
6829920,pet
6829930,pet
6856060,pet
6856376,pet
6957227,pet
7007325,pet
7037042,pet
7037064,pet
7037097,pet
7037100,pet
7070682,pet
7136180,pet
7187555,pet
7217420,pet
7334853,pet
7334886,pet
7334897,pet
7335030,pet
7335288,pet
7335357,pet
7341269,pet
7410598,pet
7479696,pet
7479710,pet
7479743,pet
7479765,pet
7479787,pet
7530159,pet
7530997,pet
7531366,pet
7531399,pet
7531741,pet
7531887,pet
7532041,pet
7535390,pet
7537395,pet
7537475,pet
7537497,pet
7537511,pet
7537555,pet
7538208,pet
7538729,pet
7538730,pet
7538751,pet
7539368,pet
7563511,pet
7563555,pet
7563566,pet
7580930,pet
7581025,pet
7591696,pet
7591710,pet
7591754,pet
7591765,pet
7596940,pet
7596984,pet
7599279,pet
7599290,pet
7599315,pet
7599348,pet
7599461,pet
7599574,pet
7604856,pet
7608380,pet
7645060,pet
7645300,pet
7645310,pet
7646663,pet
7647010,pet
7648705,pet
7713942,pet
7713953,pet
7713964,pet
7713975,pet
7752398,pet
7752412,pet
7752580,pet
7752591,pet
7752605,pet
7752616,pet
7752627,pet
7752773,pet
7752784,pet
7752795,pet
7752820,pet
7752831,pet
7752842,pet
7752853,pet
7752875,pet
7752897,pet
7752900,pet
7752911,pet
7752955,pet
7753528,pet
7754178,pet
7765458,pet
7765480,pet
7765549,pet
7847723,pet
7848169,pet
7848180,pet
7852031,pet
7852111,pet
7875398,pet
7914489,pet
7976078,pet
7978721,pet
8005370,pet
8007455,pet
8007466,pet
8009031,pet
8009053,pet
8009064,pet
8009166,pet
8009177,pet
8009279,pet
8009280,pet
8009519,pet
8011022,pet
8011066,pet
8011190,pet
8011204,pet
8011248,pet
8011306,pet
8011317,pet
8011441,pet
8011452,pet
8011474,pet
8011485,pet
8011543,pet
8011554,pet
8011601,pet
8011656,pet
8011667,pet
8011689,pet
8011690,pet
8012150,pet
8012580,pet
8012590,pet
8012820,pet
8012830,pet
8013367,pet
8013378,pet
8013389,pet
8013390,pet
8013447,pet
8013469,pet
8029877,pet
8091123,pet
8091167,pet
8091338,pet
8093130,pet
8104101,pet
8149879,pet
8182615,pet
8440540,pet
8440550,pet
8440561,pet
8444438,pet
8444562,pet
8444664,pet
8444686,pet
8445576,pet
8445587,pet
8445598,pet
8445849,pet
8460434,pet
8461459,pet
8461460,pet
8461470,pet
8462360,pet
8462371,pet
8463716,pet
8474869,pet
8474870,pet
8474880,pet
8475500,pet
8475533,pet
8475577,pet
8475588,pet
8475624,pet
8554935,pet
8565840,pet
8567325,pet
8582103,pet
8595320,pet
8656720,pet
8811550,pet
8891618,pet
8918929,pet
8919150,pet
8932078,pet
8968166,pet
8968360,pet
8968530,pet
8968552,pet
8968585,pet
8982430,pet
8982735,pet
8997583,pet
8998043,pet
8998054,pet
9058270,pet
9058586,pet
9058859,pet
9074968,pet
9075224,pet
9075406,pet
9075461,pet
9077274,pet
9079881,pet
9080122,pet
9086548,pet
9086606,pet
9086640,pet
9092595,pet
9104967,pet
9104978,pet
9111157,pet
9111190,pet
9112397,pet
9112896,pet
9112900,pet
9112910,pet
9113254,pet
9114993,pet
9129141,pet
9129152,pet
9129163,pet
9129185,pet
9129196,pet
9129389,pet
9132260,pet
9132270,pet
9140202,pet
9140213,pet
9147620,pet
9149681,pet
9151912,pet
9151990,pet
9154659,pet
9154706,pet
9187487,pet
9205669,pet
9205670,pet
9205793,pet
9207960,pet
9208011,pet
9241312,pet
9270456,pet
9270570,pet
9270580,pet
9416835,pet
9416879,pet
9515688,pet
9581140,pet
9668237,pet
9672450,pet
9701730,pet
9701886,pet
9701966,pet